Device,SIM_prep
1B (2022),Single
1L Pro (2021),Single
1 (2021),Single
3L (2021),Single
1S (2021),Single
1L (2021),Single
1V (2021),Single
1SE (2020),Dual
3T10 2020,Nano-SIM
3X (2020),Dual
3L (2020),Dual
1S (2020),Dual
1V (2020),Dual
1B (2020),Dual
3v (2019),Nano-SIM
3x (2019),Single
1v (2019),Single
3T 8,Micro-SIM
1x (2019),Single
1c (2019),Single
1,Single
Tetra,Nano-SIM
7,Nano-SIM
5,Single
3v,Single
3x (2018),Single
3,Single
1x,Single
3c,Dual
Idol 5s,Nano-SIM
Idol 5,Nano-SIM
A7 XL,Single
Idol 5s (USA),Nano-SIM
Shine Lite,Single
Fierce 4,Nano-SIM
X1,Dual
Pixi 4 (5),Micro-SIM
Flash Plus 2,Dual
Pop 7 LTE,Micro-SIM
Idol 4s Windows,Nano-SIM
Idol 4s,Dual
Idol 4,Dual
Pixi 4 (6) 3G,Dual
Pop 3 (5.5),Single
Pop 3 (5),Single
Fierce XL,Micro-SIM
Flash 2,Dual
Flash Plus,Dual
Pop Astro,Micro-SIM
Idol 3 (5.5),Single
Idol 3 (4.7),Single
Pixi 3 (8) 3G,Micro-SIM
Pixi 3 (7) LTE,Micro-SIM
Pixi 3 (7) 3G,Micro-SIM
Pop 10,Micro-SIM
Pixi 3 (4.5),Single
Pixi 3 (4),Single
Pixi 3 (3.5) Firefox,Single
Pop D3,Micro-SIM
Pop D1,Mini-SIM
Pop Icon,Micro-SIM
Pop 2 (4.5) Dual SIM,Dual
Pop 2 (4.5),Micro-SIM
Fierce 2,Micro-SIM
Evolve 2,Micro-SIM
Pop 8S,Micro-SIM
Hero 8,Micro-SIM
Hero 2,Micro-SIM
Pixi 2,Single
Pop D5,Micro-SIM
Pop C2,Single
Pop 7S,Micro-SIM
Pop S9,Single
Pop S7,Micro-SIM
Pop S3,Micro-SIM
Fire E,Micro-SIM
Fire C,Micro-SIM
Idol 2 S,Micro-SIM
Idol 2,Single
Idol 2 Mini S,Micro-SIM
Idol 2 Mini,Single
Idol X+,Dual
Pop C9,"SIM,"
Pop 7,Micro-SIM
Fierce,Micro-SIM
Pop C7,Single
Pop C5,Single
Pop C3,Single
Pop C1,Single
Idol Alpha,Micro-SIM
Hero,Single
Idol S,Micro-SIM
Idol Mini,Dual
Idol X,Single
One Touch Scribe Easy,Single
One Touch Idol Ultra,Micro-SIM
One Touch Idol,Single
One Touch X'Pop,Mini-SIM
One Touch Scribe HD-LTE,Micro-SIM
One Touch Scribe HD,Micro-SIM
OT-997D,Dual
OT-997,Mini-SIM
Galaxy Xcover7,Dual
Galaxy Tab Active5,Dual
Galaxy A25,Single
Galaxy A15 5G,Single
Galaxy A15,Single
Galaxy Tab A9,eSIM
Galaxy Tab A9,"Nano-SIM,"
Galaxy S23 FE,Single
Galaxy Tab S9 FE+,eSIM
Galaxy Tab S9 FE+,"Nano-SIM,"
Galaxy Tab S9 FE,eSIM
Galaxy Tab S9 FE,"Nano-SIM,"
Galaxy A05s,Single
Galaxy A05,Single
Galaxy F34,Dual
Galaxy Tab S9 Ultra,eSIM
Galaxy Tab S9 Ultra,"Nano-SIM,"
Galaxy Tab S9+,eSIM
Galaxy Tab S9+,"Nano-SIM,"
Galaxy Tab S9,eSIM
Galaxy Tab S9,"Nano-SIM,"
Galaxy M34 5G,Dual
Galaxy F54,Dual
Galaxy A24 4G,Single
Galaxy F14,Dual
Galaxy M54,Dual
Galaxy A54,Single
Galaxy A34,Single
Galaxy M14,Single
Galaxy S23 Ultra,Dual
Galaxy S23+,Dual
Galaxy S23,Dual
Galaxy A14,Single
Galaxy A14 5G,Single
Galaxy F04,Dual
Galaxy M04,Single
Galaxy Tab A7 10.4 (2022),Nano-SIM
Galaxy A04e,Single
Galaxy Tab Active4 Pro,Single
Galaxy A04s,Dual
Galaxy A04,Single
Galaxy A23 5G,Single
Galaxy M13 5G,Dual
Galaxy M13 (India),Dual
Galaxy A13 (SM-A137),Single
Galaxy Xcover6 Pro,Single
Galaxy F13,Dual
Galaxy M13,Dual
Galaxy Tab S6 Lite (2022),Nano-SIM
Galaxy M53,Dual
Galaxy S20 FE 2022,Dual
Galaxy A73 5G,Single
Galaxy A53 5G,Single
Galaxy A33 5G,Single
Galaxy F23,Dual
Galaxy M33,Single
Galaxy M23,Single
Galaxy A23,Single
Galaxy A13,Single
Galaxy S22 Ultra 5G,Dual
Galaxy S22+ 5G,Dual
Galaxy S22 5G,Dual
Galaxy Tab S8 Ultra,Nano-SIM
Galaxy Tab S8+,Nano-SIM
Galaxy Tab S8,Nano-SIM
Galaxy S21 FE 5G,Single
Galaxy Tab A8 10.5 (2021),Nano-SIM
Galaxy A13 5G,Nano-SIM
Galaxy A03,Single
Galaxy A03 Core,Single
Galaxy F42 5G,Dual
Galaxy M52 5G,Dual
Galaxy M22,Dual
Galaxy M32 5G,Dual
Galaxy A03s,Dual
Galaxy A52s 5G,Single
Galaxy A12 (India),Single
Galaxy A12 Nacho,Single
Galaxy M21 2021,Dual
Galaxy F22,Dual
Galaxy M32,Single
Galaxy A22 5G,Single
Galaxy A22,Single
Galaxy Tab A7 Lite,Nano-SIM
Galaxy Tab S7 FE,Nano-SIM
Galaxy F52 5G,Dual
Galaxy M42 5G,Dual
Galaxy M12,Dual
Galaxy F12,Dual
Galaxy F02s,Dual
Galaxy A72,Single
Galaxy A52 5G,Single
Galaxy A52,Single
Galaxy Xcover 5,Single
Galaxy A32,Single
Galaxy F62,Dual
Galaxy M12 (India),Dual
Galaxy S21 Ultra 5G,Dual
Galaxy S21+ 5G,Dual
Galaxy S21 5G,Dual
Galaxy A32 5G,Single
Galaxy M02s,Single
Galaxy A12,Single
Galaxy M02,Single
Galaxy A02,Single
Galaxy A02s,Single
Galaxy M21s,Single
Galaxy M31 Prime,Dual
Galaxy F41,Dual
Galaxy Tab Active3,Nano-SIM
Galaxy S20 FE 5G,Single
Galaxy S20 FE,Single
Galaxy A42 5G,Single
Galaxy Tab A7 10.4 (2020),Nano-SIM
Galaxy M51,Dual
Galaxy A51 5G UW,Nano-SIM
Galaxy Note20 Ultra 5G,Dual
Galaxy Note20 Ultra,Dual
Galaxy Note20 5G,Dual
Galaxy Note20,Dual
Galaxy Tab S7+,Nano-SIM
Galaxy Tab S7,Nano-SIM
Galaxy M31s,Single
Galaxy M01s,Dual
Galaxy M01 Core,Single
Galaxy A01 Core,Single
Galaxy M01,Dual
Galaxy A21s,Single
Galaxy J2 Core (2020),Dual
Galaxy A Quantum,Nano-SIM
Galaxy A71 5G,Single
Galaxy A51 5G,Single
Galaxy A21,Single
Galaxy Tab A 8.4 (2020),Nano-SIM
Galaxy Tab S6 Lite,Nano-SIM
Galaxy M11,Dual
Galaxy A31,Single
Galaxy A41,Single
Galaxy M21,Single
Galaxy A11,Single
Galaxy M31,Dual
Galaxy S20 Ultra 5G,Dual
Galaxy S20 Ultra,Dual
Galaxy S20+ 5G,Dual
Galaxy S20+,Dual
Galaxy S20 5G UW,Nano-SIM
Galaxy S20 5G,Dual
Galaxy S20,Dual
Galaxy Tab S6 5G,Nano-SIM
Galaxy Xcover Pro,Single
Galaxy Note10 Lite,Single
Galaxy S10 Lite,Single
Galaxy A01,Single
Galaxy A71,Single
Galaxy A51,Single
Galaxy Xcover FieldPro,Single
Galaxy A70s,Single
Galaxy A20s,Single
Galaxy M30s,Dual
Galaxy M10s,Dual
Galaxy Tab Active Pro,Nano-SIM
Galaxy A90 5G,Single
Galaxy A30s,Single
Galaxy A50s,Single
Galaxy Note10+ 5G,Nano-SIM
Galaxy Note10+,Single
Galaxy Note10 5G,Nano-SIM
Galaxy Note10,Single
Galaxy A10s,Single
Galaxy A10e,Nano-SIM
Galaxy Tab S6,Nano-SIM
Galaxy Tab A 8.0 (2019),Nano-SIM
Galaxy Xcover 4s,Single
Galaxy A2 Core,Single
Galaxy S10 5G,Single
Galaxy S10+,Single
Galaxy S10,Single
Galaxy S10e,Single
Galaxy M40,Dual
Galaxy M30,Dual
Galaxy M20,Dual
Galaxy M10,Dual
Galaxy A80,Single
Galaxy A70,Single
Galaxy A60,Single
Galaxy A50,Single
Galaxy A40,Single
Galaxy A30,Single
Galaxy A20e,Single
Galaxy A20,Single
Galaxy A10,Single
Galaxy Tab S5e,Nano-SIM
Galaxy Tab A 10.1 (2019),Nano-SIM
Galaxy Tab A 8.0 (2018),Nano-SIM
Galaxy Tab S4 10.5,Nano-SIM
Galaxy Tab A 10.5,Nano-SIM
Galaxy A8s,Dual
Galaxy A6s,Dual
Galaxy A9 (2018),Dual
Galaxy A7 (2018),Single
Galaxy Note9,Single
Galaxy J6+,Single
Galaxy J4 Core,Dual
Galaxy J4+,Dual
Galaxy J2 Core,Dual
Galaxy On6,Dual
Galaxy J7 (2018),Nano-SIM
Galaxy J3 (2018),Nano-SIM
Galaxy A8 Star (A9 Star),Dual
Galaxy S Light Luxury,Dual
Galaxy J8,Dual
Galaxy J6,Dual
Galaxy J4,Dual
Galaxy A6 (2018),Single
Galaxy J7 Duo,Single
Galaxy J7 Prime 2,Single
Galaxy S9+,Single
Galaxy S9,Single
Galaxy J2 Pro (2018),Dual
Galaxy A8+ (2018),Single
Galaxy A8 (2018),Single
Galaxy J2 (2017),Dual
Galaxy Tab Active 2,Nano-SIM
Galaxy Tab A 8.0 (2017),Nano-SIM
Galaxy Note8,Single
Galaxy S8 Active,Nano-SIM
Galaxy J7 V,Nano-SIM
Galaxy Note FE,Single
Galaxy J7 Max,Dual
Galaxy J5 (2017),Single
Galaxy J3 (2017),Single
Galaxy Folder2,Dual
Z4,Single
Galaxy S8,Single
Galaxy S8+,Single
Galaxy C5 Pro,Dual
Galaxy Xcover 4,Micro-SIM
Galaxy Tab S3 9.7,Nano-SIM
Galaxy J1 mini prime,Single
Galaxy J3 Emerge,Nano-SIM
Galaxy C7 Pro,Dual
Galaxy A7 (2017),Single
Galaxy A5 (2017),Single
Galaxy A3 (2017),Single
Galaxy Grand Prime Plus,Dual
Galaxy J2 Prime,Single
Galaxy C9 Pro,Dual
Galaxy A8 (2016),Single
Galaxy On8,Dual
Galaxy On7 (2016),Dual
Galaxy J5 Prime,Dual
Galaxy J7 Prime,Single
Z2,Dual
Galaxy Note7 (USA),Nano-SIM
Galaxy Note7,Single
Galaxy On7 Pro,Dual
Galaxy On5 Pro,Dual
Galaxy J Max,Dual
Galaxy J2 Pro (2016),Dual
Galaxy J2 (2016),Dual
Galaxy Xcover 3 G389F,Micro-SIM
Galaxy S7 active,Nano-SIM
Galaxy J3 Pro,Dual
Galaxy C7,Dual
Galaxy C5,Dual
Galaxy A9 Pro (2016),Single
Galaxy J7 (2016),Single
Galaxy J5 (2016),Single
Galaxy Tab A 7.0 (2016),Micro-SIM
Galaxy S7,Single
Galaxy S7 edge,Single
Galaxy S7 edge (USA),Nano-SIM
Galaxy S7 (USA),Nano-SIM
Galaxy J1 Nxt,Dual
Galaxy Tab E 8.0,Nano-SIM
Galaxy J1 (2016),Single
Galaxy A9 (2016),Single
Galaxy A7 (2016),Single
Galaxy A5 (2016),Single
Galaxy A3 (2016),Single
Galaxy Express Prime,Micro-SIM
Galaxy J3 (2016),Single
Galaxy On7,Dual
Galaxy On5,Dual
Z3,Dual
Galaxy J1 Ace,Single
Galaxy Note5 (USA),Nano-SIM
Galaxy Note5,Nano-SIM
Galaxy Note5 Duos,Dual
Galaxy S6 edge+ (USA),Nano-SIM
Galaxy S6 edge+,Nano-SIM
Galaxy S6 edge+ Duos,Dual
Galaxy S5 Neo,Micro-SIM
Galaxy S4 mini I9195I,Micro-SIM
Galaxy Folder,Micro-SIM
Galaxy Tab S2 9.7,Nano-SIM
Galaxy Tab S2 8.0,Nano-SIM
Galaxy A8 Duos,Dual
Galaxy A8,Nano-SIM
Galaxy V Plus,Dual
Galaxy J7 Nxt,Dual
Galaxy J7,Single
Galaxy J5,Single
Galaxy Tab E 9.6,Micro-SIM
Galaxy S6 active,Nano-SIM
Galaxy Tab 3 V,Micro-SIM
Galaxy Tab A 9.7 & S Pen,Micro-SIM
Galaxy Tab A 9.7,Micro-SIM
Galaxy Tab A 8.0 & S Pen (2015),Micro-SIM
Galaxy Tab A 8.0 (2015),Micro-SIM
Galaxy Xcover 3,Micro-SIM
Galaxy S6 edge (USA),Nano-SIM
Galaxy S6 (USA),Nano-SIM
Galaxy S6 edge,Nano-SIM
Galaxy S6 Duos,Dual
Galaxy S6,Nano-SIM
Galaxy J1 4G,Single
Galaxy J2,Single
Galaxy J1,Single
Z1,Dual
Galaxy A7 Duos,Dual
Galaxy A7,Nano-SIM
Galaxy Grand Max,Micro-SIM
Galaxy E7,Single
Galaxy E5,Single
Galaxy Core Prime,Single
Galaxy A5 Duos,Dual
Galaxy A5,Nano-SIM
Galaxy A3 Duos,Dual
Galaxy A3,Nano-SIM
Galaxy S5 Plus,Micro-SIM
Galaxy Grand Prime Duos TV,Dual
Galaxy Grand Prime,Single
Galaxy Ace Style LTE G357,Micro-SIM
Galaxy Note Edge,Micro-SIM
Galaxy Note 4 Duos,Dual
Galaxy Note 4 (USA),Micro-SIM
Galaxy Note 4,Micro-SIM
Galaxy Tab Active LTE,Micro-SIM
Galaxy Mega 2,Micro-SIM
Galaxy S5 LTE-A G901F,Micro-SIM
Galaxy Alpha (S801),Nano-SIM
Galaxy Alpha,Nano-SIM
Galaxy S5 mini Duos,Dual
Galaxy Avant,Micro-SIM
Galaxy S Duos 3,Dual
Galaxy S5 mini,Micro-SIM
Galaxy Ace 4 LTE G313,Micro-SIM
Galaxy Ace 4,Micro-SIM
Galaxy Core II,Dual
Galaxy S5 Sport,Micro-SIM
Galaxy S5 LTE-A G906S,Micro-SIM
Galaxy Tab S 8.4 LTE,Micro-SIM
Galaxy Tab S 10.5 LTE,Micro-SIM
Galaxy Core Lite LTE,Micro-SIM
I9301I Galaxy S3 Neo,Micro-SIM
Galaxy W,Micro-SIM
Galaxy S5 Active,Micro-SIM
Galaxy Beam2,Micro-SIM
I9300I Galaxy S3 Neo,Dual
Galaxy Ace Style,Micro-SIM
Galaxy Tab 4 7.0 3G,Micro-SIM
Galaxy Tab 4 7.0 LTE,Micro-SIM
Galaxy Tab 4 8.0 3G,Micro-SIM
Galaxy Tab 4 8.0 LTE,Micro-SIM
Galaxy Tab 4 10.1 3G,Micro-SIM
Galaxy Tab 4 10.1 LTE,Micro-SIM
G3812B Galaxy S3 Slim,Micro-SIM
I8200 Galaxy S III mini VE,Mini-SIM
Galaxy S5 Duos,Dual
Galaxy S5 (octa-core),Micro-SIM
Galaxy S5 (USA),Micro-SIM
Galaxy S5,Micro-SIM
Galaxy Core LTE G386W,Micro-SIM
Galaxy Core LTE,Micro-SIM
Galaxy Note 3 Neo Duos,"SIM,"
Galaxy Tab 3 Lite 7.0 3G,Micro-SIM
Galaxy Grand Neo,Single
Galaxy Note Pro 12.2 LTE,Micro-SIM
Galaxy Note Pro 12.2 3G,Micro-SIM
Galaxy Tab Pro 12.2 LTE,Micro-SIM
Galaxy Tab Pro 12.2 3G,Micro-SIM
Galaxy Tab Pro 10.1 LTE,Micro-SIM
Galaxy Tab Pro 8.4 3G/LTE,Micro-SIM
Galaxy Core Advance,Mini-SIM
Galaxy S4 Active LTE-A,Micro-SIM
Galaxy J,Micro-SIM
Galaxy Win Pro G3812,Dual
Galaxy S Duos 2 S7582,Dual
Galaxy Grand 2,Single
Galaxy Express 2,Micro-SIM
I9506 Galaxy S4,Micro-SIM
Galaxy Light,Micro-SIM
Galaxy Round G910S,Micro-SIM
Galaxy Core Plus,Single
Galaxy Note 10.1 (2014),Micro-SIM
Galaxy Note 3,Micro-SIM
Galaxy S4 zoom,Micro-SIM
Galaxy Ace 3,Single
I9190 Galaxy S4 mini,Single
I9295 Galaxy S4 Active,Micro-SIM
Galaxy Tab 3 8.0,Micro-SIM
Galaxy Tab 3 10.1 P5220,Micro-SIM
Galaxy Tab 3 10.1 P5200,Micro-SIM
Galaxy Exhibit T599,Micro-SIM
Galaxy Core I8260,Single
Galaxy Tab 3 7.0,Micro-SIM
Galaxy Mega 6.3 I9200,Micro-SIM
Galaxy Mega 5.8 I9150,Single
Galaxy Trend II Duos S7572,Single
Galaxy Win I8550,Single
I9505 Galaxy S4,Micro-SIM
I9500 Galaxy S4,Micro-SIM
I9502 Galaxy S4,Dual
Galaxy S4 CDMA,Micro-SIM
Galaxy Note 8.0,Micro-SIM
Galaxy Express I8730,Micro-SIM
S7710 Galaxy Xcover 2,Mini-SIM
Ativ Odyssey I930,Micro-SIM
I9105 Galaxy S II Plus,Mini-SIM
Galaxy Grand I9082,Dual
Galaxy Grand I9080,Mini-SIM
Galaxy Note LTE 10.1 N8020,Micro-SIM
Galaxy Axiom R830,Mini-SIM
Galaxy Stratosphere II I415,Micro-SIM
Galaxy Pop SHV-E220,Mini-SIM
Galaxy Premier I9260,Mini-SIM
I8190 Galaxy S III mini,Mini-SIM
Galaxy Rugby Pro I547,Mini-SIM
Galaxy Express I437,Micro-SIM
I9305 Galaxy S III,Micro-SIM
Galaxy Victory 4G LTE L300,Mini-SIM
Galaxy S Relay 4G T699,Mini-SIM
Galaxy Note II N7100,Micro-SIM
Galaxy Note II CDMA,Micro-SIM
Ativ S I8750,Micro-SIM
Galaxy Camera GC100,Micro-SIM
Galaxy Tab 2 7.0 I705,Mini-SIM
Galaxy Note 10.1 N8000,Mini-SIM
Galaxy S III T999,Micro-SIM
Galaxy S III I747,Micro-SIM
Galaxy S III CDMA,Micro-SIM
I9300 Galaxy S III,Micro-SIM
I8530 Galaxy Beam,Mini-SIM
Galaxy Tab 2 10.1 P5100,Mini-SIM
Galaxy Ace 2 I8160,Mini-SIM
Galaxy Tab 2 7.0 P3100,Mini-SIM
I9070 Galaxy S Advance,Mini-SIM
Galaxy Nexus I9250M,Mini-SIM
Galaxy Tab 7.7 LTE I815,Mini-SIM
Galaxy Nexus LTE L700,Mini-SIM
Exhilarate i577,Mini-SIM
Galaxy Note I717,Mini-SIM
I929 Galaxy S II Duos,Dual
Galaxy Nexus i515,Mini-SIM
Galaxy Nexus I9250,Mini-SIM
I9100G Galaxy S II,Mini-SIM
i927 Captivate Glide,Mini-SIM
P6200 Galaxy Tab 7.0 Plus,Mini-SIM
Galaxy S II HD LTE,Micro-SIM
P6800 Galaxy Tab 7.7,Mini-SIM
Galaxy Note N7000,Mini-SIM
Galaxy S II I777,Mini-SIM
Galaxy S II T989,Mini-SIM
Galaxy S II Epic 4G Touch,Mini-SIM
Galaxy S II LTE I9210,Mini-SIM
Galaxy S II 4G I9100M,Mini-SIM
I9103 Galaxy R,Mini-SIM
P7500 Galaxy Tab 10.1 3G,Mini-SIM
Galaxy Tab 10.1 LTE I905,Mini-SIM
Galaxy Tab 8.9 P7300,Mini-SIM
I9100 Galaxy S II,Mini-SIM
P7100 Galaxy Tab 10.1v,Mini-SIM
C300,Mini-SIM
C210,Mini-SIM
C200,Mini-SIM
C110,Mini-SIM
X100,Mini-SIM
A800,Mini-SIM
Tab M11,Nano-SIM
Tab M10,Nano-SIM
Tab M9,Nano-SIM
Tab M8 (4th Gen),Nano-SIM
Tab P11 Gen 2,Nano-SIM
Tab P11 Pro Gen 2,Nano-SIM
Tab M10 Gen 3,Nano-SIM
Legion Y70,Dual
Tab M10 Plus (3rd Gen),Nano-SIM
Legion Y700,Nano-SIM
K14 Plus,Single
Tab K10,Nano-SIM
Tab P12 Pro,Nano-SIM
Tab P11 5G,Nano-SIM
K13,Dual
Tab P11 Plus,Nano-SIM
Tab M7 (3rd Gen),Nano-SIM
K13 Note,Dual
K12 (China),Dual
A8 2020,Triple
Tab P11 Pro,Nano-SIM
Tab P11,Nano-SIM
Tab M10 HD Gen 2,Nano-SIM
Legion Duel,Dual
M10 Plus,Nano-SIM
K10 Note,Dual
A6 Note,Dual
Tab M8 (FHD),Nano-SIM
Tab M8 (HD),Nano-SIM
Tab M7,Nano-SIM
Z6,Dual
Z6 Pro 5G,Dual
Z6 Youth,Dual
Z6 Pro,Dual
K6 Enjoy,Dual
Tab V7,Dual
S5 Pro GT,Dual
Z5s,Dual
Z5 Pro GT,Dual
Z5 Pro,Dual
S5 Pro,Dual
K5 Pro,Dual
K9,Dual
Z5,Dual
K5 Note (2018),Dual
A5,Dual
K5 play,Dual
K5,Dual
S5,Dual
K320t,Dual
moto tab,Nano-SIM
Tab 7 Essential,Nano-SIM
K8 Plus,Dual
K8,Dual
Tab 4 10 Plus,Nano-SIM
Tab 4 10,Nano-SIM
Tab 4 8 Plus,Single
Tab 4 8,Dual
Tab3 8 Plus,Micro-SIM
ZUK Edge,Dual
A6600 Plus,Dual
A6600,Dual
B,Single
A Plus,Dual
P2,Single
K6 Note,Single
K6 Power,Single
K6,Single
Vibe A,Dual
C2,Dual
Phab2 Plus,Dual
Phab2,Dual
Phab2 Pro,Dual
Vibe C,Dual
ZUK Z2 Pro,Dual
Tab3 10,Micro-SIM
Tab3 8,Micro-SIM
Tab3 7,Micro-SIM
Vibe K5 Plus,Dual
Vibe K5,Dual
A7000 Turbo,Dual
Vibe P1 Turbo,Dual
K5 Note,Dual
Lemon 3,Dual
Vibe S1 Lite,Dual
Vibe K4 Note,Dual
A3690,Dual
Yoga Tab 3 Pro,Micro-SIM
A1000,Dual
Phab,Dual
Phab Plus,Dual
Vibe P1,Dual
A6010 Plus,Dual
A6010,Single
Vibe P1m,Dual
Vibe S1,Dual
A2010,Dual
A3900,Dual
S60,Dual
A6000 Plus,Dual
A1900,Dual
K3 Note,Dual
Vibe Shot,Dual
A7000 Plus,Dual
A7000,Dual
A5000,Dual
Tab 2 A10-70,Micro-SIM
Tab 2 A8-50,Dual
P70,Dual
Tab 2 A7-30,Mini-SIM
A6000,Dual
P90,Micro-SIM
Vibe X2 Pro,Dual
K3,Dual
Golden Warrior Note 8,Dual
A916,Dual
A319,Dual
S856,Dual
S580,Dual
S90 Sisley,Dual
A606,Mini-SIM
Yoga Tablet 2 10.1,Micro-SIM
Yoga Tablet 2 8.0 ,Micro-SIM
Tab S8,Micro-SIM
Vibe X2,Single
Vibe Z2,Dual
A850+,Dual
Vibe Z2 Pro,Dual
Golden Warrior A8,Mini-SIM
Golden Warrior S8,Dual
S939,Dual
S750,Dual
A889,Dual
A680,Dual
A316i,Dual
A536,Dual
A10-70 A7600,Micro-SIM
A8-50 A5500,Micro-SIM
A7-50 A3500,Micro-SIM
A7-30 A3300,Micro-SIM
Yoga Tablet 10 HD+,Micro-SIM
S860,Dual
S850,Dual
S660,Dual
A880,Dual
A859,Dual
S930,Dual
S650,Dual
Vibe Z K910,Micro-SIM
Yoga Tablet 10,Micro-SIM
Yoga Tablet 8,Micro-SIM
A630,Dual
A516,Dual
Vibe X S960,Micro-SIM
S5000,Micro-SIM
A850,Dual
P780,Dual
S820,Dual
A390,Dual
A369i,Dual
S920,Dual
IdeaTab A3000,Single
K900,Micro-SIM
S890,Dual
A800,Dual
A789,Dual
S720,Dual
P770,Dual
A660,Mini-SIM
K860,Mini-SIM
P700i,Dual
nubia Z60 Ultra,Dual
nubia Red Magic 9 Pro+,Dual
nubia Red Magic 9 Pro,Dual
Blade V50 Design 4G,Dual
Blade V50 Vita,Dual
Blade V50,Dual
Blade A54,Dual
Blade A73,Dual
Blade A73 5G,Dual
nubia Neo,Dual
nubia Z50S Pro,Dual
nubia Red Magic Tablet,Nano-SIM
nubia Red Magic 8S Pro+,Dual
nubia Red Magic 8S Pro,Dual
Blade A72s,Dual
Axon Pad,Nano-SIM
nubia Z50 Ultra,Dual
Blade V40 Design,Dual
nubia Red Magic 8 Pro+,Dual
nubia Red Magic 8 Pro,Dual
nubia Z50,Dual
Voyage 40 Pro+,Dual
Axon 40 Ultra Space Edition,Dual
Axon 40 SE,Dual
Blade V40s,Dual
nubia Z40S Pro,Dual
nubia Red Magic 7S Pro,Dual
nubia Red Magic 7S,Dual
Blade V40 Pro,Dual
Blade A72 5G,Dual
Blade A72,Dual
Blade A52,Dual
Axon 40 Pro,Dual
Axon 40 Ultra,Dual
nubia Z40 Pro,Dual
Blade V40 Vita,Dual
nubia Red Magic 7 Pro,Dual
nubia Red Magic 7,Dual
Blade A3 Plus,Nano-SIM
Blade A7P,Nano-SIM
Voyage 20 Pro,Dual
Blade A71,Dual
Blade A31 Lite,Dual
Blade L9,Dual
nubia Red Magic 6s Pro,Dual
nubia Red Magic 6s,Dual
Blade V30,Dual
nubia Red Magic 6R,Dual
nubia Z30 Pro,Dual
Blade 11 Prime,Dual
Axon 30 Ultra 5G,Dual
Axon 30 Pro 5G,Dual
S30 Pro,Dual
S30,Dual
S30 SE,Dual
nubia Red Magic 6 Pro,Dual
nubia Red Magic 6,Dual
Blade X1 5G,Nano-SIM
Blade 20 Pro 5G,Dual
Blade V2020 5G,Dual
Blade A7s 2020,Dual
Blade 20 5G,Dual
Blade A3Y,Dual
Blade A5 2020,Dual
Quest 5,Nano-SIM
Gabb Z2,Nano-SIM
nubia Red Magic 5S,Dual
nubia Red Magic 5G Lite,Dual
Axon 11 SE 5G,Dual
Blade A3 Joy,Nano-SIM
Blade A3 Prime,Nano-SIM
nubia Play,Dual
Axon 11 4G,Dual
Axon 11 5G,Dual
nubia Red Magic 5G,Dual
Cymbal 2,Nano-SIM
Blade A7 Prime,Dual
Blade 10 Prime,Dual
Blade 20,Dual
nubia Red Magic 3s,Dual
nubia Z20,Dual
Blade A5 (2019),Dual
Blade A3 (2019),Dual
Blade L8,Dual
nubia Red Magic 3,Dual
Axon 10 Pro 5G,Dual
Axon 10 Pro,Dual
nubia Red Magic Mars,Dual
nubia X,Dual
nubia Z18,Dual
nubia Red Magic,Dual
Blade A7 Vita,Dual
Blade A7,Dual
nubia Z18 mini,Dual
nubia V18,Dual
nubia N3,Dual
Blade V9 Vita,Dual
Blade V9,Dual
Blade A3,Dual
Blade A6,Dual
Maven 2,Micro-SIM
Blade X,Nano-SIM
Axon M,Nano-SIM
nubia Z17s,Dual
nubia Z17 miniS,Dual
nubia Z17 lite,Dual
Blade Z Max,Nano-SIM
Blade Force,Nano-SIM
Tempo X,Nano-SIM
Blade A601,Dual
Grand X View 2,Micro-SIM
Blade V7 Plus,Dual
nubia N2,Dual
nubia M2,Dual
nubia M2 lite,Dual
nubia Z17,Dual
Axon 7s,Dual
Max XL,Nano-SIM
nubia Z17 mini,Dual
Blade A520,Dual
nubia N1 lite,Dual
Blade V8 Mini,Dual
Blade V8 Lite,Dual
Blade A2 Plus,Dual
Blade V8 Pro,Dual
Blade V8,Dual
Axon 7 Max,Dual
Grand X4,Nano-SIM
nubia Z11 mini S,Dual
Axon 7 mini,Dual
Warp 7,Nano-SIM
nubia N1,Dual
nubia Z11 Max,Dual
Axon 7,Dual
nubia Z11,Dual
Blade L110 (A110),Micro-SIM
nubia Z11 mini,Dual
Blade L5 Plus,Dual
Blade V Plus,Dual
Blade A512,Dual
Blade V7,Dual
Blade A910,Dual
Blade A2,Dual
Blade V7 Lite,Dual
nubia Prague S,Dual
Grand X 3,Micro-SIM
Avid Plus,Nano-SIM
Blade X9,Dual
Axon,Micro-SIM
Blade S7,Dual
Axon mini,Dual
Zmax 2,Micro-SIM
nubia My Prague,Dual
Axon Lux,Dual
Boost Max+,Micro-SIM
Blade D6,Dual
Axon Pro,Nano-SIM
Blade A410,Micro-SIM
Obsidian,Micro-SIM
Grand X2,Micro-SIM
Blade Apex 3,Micro-SIM
Maven,Micro-SIM
Blade Qlux 4G,Dual
nubia Z9,Dual
Blade S6 Plus,Dual
nubia Z9 Max,Dual
nubia Z9 mini,Dual
Blade L3 Plus,Dual
Blade G Lux,Dual
Blade G,Dual
V5 Lux,Dual
Blade S6,Dual
Star 2,Micro-SIM
Grand S II,Micro-SIM
Zmax,Micro-SIM
Kis 3 Max,Micro-SIM
nubia Z5S mini NX405H,Micro-SIM
nubia Z7 Max,Dual
nubia Z7 mini,Dual
Blade L2,Single
Blade G2,Dual
Star 1,Mini-SIM
nubia X6,Dual
Open C,Micro-SIM
Grand S II S291,Micro-SIM
nubia Z5S mini NX403A,Micro-SIM
Blade G V880G,Mini-SIM
Grand X Pro,Single
Grand X Quad V987,Dual
Grand S,Mini-SIM
Avid 4G,Mini-SIM
Grand Era U895,Mini-SIM
Grand X LTE T82,Mini-SIM
Grand X V970,Dual
Optik,Mini-SIM
Memo,Mini-SIM
C210,Nano-SIM
G310,Nano-SIM
G42,Single
C300,Single
C110,Single
XR21,Single
C12 Pro,Dual
C32,Single
C22,Single
G22,Single
C12,Dual
X30,Dual
G100,Nano-SIM
G60,Dual
C31,Dual
T21,Nano-SIM
G400,Nano-SIM
T10,Nano-SIM
G11 Plus,Single
C200,Nano-SIM
C21 Plus,Single
C21,Single
C2 2nd Edition,Single
G11,Single
G21,Single
X100,Nano-SIM
G300,Nano-SIM
T20,Nano-SIM
G50,Single
XR20,Single
C30,Dual
C1 2nd Edition,Dual
C20 Plus,Single
C01 Plus,Dual
X20,Single
X10,Single
G20,Single
C20,Single
C10,Dual
1.4,Single
5.4,Single
C1 Plus,Single
8000 4G,Single
6300 4G,Single
8 V 5G UW,Nano-SIM
2 V Tella,Nano-SIM
3.4,Single
2.4,Dual
C3,Dual
C5 Endi,Nano-SIM
C2 Tennen,Nano-SIM
C2 Tava,Nano-SIM
8.3 5G,Single
5.3,Single
1.3,Single
C2,Single
C1,Dual
7.2,Single
6.2,Single
800 Tough,Single
X71,Dual
9 PureView,Single
4.2,Dual
3 V,Nano-SIM
3.2,Dual
1 Plus,Dual
8.1 (Nokia X7),Dual
3.1 Plus,Dual
7.1,Single
6.1 Plus (Nokia X6),Dual
5.1 Plus (Nokia X5),Dual
5.1,Dual
3.1,Dual
2.1,Dual
8110 4G,Single
8 Sirocco,Single
7 plus,Dual
6.1,Dual
1,Dual
2,Single
7,Dual
8,Single
3,Single
5,Single
6,Dual
Lumia 638,Micro-SIM
Lumia 730 Dual SIM,Dual
Lumia 735,Nano-SIM
Lumia 830,Nano-SIM
Lumia 530 Dual SIM,Dual
Lumia 530,Micro-SIM
X2 Dual SIM,Dual
Lumia 930,Nano-SIM
Lumia 635,Micro-SIM
Lumia 630 Dual SIM,Dual
Lumia 630,Micro-SIM
XL,Single
X+,Single
X,Single
Lumia Icon,Nano-SIM
Lumia 525,Micro-SIM
Lumia 1520,Nano-SIM
Lumia 1320,Micro-SIM
Lumia 2520,Micro-SIM
Lumia 625,Micro-SIM
Lumia 1020,Micro-SIM
Lumia 925,Micro-SIM
Lumia 928,Micro-SIM
Lumia 720,Micro-SIM
Lumia 520,Micro-SIM
Lumia 822,Micro-SIM
Lumia 810,Micro-SIM
Lumia 920,Micro-SIM
C7,Mini-SIM
C6,Mini-SIM
C5,Mini-SIM
G,Single
Xperia 5 V,Dual
Xperia 1 V,Dual
Xperia 10 V,Dual
Xperia 5 IV,Dual
Xperia 1 IV,Dual
Xperia 10 IV,Nano-SIM
Xperia 10 IV,eSIM
Xperia Pro-I,Dual
Xperia 10 III Lite,Nano-SIM
Xperia 10 III Lite,eSIM
Xperia 1 III,Dual
Xperia 5 III,Single
Xperia 10 III,Single
Xperia Pro,Dual
Xperia 5 II,Single
Xperia 1 II,Dual
Xperia 10 II,Single
Xperia L4,Single
Xperia 5,Single
Xperia 1,Single
Xperia 10 Plus,Single
Xperia 10,Single
Xperia L3,Single
Xperia XA2 Plus,Single
Xperia XZ3,Single
Xperia XZ2 Premium,Single
Xperia XZ2,Single
Xperia XZ2 Compact,Single
Xperia XA2 Ultra,Single
Xperia XA2,Single
Xperia L2,Single
Xperia XZ1,Single
Xperia XA1 Plus,Single
Xperia XZ1 Compact,Nano-SIM
Xperia L1,Single
Xperia XZs,Single
Xperia XZ Premium,Single
Xperia XA1 Ultra,Single
Xperia XA1,Single
Xperia XZ,Single
Xperia E5,Single
Xperia XA Ultra,Single
Xperia X Performance,Single
Xperia XA Dual,Dual
Xperia XA,Nano-SIM
Xperia Z5 Premium Dual,Dual
Xperia Z5 Premium,Nano-SIM
Xperia Z5 Dual,Dual
Xperia Z5,Nano-SIM
Xperia Z5 Compact,Nano-SIM
Xperia M5 Dual,Dual
Xperia M5,Nano-SIM
Xperia C5 Ultra Dual,Dual
Xperia C5 Ultra,Nano-SIM
Xperia Z3+ dual,Dual
Xperia Z3+,Nano-SIM
Xperia C4 Dual,Dual
Xperia C4,Nano-SIM
Xperia M4 Aqua Dual,Dual
Xperia M4 Aqua,Nano-SIM
Xperia Z4 Tablet LTE,Nano-SIM
Xperia E4g,Micro-SIM
Xperia E4g Dual,Dual
Xperia E4 Dual,Dual
Xperia E4,Micro-SIM
Xperia E3 Dual,Dual
Xperia E3,Micro-SIM
Xperia Z3 Tablet Compact,Nano-SIM
Xperia Z3 Dual,Dual
Xperia Z3v,Nano-SIM
Xperia Z3,Nano-SIM
Xperia M2 Aqua,Micro-SIM
Xperia Z3 Compact,Nano-SIM
Xperia C3 Dual,Dual
Xperia C3,Micro-SIM
Xperia Z2a,Micro-SIM
Xperia M2,Micro-SIM
Xperia M2 dual,Dual
Xperia Z2 Tablet LTE,Micro-SIM
Xperia Z2,Micro-SIM
Xperia E1 dual,Dual
Xperia E1,Mini-SIM
Xperia Z1s,Micro-SIM
Xperia Z1 Compact,Micro-SIM
Xperia Z1,Micro-SIM
Xperia Z Ultra,Micro-SIM
Xperia C,Dual
Xperia M,Single
Xperia ZR,Micro-SIM
Xperia L,Mini-SIM
Xperia SP,Micro-SIM
Xperia Tablet Z LTE,Micro-SIM
Xperia Z,Micro-SIM
Xperia ZL,Micro-SIM
Xperia T LTE,Micro-SIM
Xperia Tablet S 3G,Mini-SIM
Xperia V,Micro-SIM
Xperia TX,Micro-SIM
Xperia T,Micro-SIM
Xperia SL,Micro-SIM
Xperia go,Mini-SIM
Xperia acro S,Mini-SIM
Xperia SX SO-05D,Micro-SIM
Xperia GX SO-04D,Micro-SIM
Xperia acro HD SO-03D,Micro-SIM
Xperia acro HD SOI12,Micro-SIM
Xperia sola,Mini-SIM
Xperia U,Mini-SIM
Xperia P,Micro-SIM
Xperia S,Micro-SIM
Xperia ion HSPA,Micro-SIM
Xperia ion LTE,Mini-SIM
ROG Phone 8 Pro,Dual
ROG Phone 8,Dual
Zenfone 10,Dual
Zenfone 9,Dual
Zenfone 8 Flip,Dual
Zenfone 8,Dual
Zenfone 7 Pro,Dual
Zenfone 7,Dual
ROG Phone 3,Dual
ROG Phone 3 Strix,Dual
ROG Phone II ZS660KL,Dual
Zenfone 6 ZS630KL,Dual
Zenfone Max Plus (M2) ZB634KL,Dual
Zenfone Max Shot ZB634KL,Dual
Zenfone Max Pro (M2) ZB631KL,Dual
Zenfone Max (M1) ZB556KL,Dual
ZenFone Lite (L1) ZA551KL,Dual
ROG Phone ZS600KL,Dual
ZenFone Live (L1) ZA550KL,Dual
Zenfone Max Pro (M1) ZB601KL/ZB602K,Dual
Zenfone 5z ZS620KL,Dual
Zenfone 5 ZE620KL,Dual
Zenfone 5 Lite ZC600KL,Dual
Zenfone Max (M1) ZB555KL,Dual
Zenfone Max Plus (M1) ZB570TL,Dual
Zenfone V V520KL,Dual
Zenfone 4 Pro ZS551KL,Dual
Zenfone 4 ZE554KL,Dual
Zenfone 4 Selfie Lite ZB553KL,Dual
Zenfone 4 Selfie ZB553KL,Dual
Zenfone 4 Selfie Pro ZD552KL,Dual
Zenfone 4 Selfie ZD553KL,Dual
Zenfone 4 Max ZC520KL,Dual
Zenfone 4 Max Pro ZC554KL,Dual
Zenfone 4 Max Plus ZC554KL,Dual
Zenfone 4 Max ZC554KL,Dual
Zenpad Z8s ZT582KL,Nano-SIM
Zenfone Go ZB552KL,Dual
Zenfone Live ZB501KL,Dual
Zenfone 3s Max ZC521TL,Dual
Zenfone AR ZS571KL,Dual
Zenfone 3 Zoom ZE553KL,Dual
Zenfone Go ZB690KG,Dual
Zenfone Go ZB500KL,Dual
Zenfone 3 Max ZC553KL,Dual
Zenfone 3 Deluxe 5.5 ZS550KL,Dual
Zenfone 3 Max ZC520TL,Dual
Zenfone 3 Laser ZC551KL,Dual
Zenfone 3 ZE520KL,Dual
Zenfone Pegasus 3,Dual
Zenfone 3 Ultra ZU680KL,Dual
Zenfone 3 Deluxe ZS570KL,Dual
Zenfone 3 ZE552KL,Dual
Zenfone Max ZC550KL (2016),Dual
Zenfone Go ZB450KL,Dual
Zenfone Go ZB452KG,Dual
Zenfone Go ZB551KL,Dual
Zenfone Go T500,Dual
Zenfone Go ZC451TG,Dual
Live G500TG,Dual
Zenfone 2 Laser ZE551KL,Dual
Zenfone Zoom ZX551ML,Micro-SIM
Zenfone Go ZC500TG,Dual
Zenfone Max ZC550KL,Dual
Zenfone 2 Deluxe ZE551ML,Dual
Zenfone 2 Laser ZE601KL,Dual
Zenfone 2 Laser ZE600KL,Dual
Zenfone 2 Laser ZE550KL,Dual
Zenfone 2 Laser ZE500KG,Dual
Zenfone 2 Laser ZE500KL,Dual
Zenpad 7.0 Z370CG,Micro-SIM
Zenfone 2E,Micro-SIM
Pegasus 2 Plus,Dual
Zenpad 8.0 Z380KL,Micro-SIM
Zenpad C 7.0,Micro-SIM
Zenfone Selfie ZD551KL,Dual
Zenfone 2 ZE500CL,Micro-SIM
Zenfone 2 ZE550ML,Dual
Zenfone 2 ZE551ML,Dual
Fonepad 7 FE375CL,Micro-SIM
Zenfone C ZC451CG,Dual
Fonepad 7 FE171CG,Dual
Zenfone Zoom ZX550,Dual
Pegasus,Dual
Zenfone 5 Lite A502CG (2014),Dual
PadFone X mini,Micro-SIM
Memo Pad 7 ME572CL,Micro-SIM
Zenfone 5 A500KL (2014),Single
Zenfone 4 A450CG (2014),Single
Memo Pad 8 ME581CL,Micro-SIM
Transformer Pad TF303CL,Micro-SIM
Fonepad 7 (2014),Single
PadFone X,Micro-SIM
PadFone S,Micro-SIM
PadFone Infinity Lite,Micro-SIM
PadFone E,Dual
Zenfone 6 A601CG (2014),Dual
Zenfone 6 A600CG (2014),Dual
Zenfone 5 A501CG (2015),Dual
Zenfone 5 A500CG (2014),Dual
PadFone mini,Dual
PadFone Infinity 2,Nano-SIM
Fonepad 7,Micro-SIM
Google Nexus 7 (2013),Micro-SIM
Fonepad Note FHD6,Micro-SIM
PadFone Infinity,Nano-SIM
Google Nexus 7 Cellular,Micro-SIM
PadFone 2,Micro-SIM
PadFone,Mini-SIM
iPad Pro 12.9 (2022),Nano-SIM
iPad Pro 12.9 (2022),eSIM
iPad Pro 12.9 (2021),Nano-SIM
iPad Pro 12.9 (2021),eSIM
iPad Pro 12.9 (2020),Nano-SIM
iPad Pro 12.9 (2020),eSIM
iPad 10.2 (2019),Nano-SIM
iPad 10.2 (2019),eSIM
iPad Pro 12.9 (2018),Nano-SIM
iPad Pro 12.9 (2018),eSIM
iPad 9.7 (2018),Nano-SIM
iPad 9.7 (2018),eSIM
iPad 9.7 (2017),Nano-SIM
iPad 9.7 (2017),eSIM
iPhone 7 Plus,Nano-SIM
iPhone 7,Nano-SIM
iPad Pro 9.7 (2016),Nano-SIM
iPad Pro 9.7 (2016),eSIM
iPhone SE,Nano-SIM
iPhone 6s Plus,Nano-SIM
iPhone 6s,Nano-SIM
iPad Pro 12.9 (2015),Nano-SIM
iPad Pro 12.9 (2015),eSIM
iPad mini 4 (2015),Nano-SIM
iPad mini 4 (2015),eSIM
iPad mini 3,Nano-SIM
iPad mini 3,eSIM
iPhone 6 Plus,Nano-SIM
iPhone 6,Nano-SIM
iPad Air,Nano-SIM
iPad mini 2,Nano-SIM
iPhone 5s,Nano-SIM
iPhone 5c,Nano-SIM
iPad mini Wi-Fi + Cellular,Nano-SIM
iPad 4 Wi-Fi + Cellular,Micro-SIM
iPhone 5,Nano-SIM
iPad 3 Wi-Fi + Cellular,Micro-SIM
iPhone 4s,Micro-SIM
iPad 2 Wi-Fi + 3G,Micro-SIM
iPad 2 CDMA,Mini-SIM
Redmi Note 13 Pro 4G,Dual
Redmi Note 13 4G,Dual
Redmi Note 13 Pro+,Dual
Redmi Note 13 Pro,Dual
Redmi Note 13,Dual
Poco X6 Pro,Dual
Poco X6,Dual
Poco M6 Pro,Dual
Poco M6,Dual
Redmi 13R,Dual
Redmi 13C 5G,Dual
Redmi K70 Pro,Dual
Redmi K70,Dual
Redmi K70E,Dual
Redmi Note 13R Pro,Dual
Redmi 13C,Dual
Poco C65,Dual
14 Pro,Dual
14,Dual
13T Pro,Dual
13T,Dual
Redmi Note 13 (China),Dual
Redmi K60 Ultra,Dual
Redmi Note 12R Pro,Dual
Civi 3,Dual
Poco F5 Pro,Dual
Poco F5,Dual
13 Ultra,Dual
Poco C51,Dual
Redmi Note 12S,Dual
Redmi Note 12 Pro 4G,Dual
Redmi Note 12 Turbo,Dual
Redmi A2+,Dual
Redmi A2,Dual
Redmi Note 12 4G,Dual
13 Pro,Dual
13,Dual
13 Lite,Dual
Poco X5 Pro,Dual
Poco X5,Dual
Redmi Note 12,Dual
Poco C50,Dual
Redmi Note 12 Pro Speed,Dual
Redmi K60 Pro,Dual
Redmi K60E,Dual
Redmi K60,Dual
Redmi Note 12 Discovery,Dual
Redmi Note 12 Pro+,Dual
Redmi Note 12 Pro,Dual
Redmi Note 12 (China),Dual
12T Pro,Dual
12T,Dual
Redmi Note 11R,Dual
Redmi A1+,Dual
Civi 2,Dual
Redmi 11 Prime,Dual
Redmi 11 Prime 5G,Dual
Redmi A1,Dual
Poco M5s,Dual
Poco M5,Dual
Poco M5 (India),Dual
Redmi Note 11 SE (India),Dual
Poco M4 5G,Dual
Redmi K50 Ultra,Dual
12 Lite,Dual
12S Ultra,Dual
12S Pro,Dual
12S,Dual
12 Pro (Dimensity),Dual
Poco F4,Dual
Redmi Note 11SE,Dual
Redmi 10 Prime 2022,Dual
Poco M4 5G (India),Dual
Poco F4 GT,Dual
Civi 1S,Dual
Black Shark 5 Pro,Dual
Black Shark 5,Dual
Black Shark 5 RS,Dual
Redmi 10A,Dual
Redmi Note 11S 5G,Dual
Redmi 10 5G,Dual
Redmi Note 11 Pro+ 5G,Dual
Redmi K50 Pro,Dual
Redmi K50,Dual
Redmi K40S,Dual
12 Pro,Dual
12,Dual
12X,Dual
Redmi Note 11 Pro+ 5G (India),Dual
Redmi Note 11E Pro,Dual
Redmi Note 11E,Dual
Poco X4 Pro 5G,Dual
Poco M4 Pro,Dual
Redmi K50 Gaming,Dual
Redmi 10 2022,Dual
Redmi Note 11 Pro 5G,Dual
Redmi Note 11 Pro,Dual
Redmi Note 11S,Dual
Redmi Note 11,Dual
11i HyperCharge 5G,Dual
11i,Dual
Redmi Note 11T 5G,Dual
Redmi Note 11 4G,Dual
Poco M4 Pro 5G,Dual
Redmi Note 11 Pro (China),Dual
Redmi Note 11 (China),Dual
Black Shark 4S Pro,Dual
Black Shark 4S,Dual
Redmi Note 10 Lite,Dual
Civi,Dual
Redmi 9i Sport,Dual
Redmi 9A Sport,Dual
Poco C31,Dual
Redmi 9 Activ,Dual
11T Pro,Dual
11T,Dual
11 Lite 5G NE,Dual
Redmi 10 Prime,Dual
Redmi 10,Dual
Pad 5 Pro,Nano-SIM
Mix 4,Dual
Poco X3 GT,Dual
Poco F3 GT,Dual
Redmi Note 10T 5G,Dual
Redmi Note 10 Pro (China),Dual
Redmi Note 8 2021,Dual
Poco M3 Pro 5G,Dual
Redmi K40 Gaming,Dual
Mi 11X Pro,Dual
Mi 11X,Dual
Poco M2 Reloaded,Dual
Mi Mix Fold,Dual
Mi 11 Ultra,Dual
Mi 11 Pro,Dual
Mi 11i,Dual
Mi 11 Lite 5G,Dual
Mi 11 Lite,Dual
Black Shark 4 Pro,Dual
Black Shark 4,Dual
Poco X3 Pro,Dual
Poco F3,Dual
Mi 10S,Dual
Redmi Note 10 Pro,Dual
Redmi Note 10 5G,Dual
Redmi Note 10S,Dual
Redmi Note 10,Dual
Redmi Note 10 Pro Max,Dual
Redmi Note 10 Pro (India),Dual
Redmi K40 Pro+,Dual
Redmi K40 Pro,Dual
Redmi K40,Dual
Redmi Note 9T,Dual
Redmi 9T,Dual
Mi 10i 5G,Dual
Mi 11,Dual
Redmi 9 Power,Dual
Redmi Note 9 Pro 5G,Dual
Redmi Note 9 5G,Dual
Redmi Note 9 4G,Dual
Poco M3,Dual
Redmi K30S,Dual
Poco C3,Dual
Mi 10T Pro 5G,Dual
Mi 10T 5G,Dual
Mi 10T Lite 5G,Dual
Redmi 9AT,Dual
Redmi 9i,Dual
Poco M2,Dual
Poco X3,Dual
Poco X3 NFC,Dual
Redmi 9 (India),Dual
Mi 10 Ultra,Dual
Redmi K30 Ultra,Dual
Redmi 9 Prime,Dual
Black Shark 3S,Dual
Poco M2 Pro,Dual
Redmi 9A,Dual
Redmi 9C NFC,Dual
Redmi 9C,Dual
Redmi 9,Dual
Redmi 10X Pro 5G,Dual
Redmi 10X 5G,Dual
Redmi 10X 4G,Dual
Redmi K30i 5G,Dual
Poco F2 Pro,Dual
Redmi K30 5G Racing,Dual
Redmi Note 9 Pro,Dual
Redmi Note 9,Dual
Mi Note 10 Lite,Dual
Mi 10 Youth 5G,Dual
Mi 10 Lite 5G,Dual
Redmi K30 Pro Zoom,Dual
Redmi K30 Pro,Dual
Redmi Note 9S,Dual
Redmi Note 9 Pro Max,Dual
Redmi Note 9 Pro (India),Dual
Black Shark 3 Pro,Dual
Black Shark 3,Dual
Mi 10 Pro 5G,Single
Mi 10 5G,Single
Redmi 8A Pro,Dual
Redmi 8A Dual,Dual
Poco X2,Dual
Redmi K30,Dual
Redmi K30 5G,Dual
Redmi Note 8T,Dual
Mi Note 10 Pro,Dual
Mi Note 10,Dual
Mi CC9 Pro,Dual
Redmi 8,Dual
Redmi 8A,Dual
Mi 9 Pro 5G,Dual
Mi 9 Pro,Dual
Redmi K20 Pro Premium,Dual
Mi 9 Lite,Dual
Redmi Note 8 Pro,Dual
Black Shark 2 Pro,Dual
Mi A3,Dual
Redmi 7A,Dual
Mi CC9e,Dual
Mi CC9,Dual
Mi 9T Pro,Dual
Mi 9T,Dual
Redmi K20,Dual
Redmi K20 Pro,Dual
Redmi Note 7S,Dual
Black Shark 2,Dual
Redmi 7,Dual
Redmi Note 7 Pro,Dual
Mi Mix 3 5G,Nano-SIM
Mi 9 Explorer,Dual
Mi 9 SE,Dual
Mi 9,Dual
Redmi Go,Dual
Redmi Note 7,Dual
Mi Play,Dual
Black Shark Helo,Dual
Mi Mix 3,Dual
Redmi Note 6 Pro,Dual
Mi 8 Lite,Dual
Pocophone F1,Dual
Mi A2 (Mi 6X),Dual
Mi A2 Lite (Redmi 6 Pro),Dual
Mi Max 3,Dual
Mi Pad 4 Plus,Nano-SIM
Mi Pad 4,Nano-SIM
Redmi 6,Dual
Redmi 6A,Dual
Mi 8 SE,Dual
Redmi S2 (Redmi Y2),Dual
Mi Mix 2S,Dual
Redmi Note 5 AI Dual Camera,Dual
Redmi Note 5 Pro,Dual
Black Shark,Dual
Redmi 5 Plus (Redmi Note 5),Dual
Redmi 5,Dual
Redmi 5A,Dual
Redmi Y1 (Note 5A),Dual
Redmi Y1 Lite,Dual
Mi Note 3,Dual
Mi Mix 2,Dual
Mi A1 (Mi 5X),Dual
Mi Max 2,Dual
Redmi 4 (4X),Dual
Mi 6,Dual
Mi 5c,Dual
Redmi Note 4X,Dual
Redmi Note 4,Dual
Redmi 4A,Dual
Redmi 4 (China),Dual
Redmi 4 Prime,Dual
Mi Mix,Dual
Mi Note 2,Dual
Mi 5s Plus,Dual
Mi 5s,Dual
Redmi 3x,Dual
Redmi 3s Prime,Dual
Redmi 3s,Dual
Redmi 3 Pro,Dual
Mi Max,Dual
Mi 5,Dual
Redmi 3,Dual
Redmi Note Prime,Dual
Redmi Note 3 (MediaTek),Dual
Redmi Note 2,Dual
Redmi 2 Pro,Dual
Redmi 2 Prime,Dual
Mi 4i,Dual
Mi Note Pro,Dual
Mi Note,Dual
Redmi 2A,Dual
Redmi 2,Dual
Mi 4 LTE,Micro-SIM
Redmi Note 4G,Mini-SIM
Mi 4,Micro-SIM
Redmi Note,Dual
Mi 3,Mini-SIM
Redmi 1S,Dual
Redmi,Dual
Mi 2S,Mini-SIM
Mi 2,Mini-SIM
Mi 1S,Mini-SIM
W41 Pro,Dual
W41+,Dual
W41,Dual
W31+,Dual
W31,Dual
K92 5G,Dual
K62,Dual
Q52,Dual
K52,Dual
K42,Dual
K22,Dual
Q92 5G,Dual
Q31,Nano-SIM
K31,Dual
W10 Alpha,Dual
K61,Single
K51S,Single
K41S,Single
G Pad 5 10.1,Nano-SIM
V50S ThinQ 5G,Single
G8X ThinQ,Single
K30 (2019),Single
K20 (2019),Dual
K40S,Single
K50S,Single
W30 Pro,Dual
W30,Single
W10,Single
Stylo 5,Nano-SIM
V50 ThinQ 5G,Single
G8 ThinQ,Single
Q60,Single
K50,Single
K40,Single
V40 ThinQ,Single
Tribute Empire,Nano-SIM
Candy,Dual
G7 Fit,Single
Q8 (2018),Single
K11 Plus,Single
Q Stylo 4,Nano-SIM
Q Stylus,Single
V35 ThinQ,Nano-SIM
Q7,Single
G7 ThinQ,Single
V30S ThinQ,Single
Zone 4,Nano-SIM
X power 3,Nano-SIM
K30,Nano-SIM
K10 (2018),Single
K8 (2018),Single
Aristo 2,Nano-SIM
X4+,Dual
V30,Single
Q8 (2017),Single
Q6,Single
G Pad IV 8.0 FHD,Nano-SIM
X venture,Nano-SIM
G6,Single
X power2,Single
Stylo 3 Plus,Nano-SIM
Stylus 3,Single
Harmony,Nano-SIM
K20 plus,Nano-SIM
K10 (2017),Single
K8 (2017),Single
K7 (2017),Single
K4 (2017),Single
K3 (2017),Single
G Pad III 10.1 FHD,Mini-SIM
V20,Single
X Skin,Micro-SIM
X5,Micro-SIM
X max,Nano-SIM
G Pad X 8.0,Nano-SIM
X power,Single
X style,Single
Stylus 2 Plus,Single
Stylo 2,Nano-SIM
K5,Single
K3,Single
G5 SE,Single
G5,Single
X cam,Dual
K8,Single
Stylus 2,Single
K10,Single
K4,Single
Ray,Single
G Vista 2,Micro-SIM
Zero,Nano-SIM
G Pad II 10.1,Micro-SIM
G Pad II 8.0 LTE,Micro-SIM
Wine Smart,Micro-SIM
Tribute 2,Micro-SIM
Bello II,Single
G4 Beat,Single
G4c,Micro-SIM
G Stylo,Micro-SIM
G4 Stylus,H542Dual
AKA,Micro-SIM
Magna,Dual
Spirit,Single
Leon,Single
Joy,Micro-SIM
G Flex2,Micro-SIM
Tribute,Micro-SIM
G2 Lite,Dual
G3 Dual-LTE,Dual
G3 Screen,Micro-SIM
F60,Single
L60,Micro-SIM
G3 Stylus,Dual
L Bello,Single
L Fino,Single
G Pad 8.0 LTE,Micro-SIM
G Vista,Micro-SIM
G3 A,Micro-SIM
G Pad 7.0 LTE,Micro-SIM
L50,Micro-SIM
G Vista (CDMA),Micro-SIM
G3 LTE-A,Micro-SIM
G3 S,Micro-SIM
L65 D280,Mini-SIM
G3 (CDMA),Micro-SIM
G3,Micro-SIM
Volt,Micro-SIM
G Pad 10.1 LTE,Micro-SIM
L80,Micro-SIM
Lucid 3 VS876,Micro-SIM
L65 Dual D285,Dual
G Pad 8.3 LTE,Micro-SIM
F70 D315,Micro-SIM
G2 mini LTE (Tegra),Micro-SIM
G2 mini LTE,Micro-SIM
G2 mini,Single
L90 Dual D410,Dual
L90 D405,Mini-SIM
L70 D320N,Mini-SIM
L70 Dual D325,Dual
L40 D160,Mini-SIM
L40 Dual D170,Single
G Pro 2,Micro-SIM
Optimus F3Q,Micro-SIM
GX F310L,Micro-SIM
Nexus 5,Micro-SIM
G Flex,Micro-SIM
G Pro Lite,Mini-SIM
G Pro Lite Dual,Dual
G2,Micro-SIM
Optimus L9 II,Mini-SIM
Optimus GJ E975W,Micro-SIM
Optimus F3,Micro-SIM
Lucid2 VS870,Micro-SIM
Optimus F7,Micro-SIM
Optimus F6,Micro-SIM
Optimus G Pro E985,Micro-SIM
Optimus L7 II Dual P715,Dual
Optimus L7 II P710,Micro-SIM
Nexus 4 E960,Micro-SIM
A390,Dual
Mach LS860,Mini-SIM
Optimus L9 P769,Micro-SIM
Optimus Vu II F200,Micro-SIM
Optimus G E970,Micro-SIM
Optimus G E975,Micro-SIM
Intuition VS950,Micro-SIM
Escape P870,Mini-SIM
Optimus L9 P760,Mini-SIM
Motion 4G MS770,Micro-SIM
Optimus Vu P895,Micro-SIM
Optimus True HD LTE P936,Mini-SIM
Lucid 4G VS840,Micro-SIM
Optimus 4X HD P880,Mini-SIM
Optimus 3D Max P720,Mini-SIM
Optimus Vu F100S,Micro-SIM
Optimus Pad LTE,Mini-SIM
Connect 4G MS840,Mini-SIM
Viper 4G LTE LS840,Mini-SIM
Spectrum VS920,Mini-SIM
Prada 3.0,Mini-SIM
Nitro HD,Mini-SIM
Optimus 4G LTE P935,Mini-SIM
Optimus EX SU880,Mini-SIM
Optimus Q2 LU6500,Mini-SIM
Thrill 4G P925,Mini-SIM
Optimus 3D P920,Mini-SIM
Optimus Pad V900,Mini-SIM
Optimus 2X SU660,Mini-SIM
Optimus 2X,Mini-SIM
S5000,Mini-SIM
nova 12,Single
nova 12 Lite,Single
nova 11 SE,Dual
Mate 60 RS Ultimate,Dual
Mate 60 Pro,Dual
nova Y71,Single
nova 11,Single
Enjoy 50z,Dual
nova Y61,Dual
Mate 50 RS Porsche Design,Single
Mate 50 Pro,Single
MatePad Pro 11 (2022),Nano-SIM
nova 10,Single
MatePad 10.4 (2022),Nano-SIM
MatePad SE,Nano-SIM
nova Y70 Plus,Single
nova 8 SE 4G,Dual
nova Y60,Single
Enjoy 20e,Dual
nova 9 Pro,Dual
nova 9,Single
nova 8 SE Youth,Dual
Mate 40 Pro 4G,Dual
MatePad Pro 12.6 (2021),Nano-SIM
MatePad Pro 10.8 (2021),Nano-SIM
MatePad T 10,Nano-SIM
P40 4G,Dual
nova 8 Pro 5G,Dual
nova 8 5G,Dual
Enjoy 20 SE,Dual
nova 8 SE,Dual
Mate 40 RS Porsche Design,Single
Mate 40 Pro+,Single
Mate 40 Pro,Dual
Mate 30E Pro 5G,Dual
nova 7 SE 5G Youth,Dual
Y7a,Dual
P smart 2021,Dual
MatePad 5G,Nano-SIM
Y9a,Dual
Enjoy 20 Plus 5G,Dual
Enjoy 20 5G,Dual
MatePad 10.8,Nano-SIM
MatePad T 10s,Nano-SIM
Enjoy 20 Pro,Dual
Enjoy Z 5G,Dual
P Smart S,Dual
Y8p,Dual
P40 lite 5G,Dual
P30 Pro New Edition,Single
MatePad T8,Nano-SIM
Y8s,Single
Y6p,Single
Y5p,Single
P smart 2020,Dual
nova 7 Pro 5G,Dual
nova 7 5G,Single
nova 7 SE,Dual
MatePad 10.4,Nano-SIM
Enjoy 10e,Dual
P40,Dual
P40 lite E,Dual
MatePad Pro 10.8 5G (2019),Nano-SIM
P30 lite New Edition,Dual
Y7p,Dual
Y6s (2019),Dual
P smart Pro 2019,Dual
MatePad Pro 10.8 (2019),Nano-SIM
Y9s,Dual
nova 5z,Dual
Enjoy 10s,Dual
Enjoy 10,Dual
Mate 30 RS Porsche Design,Dual
Mate 30 Pro 5G,Dual
Mate 30 Pro,Single
Mate 30 5G,Dual
Mate 30,Single
nova 5i Pro,Dual
Enjoy 10 Plus,Dual
nova 5T,Dual
MediaPad M6 10.8,Nano-SIM
MediaPad M6 Turbo 8.4,Nano-SIM
MediaPad M6 8.4,Nano-SIM
nova 5 Pro,Dual
nova 5,Dual
Y9 Prime (2019),Single
P Smart Z,Single
Mate 20 X (5G),Dual
P30 Pro,Single
P30,Single
P30 lite,Single
nova 4e,Dual
Y5 (2019),Single
Enjoy 9e,Dual
Enjoy 9s,Dual
Y Max,Dual
MediaPad M5 Lite 8,Nano-SIM
Y6 Pro (2019),Dual
Y6 (2019),Dual
Y7 (2019),Dual
Y7 Prime (2019),Dual
Y7 Pro (2019),Dual
Y5 lite (2018),Single
P smart 2019,Dual
Enjoy 9,Dual
Mate 20 RS Porsche Design,Single
Mate 20 X,Dual
Mate 20 Pro,Single
Mate 20,Single
MediaPad T5,Nano-SIM
MediaPad M5 lite,Nano-SIM
Y9 (2019),Single
Mate 20 lite,Single
P Smart+ 2019,Dual
nova 3i,Dual
nova 3,Single
Y5 Prime (2018),Single
Y3 (2018),Single
Y6 Prime (2018),Dual
Y6 (2018),Dual
Mate RS Porsche Design,Dual
P20 Pro,Single
P20,Single
P20 lite,Single
Y7 Pro (2018),Dual
Y7 Prime (2018),Dual
Y7 (2018),Single
Y9 (2018),Dual
MediaPad M5 10,Nano-SIM
MediaPad M5 8,Nano-SIM
P smart,Single
nova 2s,Dual
Mate 10 Porsche Design,Dual
Mate 10 Pro,Single
Mate 10,Single
Mate 10 Lite,Single
P9 lite mini,Dual
Y7 Prime,Dual
MediaPad M3 Lite 8,Nano-SIM
MediaPad M3 Lite 10,Nano-SIM
nova 2 plus,Single
nova 2,Single
Y6II Compact,Single
MediaPad T3 8.0,Nano-SIM
Y7,Single
Y6 (2017),Single
Y5 (2017),Dual
Y3 (2017),Dual
P10 Plus,Single
P10,Single
P10 Lite,Single
P8 Lite (2017),Dual
Enjoy 6s,Dual
Mate 9 Pro,Single
Mate 9 Porsche Design,Dual
Mate 9,Single
Enjoy 6,Dual
MediaPad M3 8.4,Nano-SIM
nova plus,Single
nova,Single
MediaPad T2 10.0 Pro,Nano-SIM
MediaPad T2 7.0 Pro,Dual
MediaPad T2 7.0,Micro-SIM
G9 Plus,Dual
MediaPad T1 7.0 Plus,Micro-SIM
MediaPad M2 7.0,Dual
Y3II,Dual
Y5II,Dual
P9 lite,Dual
P9 Plus,Single
P9,Single
MediaPad M2 10.0,Micro-SIM
Enjoy 5s,Dual
Mate 8,Dual
G7 Plus,Dual
Y6 Pro,Dual
Nexus 6P,Nano-SIM
Mate S,Single
Y6,Dual
G8,Dual
MediaPad M2 8.0,Micro-SIM
Y560,Single
Y625,Dual
P8lite ALE-L04,Dual
P8lite,Dual
P8max,Dual
P8,Dual
SnapTo,Micro-SIM
MediaPad X2,Dual
Y635,Single
Y360,Dual
Ascend Y520,Micro-SIM
Ascend Y221,Single
Ascend GX1,Dual
Ascend Mate7 Monarch,Dual
MediaPad T1 10,Micro-SIM
MediaPad T1 8.0,Micro-SIM
Ascend G620s,Micro-SIM
Ascend Y550,Micro-SIM
Ascend G7,Micro-SIM
Ascend Mate7,Dual
Ascend G535,Micro-SIM
Ascend G630,Micro-SIM
Ascend Y330,Micro-SIM
Ascend P7,Single
Ascend P7 mini,Micro-SIM
Ascend G730,"SIM,"
Ascend Y600,Micro-SIM
MediaPad 10 Link+,Mini-SIM
Ascend G6 4G,Micro-SIM
Ascend G6,Micro-SIM
MediaPad M1,Micro-SIM
MediaPad X1,Micro-SIM
Ascend Y530,Micro-SIM
MediaPad 7 Youth2,Mini-SIM
Ascend P6 S,"SIM,"
Ascend Mate2 4G,Micro-SIM
Ascend Y320,Micro-SIM
Ascend Y220,Mini-SIM
Ascend G740,Micro-SIM
Ascend Y511,Dual
G610s,Dual
MediaPad 7 Youth,MIni-SIM
MediaPad 7 Vogue,Mini-SIM
Ascend P6,Single
Ascend Y300,Mini-SIM
Premia 4G M931,Mini-SIM
Ascend P2,Micro-SIM
Ascend G615,Mini-SIM
Ascend G526,Micro-SIM
Ascend G350,Mini-SIM
Ascend W1,Mini-SIM
Ascend Mate,Micro-SIM
Ascend D2,Micro-SIM
Ascend G510,Single
Ascend P1 LTE,Mini-SIM
Ascend G600,Mini-SIM
Ascend G330,Mini-SIM
Ascend G330D U8825D,Dual
Ascend P1,Mini-SIM
MediaPad 10 FHD,Mini-SIM
Ascend D1 XL U9500E,Mini-SIM
Ascend D1,Mini-SIM
Ascend D quad XL,Mini-SIM
Ascend D quad,Mini-SIM
Ascend P1s,Mini-SIM
MediaPad,Mini-SIM
Smart 8 Plus,Dual
Smart 8 Pro,Dual
Smart 8 (India),Dual
Smart 8 HD,Dual
Smart 8,Dual
Zero 30 4G,Dual
Zero 30,Dual
GT 10 Pro,Dual
Note 30 VIP,Dual
Smart 7 HD,Dual
Hot 30i,Dual
Smart 7 (India),Dual
Note 12 (2023),Dual
Zero Ultra,Dual
Hot 20 5G,Dual
Hot 20i,Dual
Zero 20,Dual
Note 12i 2022,Dual
Hot 12 Pro,Dual
Smart 6 Plus (India),Dual
Note 12 Pro,Dual
Note 12 Pro 5G,Dual
Note 12 5G,Dual
Hot 12 Play,Dual
Note 12 VIP,Dual
Note 12 G96,Dual
Note 12,Dual
Hot 12,Dual
Hot 11 2022,Dual
Hot 12i,Dual
Note 11,Dual
Hot 11,Dual
Zero X Pro,Dual
Zero X,Dual
Smart HD 2021,Dual
Smart 5,Dual
Note 7 Lite,Dual
Hot 9 Pro,Dual
Hot 9,Dual
S5 Pro,Dual
S5 lite,Dual
S5,Dual
Note 6,Dual
Hot 7 Pro,Dual
Hot 7,Dual
Wildfire E star,Dual
U23 Pro,Dual
A103 Plus,Dual
A103,Dual
A102,Dual
A101,Dual
Wildfire E plus,Dual
Desire 22 Pro,Dual
Wildfire E3,Dual
Desire 21 Pro 5G,Dual
Desire 20+,Dual
Wildfire E1 lite,Dual
Wildfire E2,Dual
Wildfire E1 plus,Dual
Wildfire E1,Dual
Wildfire E,Dual
Desire 20 Pro,Dual
Desire 19s,Dual
Exodus 1s,Dual
Wildfire X,Dual
U19e,Dual
Desire 19+,Dual
Desire 12s,Dual
U12 life,Single
U12+,Single
Desire 12+,Dual
Desire 12,Single
U11 Eyes,Dual
U11+,Single
U11 Life,Single
U11,Single
One X10,Single
U Ultra,Dual
U Play,Dual
10 evo,Nano-SIM
Desire 650,Single
Desire 10 Pro,Dual
Desire 10 Compact,Dual
One A9s,Nano-SIM
Desire 10 Lifestyle,Dual
Desire 728 Ultra,Dual
Desire 628,Dual
One M9 Prime Camera,Nano-SIM
Desire 830,Dual
One S9,Nano-SIM
10 Lifestyle,Nano-SIM
10,Nano-SIM
Desire 825,Single
Desire 630,Dual
Desire 530,Nano-SIM
Desire 625,Nano-SIM
One X9,Dual
One M9s,Nano-SIM
Desire 828 dual sim,Dual
Desire 728 dual sim,Dual
One E9s dual sim,Dual
Butterfly 3,Nano-SIM
One M9+ Supreme Camera,Nano-SIM
One A9,Nano-SIM
Desire 626s,Nano-SIM
Desire 526,Nano-SIM
One ME,Dual
Desire 820G+ dual sim,Dual
Desire 326G dual sim,Dual
One M9+,Nano-SIM
One M8s,Nano-SIM
One E9+,Dual
One E9,Dual
One M9,Nano-SIM
Desire 820s dual sim,Dual
Desire 626G+,Dual
Desire 626,Single
Desire 526G+ dual sim ,Dual
Desire 826 dual sim,Dual
Desire 320,Micro-SIM
Desire 620G dual sim,Dual
Desire 620,Single
Nexus 9,Nano-SIM
Desire 816G dual sim,Dual
One (M8 Eye),Nano-SIM
Desire Eye,Nano-SIM
Desire 612,Nano-SIM
Desire 820q dual sim,Dual
Desire 820 dual sim,Dual
Desire 820,Nano-SIM
One (E8) CDMA,Nano-SIM
Desire 510,Micro-SIM
One (M8) for Windows,Nano-SIM
One (M8) for Windows (CDMA),Nano-SIM
Butterfly 2,Nano-SIM
One Remix,Nano-SIM
One (M8) dual sim,Dual
Desire 516 dual sim,Dual
One (E8),Single
One mini 2,Nano-SIM
Desire 616 dual sim,Dual
Desire 210 dual sim,Dual
One (M8) CDMA,Nano-SIM
One (M8),Nano-SIM
Desire 310 dual sim,Dual
Desire 310,Mini-SIM
Desire 816 dual sim,Dual
Desire 816,Nano-SIM
Desire 610,Nano-SIM
Desire 501 dual sim,Dual
Desire 700,"SIM,"
Desire 700 dual sim,"SIM,"
Desire 601 dual sim,Dual
Desire 501,Micro-SIM
One Max,Micro-SIM
Desire 300,Micro-SIM
Desire 601,Micro-SIM
Desire 500,Single
One mini,Micro-SIM
8XT,Micro-SIM
Butterfly S,Micro-SIM
Desire 600 dual sim,Dual
First,Micro-SIM
One Dual Sim,Dual
One,Micro-SIM
Desire 400 dual sim,Dual
Butterfly,Micro-SIM
DROID DNA,Micro-SIM
One SV CDMA,Micro-SIM
One SV,Micro-SIM
Desire SV,Dual
One VX,Micro-SIM
One X+,Micro-SIM
Windows Phone 8X CDMA,Micro-SIM
Windows Phone 8X,Micro-SIM
Windows Phone 8S,Micro-SIM
One ST,Mini-SIM
One SC,Mini-SIM
Desire X,Single
Desire XC,Dual
J,Mini-SIM
DROID Incredible 4G LTE,Mini-SIM
Evo 4G LTE,Mini-SIM
One XC,Mini-SIM
One X,Micro-SIM
One X AT&T,Mini-SIM
One XL,Micro-SIM
One S C2,Micro-SIM
One S,Micro-SIM
Velocity 4G Vodafone,Mini-SIM
Velocity 4G,Mini-SIM
Rezound,Mini-SIM
Vivid,Mini-SIM
Amaze 4G,Mini-SIM
Raider 4G,Mini-SIM
Sensation XE,Mini-SIM
Jetstream,Mini-SIM
Sensation 4G,Mini-SIM
EVO 3D,Mini-SIM
Sensation,Mini-SIM
EVO 3D CDMA,Mini-SIM
Hero,Mini-SIM
