Device,USB
1B (2022),microUSB 2.0
1L Pro (2021),microUSB 2.0
1L Pro (2021),OTG
1 (2021),microUSB 2.0
3L (2021),microUSB 2.0
3L (2021),OTG
1S (2021),microUSB 2.0
1S (2021),OTG
1L (2021),microUSB 2.0
1L (2021),OTG
1V (2021),USB Type-C 2.0
1SE (2020),microUSB 2.0
3T10 2020,USB Type-C 2.0
3T10 2020,OTG
3X (2020),microUSB 2.0
3X (2020),OTG
3L (2020),microUSB 2.0
1S (2020),microUSB 2.0
1V (2020),microUSB 2.0
1B (2020),microUSB 2.0
3v (2019),USB Type-C 2.0
3x (2019),USB Type-C 2.0
1v (2019),microUSB 2.0
3T 8,microUSB 2.0
Smart Tab 7,microUSB 2.0
1x (2019),microUSB 2.0
1c (2019),microUSB 2.0
1,microUSB 2.0
Tetra,microUSB 2.0
7,USB Type-C 2.0
5,USB Type-C 2.0
3v,microUSB 2.0
3x (2018),microUSB 2.0
3x (2018),OTG
3,microUSB 2.0
3,OTG
1x,microUSB 2.0
3c,microUSB 2.0
1T 10,microUSB 2.0
1T 7,microUSB 2.0
Idol 5s,USB Type-C 2.0
Idol 5s,OTG
Idol 5,microUSB 2.0
Idol 5,OTG
A7 XL,microUSB 2.0
Idol 5s (USA),USB Type-C 2.0
Shine Lite,microUSB 2.0
Shine Lite,OTG
Fierce 4,microUSB 2.0
X1,microUSB 2.0
X1,OTG
Pixi 4 (5),microUSB 2.0
Flash Plus 2,microUSB 2.0
Pop 7 LTE,microUSB 2.0
Idol 4s Windows,USB Type-C
Idol 4s,microUSB 2.0
Idol 4s,OTG
Idol 4,microUSB 2.0
Idol 4,OTG
Pixi 4 (6) 3G,microUSB 2.0
Pop 3 (5.5),microUSB 2.0
Pop 3 (5),microUSB 2.0
Fierce XL,microUSB 2.0
Flash 2,microUSB 2.0
Flash Plus,microUSB 2.0
Pop Astro,microUSB 2.0
Idol 3 (5.5),microUSB 2.0
Idol 3 (5.5),OTG
Idol 3 (4.7),microUSB 2.0
Idol 3 (4.7),OTG
Pixi 3 (8) 3G,microUSB 2.0
Pixi 3 (8) 3G,OTG
Pixi 3 (7) LTE,microUSB 2.0
Pixi 3 (7) LTE,OTG
Pixi 3 (7) 3G,microUSB 2.0
Pixi 3 (7) 3G,OTG
Pixi 3 (7),microUSB 2.0
Pop 10,microUSB 2.0
Pop 10,OTG
Pixi 3 (4.5),microUSB 2.0
Pixi 3 (4),microUSB 2.0
Pixi 3 (3.5) Firefox,microUSB 2.0
Pop D3,microUSB 2.0
Pop D1,microUSB 2.0
Pop Icon,microUSB 2.0
Pop 2 (4.5) Dual SIM,microUSB 2.0
Pop 2 (4.5),microUSB 2.0
Fierce 2,microUSB 2.0
Evolve 2,microUSB 2.0
Pop 8S,microUSB 2.0
Hero 8,microUSB 2.0
Hero 2,microUSB 2.0
Pixi 2,microUSB 2.0
Pop D5,microUSB 2.0
Pop C2,microUSB 2.0
Pop 7S,microUSB 2.0
Pop S9,microUSB 2.0
Pop S7,microUSB 2.0
Pop S3,microUSB 2.0
Fire E,microUSB 2.0
Fire C,microUSB 2.0
Idol 2 S,microUSB 2.0
Idol 2,microUSB 2.0
Idol 2 Mini S,microUSB 2.0
Idol 2 Mini,microUSB 2.0
Pop Fit,microUSB 2.0
Idol X+,microUSB 2.0
Pop C9,microUSB 2.0
Pop 7,microUSB 2.0
Fierce,microUSB 2.0
Pop C7,microUSB 2.0
Pop C5,microUSB 2.0
Pop C3,microUSB 2.0
Pop C1,microUSB 2.0
Idol Alpha,microUSB 2.0
Hero,microUSB 2.0
Idol S,microUSB 2.0
Idol Mini,microUSB 2.0
Idol X,microUSB 2.0
One Touch Scribe Easy,microUSB 2.0
One Touch Tab 7 HD,microUSB 2.0
One Touch Idol Ultra,microUSB 2.0
One Touch Idol,microUSB 2.0
One Touch X'Pop,microUSB 2.0
One Touch Scribe HD-LTE,microUSB 2.0
One Touch Scribe HD,microUSB 2.0
OT-997D,microUSB 2.0
OT-997,microUSB 2.0
iPad Pro 12.9 (2022),USB Type-C 4 (Thunderbolt 4)
iPad Pro 12.9 (2022),DisplayPort
iPad Pro 12.9 (2022),magnetic connector
iPad Pro 12.9 (2021),USB Type-C 4 (Thunderbolt 4)
iPad Pro 12.9 (2021),DisplayPort
iPad Pro 12.9 (2021),magnetic connector
iPad Pro 12.9 (2020),USB Type-C 3.1
iPad Pro 12.9 (2020),magnetic connector
iPad 10.2 (2019),Lightning
iPad 10.2 (2019),USB 2.0; magnetic connector
iPad Pro 12.9 (2018),USB Type-C 3.1
iPad Pro 12.9 (2018),magnetic connector
iPad 9.7 (2018),Lightning
iPad 9.7 (2018),USB 2.0
iPad 9.7 (2017),Lightning
iPad 9.7 (2017),USB 2.0
iPhone 7 Plus,Lightning
iPhone 7 Plus,USB 2.0
iPhone 7,Lightning
iPhone 7,USB 2.0
iPad Pro 9.7 (2016),Lightning
iPad Pro 9.7 (2016),USB 2.0; magnetic connector
iPhone SE,Lightning
iPhone SE,USB 2.0
iPhone 6s Plus,Lightning
iPhone 6s Plus,USB 2.0
iPhone 6s,Lightning
iPhone 6s,USB 2.0
iPad Pro 12.9 (2015),Lightning
iPad Pro 12.9 (2015),USB 3.0; magnetic connector
iPad mini 4 (2015),Lightning
iPad mini 4 (2015),USB 2.0
iPad mini 3,Lightning
iPad mini 3,USB 2.0
iPhone 6 Plus,Lightning
iPhone 6 Plus,USB 2.0
iPhone 6,Lightning
iPhone 6,USB 2.0
iPad Air,Lightning
iPad Air,USB 2.0
iPad mini 2,Lightning
iPad mini 2,USB 2.0
iPhone 5s,Lightning
iPhone 5s,USB 2.0
iPhone 5c,Lightning
iPhone 5c,USB 2.0
iPad mini Wi-Fi,Lightning
iPad mini Wi-Fi,USB 2.0
iPad mini Wi-Fi + Cellular,Lightning
iPad mini Wi-Fi + Cellular,USB 2.0
iPad 4 Wi-Fi,Lightning
iPad 4 Wi-Fi,USB 2.0
iPad 4 Wi-Fi + Cellular,Lightning
iPad 4 Wi-Fi + Cellular,USB 2.0
iPhone 5,Lightning
iPhone 5,USB 2.0
iPad 3 Wi-Fi + Cellular,2.0
iPad 3 Wi-Fi,2.0
iPhone 4s,2.0
iPad 2 Wi-Fi + 3G,2.0
iPad 2 Wi-Fi,2.0
iPad 2 CDMA,2.0
ROG Phone 8 Pro,USB Type-C (side)
ROG Phone 8 Pro,DisplayPort 1.4; USB Type-C (bottom)
ROG Phone 8 Pro,OTG
ROG Phone 8,USB Type-C (side)
ROG Phone 8,DisplayPort 1.4; USB Type-C (bottom)
ROG Phone 8,OTG
Zenfone 10,USB Type-C 2.0
Zenfone 10,OTG
Zenfone 9,USB Type-C
Zenfone 9,OTG
Zenfone 8 Flip,USB Type-C 2.0
Zenfone 8,USB Type-C 2.0
Zenfone 8,OTG
Zenfone 7 Pro,USB Type-C
Zenfone 7,USB Type-C
ROG Phone 3,USB Type-C 3.1 (side)
ROG Phone 3,USB Type-C 2.0 (bottom)
ROG Phone 3,OTG
ROG Phone 3,accessory connector
ROG Phone 3 Strix,USB Type-C 3.1 (side)
ROG Phone 3 Strix,USB Type-C 2.0 (bottom)
ROG Phone 3 Strix,OTG
ROG Phone 3 Strix,accessory connector
ROG Phone II ZS660KL,USB Type-C 3.1
ROG Phone II ZS660KL,accessory connector
ROG Phone II ZS660KL,OTG
Zenfone 6 ZS630KL,USB Type-C 2.0
Zenfone Max Plus (M2) ZB634KL,microUSB 2.0
Zenfone Max Plus (M2) ZB634KL,OTG
Zenfone Max Shot ZB634KL,microUSB 2.0
Zenfone Max Shot ZB634KL,OTG
Zenfone Max Pro (M2) ZB631KL,microUSB 2.0
Zenfone Max Pro (M2) ZB631KL,OTG
Zenfone Max (M1) ZB556KL,microUSB 2.0
Zenfone Max (M1) ZB556KL,OTG
ZenFone Lite (L1) ZA551KL,microUSB 2.0
ZenFone Lite (L1) ZA551KL,OTG
ROG Phone ZS600KL,USB Type-C 3.1
ROG Phone ZS600KL,accessory connector
ZenFone Live (L1) ZA550KL,microUSB 2.0
Zenfone Max Pro (M1) ZB601KL/ZB602K,microUSB 2.0
Zenfone Max Pro (M1) ZB601KL/ZB602K,OTG
Zenfone 5z ZS620KL,USB Type-C 2.0
Zenfone 5z ZS620KL,OTG
Zenfone 5 ZE620KL,USB Type-C 2.0
Zenfone 5 ZE620KL,OTG
Zenfone 5 Lite ZC600KL,microUSB 2.0
Zenfone 5 Lite ZC600KL,OTG
Zenfone Max (M1) ZB555KL,microUSB 2.0
Zenfone Max (M1) ZB555KL,OTG
Zenfone Max Plus (M1) ZB570TL,microUSB 2.0
Zenfone Max Plus (M1) ZB570TL,OTG
Zenfone V V520KL,USB Type-C 3.0
Zenfone 4 Pro ZS551KL,USB Type-C 2.0
Zenfone 4 Pro ZS551KL,OTG
Zenfone 4 ZE554KL,USB Type-C 2.0
Zenfone 4 ZE554KL,OTG
Zenfone 4 Selfie Lite ZB553KL,microUSB 2.0
Zenfone 4 Selfie Lite ZB553KL,OTG
Zenfone 4 Selfie ZB553KL,microUSB 2.0
Zenfone 4 Selfie ZB553KL,OTG
Zenfone 4 Selfie Pro ZD552KL,microUSB 2.0
Zenfone 4 Selfie ZD553KL,microUSB 2.0
Zenfone 4 Selfie ZD553KL,OTG
Zenfone 4 Max ZC520KL,microUSB 2.0
Zenfone 4 Max ZC520KL,OTG
Zenfone 4 Max Pro ZC554KL,microUSB 2.0
Zenfone 4 Max Pro ZC554KL,OTG
Zenfone 4 Max Plus ZC554KL,microUSB 2.0
Zenfone 4 Max Plus ZC554KL,OTG
Zenfone 4 Max ZC554KL,microUSB 2.0
Zenfone 4 Max ZC554KL,OTG
Zenpad Z8s ZT582KL,USB Type-C
Zenfone Go ZB552KL,microUSB 2.0
Zenfone Live ZB501KL,microUSB 2.0
Zenfone Live ZB501KL,OTG
Zenfone 3s Max ZC521TL,microUSB 2.0
Zenfone 3s Max ZC521TL,OTG
Zenfone AR ZS571KL,USB Type-C 2.0
Zenfone AR ZS571KL,OTG
Zenfone 3 Zoom ZE553KL,USB Type-C 2.0
Zenfone 3 Zoom ZE553KL,OTG
Zenfone Go ZB690KG,microUSB 2.0
Zenfone Go ZB500KL,microUSB 2.0
Zenfone 3 Max ZC553KL,microUSB 2.0
Zenfone 3 Max ZC553KL,OTG
Zenfone 3 Deluxe 5.5 ZS550KL,USB Type-C 2.0
Zenfone 3 Deluxe 5.5 ZS550KL,OTG
Zenfone 3 Max ZC520TL,microUSB 2.0
Zenfone 3 Max ZC520TL,OTG
Zenfone 3 Laser ZC551KL,microUSB 2.0
Zenfone 3 ZE520KL,USB Type-C 2.0
Zenfone 3 ZE520KL,OTG
Zenfone Pegasus 3,microUSB 2.0
Zenfone 3 Ultra ZU680KL,USB Type-C 2.0
Zenfone 3 Ultra ZU680KL,OTG
Zenfone 3 Deluxe ZS570KL,USB Type-C 3.0
Zenfone 3 Deluxe ZS570KL,OTG
Zenfone 3 ZE552KL,USB Type-C 2.0
Zenfone 3 ZE552KL,OTG
Zenfone Max ZC550KL (2016),microUSB 2.0
Zenfone Max ZC550KL (2016),OTG
Zenfone Go ZB450KL,microUSB 2.0
Zenfone Go ZB452KG,microUSB 2.0
Zenfone Go ZB551KL,microUSB 2.0
Zenfone Go ZB551KL,OTG
Zenfone Go T500,microUSB 2.0
Zenfone Go ZC451TG,microUSB 2.0
Live G500TG,microUSB 2.0
Zenfone 2 Laser ZE551KL,microUSB 2.0
Zenfone 2 Laser ZE551KL,OTG
Zenfone Zoom ZX551ML,microUSB 2.0
Zenfone Zoom ZX551ML,OTG
Zenpad 10 Z300C,microUSB 2.0
Zenfone Go ZC500TG,microUSB 2.0
Zenfone Max ZC550KL,microUSB 2.0
Zenfone Max ZC550KL,OTG
Zenfone 2 Deluxe ZE551ML,microUSB 2.0
Zenfone 2 Deluxe ZE551ML,OTG
Zenfone 2 Laser ZE601KL,microUSB 2.0
Zenfone 2 Laser ZE601KL,OTG
Zenfone 2 Laser ZE600KL,microUSB 2.0
Zenfone 2 Laser ZE550KL,microUSB 2.0
Zenfone 2 Laser ZE550KL,OTG
Zenfone 2 Laser ZE500KG,microUSB 2.0
Zenfone 2 Laser ZE500KL,microUSB 2.0
Zenfone 2 Laser ZE500KL,OTG
Zenpad 7.0 Z370CG,microUSB 2.0
Zenfone 2E,microUSB 2.0
Pegasus 2 Plus,microUSB 2.0
Zenpad 8.0 Z380KL,microUSB 2.0
Zenpad C 7.0,microUSB 2.0
Zenfone Selfie ZD551KL,microUSB 2.0
Zenfone Selfie ZD551KL,OTG
Zenfone 2 ZE500CL,microUSB 2.0
Zenfone 2 ZE550ML,microUSB 2.0
Zenfone 2 ZE550ML,OTG
Zenfone 2 ZE551ML,microUSB 2.0
Zenfone 2 ZE551ML,OTG
Fonepad 7 FE375CL,microUSB 2.0
Fonepad 7 FE375CL,OTG
Zenfone C ZC451CG,microUSB 2.0
Zenfone C ZC451CG,OTG
Fonepad 7 FE171CG,microUSB 2.0
Zenfone Zoom ZX550,microUSB 2.0
Zenfone Zoom ZX550,OTG
Pegasus,microUSB 2.0
Zenfone 5 Lite A502CG (2014),microUSB 2.0
Zenfone 5 Lite A502CG (2014),OTG
Memo Pad 10 ME103K,microUSB 2.0
PadFone X mini,microUSB 2.0
Memo Pad 7 ME572CL,microUSB 2.0
Memo Pad 7 ME572C,microUSB 2.0
Memo Pad 7 ME572C,OTG
Zenfone 5 A500KL (2014),microUSB 2.0
Zenfone 5 A500KL (2014),OTG
Zenfone 4 A450CG (2014),microUSB 2.0
Zenfone 4 A450CG (2014),OTG
Memo Pad 8 ME581CL,microUSB 2.0
Memo Pad 8 ME181C,microUSB 2.0
Memo Pad 7 ME176C,microUSB 2.0
Transformer Pad TF303CL,microUSB 2.0
Transformer Pad TF103C,microUSB 2.0
Transformer Pad TF103C,OTG
Fonepad 7 (2014),microUSB 2.0
PadFone X,microUSB 2.0 (SlimPort TV-out)
PadFone X,OTG
PadFone S,microUSB 2.0 (SlimPort TV-out)
PadFone S,OTG
PadFone Infinity Lite,microUSB 2.0 (SlimPort TV-out)
PadFone Infinity Lite,OTG
PadFone E,microUSB 2.0
Zenfone 6 A601CG (2014),microUSB 2.0
Zenfone 6 A601CG (2014),OTG
Zenfone 6 A600CG (2014),microUSB 2.0
Zenfone 6 A600CG (2014),OTG
Zenfone 5 A501CG (2015),microUSB 2.0
Zenfone 5 A501CG (2015),OTG
Zenfone 5 A500CG (2014),microUSB 2.0
Zenfone 5 A500CG (2014),OTG
PadFone mini,microUSB 2.0
PadFone Infinity 2,microUSB 2.0 (SlimPort TV-out)
PadFone Infinity 2,OTG
Memo Pad 10,microUSB 2.0
Memo Pad 8 ME180A,microUSB 2.0
Fonepad 7,microUSB 2.0
Fonepad 7,OTG
Google Nexus 7 (2013),microUSB 2.0 (SlimPort)
Fonepad Note FHD6,microUSB 2.0
Fonepad Note FHD6,OTG
PadFone Infinity,microUSB 2.0 (SlimPort TV-out)
PadFone Infinity,OTG
Google Nexus 7 Cellular,microUSB 2.0
PadFone 2,microUSB 2.0 (MHL TV-out)
PadFone 2,OTG
Google Nexus 7,microUSB 2.0
Memo,2.0
PadFone,microUSB 2.0
C7,microUSB 2.0
G50,USB Type-C 2.0
G60,microUSB 2.0
G8,microUSB 2.0
G6,microUSB 2.0
G5,microUSB 2.0
C5,microUSB 2.0
C6,microUSB 2.0
Hero,microUSB
Wildfire E star,USB Type-C 2.0
U23 Pro,USB Type-C 3.0
A103 Plus,USB Type-C 2.0
A103 Plus,OTG
A103,USB Type-C 2.0
A103,OTG
A102,USB Type-C 2.0
A102,OTG
A102,magnetic connector
A101,USB Type-C 2.0
A101,OTG
A101,magnetic connector
Wildfire E plus,USB Type-C 2.0
Desire 22 Pro,USB Type-C 2.0
Desire 22 Pro,OTG
Wildfire E3,USB Type-C 2.0
Wildfire E3,OTG
Desire 21 Pro 5G,USB Type-C 2.0
Desire 21 Pro 5G,OTG
Desire 20+,USB Type-C 2.0
Desire 20+,OTG
Wildfire E1 lite,microUSB 2.0
Wildfire E2,USB Type-C 2.0
Wildfire E2,OTG
Wildfire E1 plus,microUSB 2.0
Wildfire E1,microUSB 2.0
Wildfire E,microUSB 2.0
Desire 20 Pro,USB Type-C 2.0
Desire 20 Pro,OTG
Desire 19s,USB Type-C 2.0
Desire 19s,OTG
Exodus 1s,microUSB 2.0
Wildfire X,USB Type-C 2.0
Wildfire X,OTG
U19e,USB Type-C 3.1
Desire 19+,USB Type-C 2.0
Desire 19+,OTG
Desire 12s,microUSB 2.0
U12 life,USB Type-C 2.0
U12+,USB Type-C 3.1
Desire 12+,microUSB 2.0
Desire 12,microUSB 2.0
U11 Eyes,USB Type-C 2.0
U11+,USB Type-C 3.1
U11 Life,USB Type-C 2.0
U11,USB Type-C 3.1
One X10,microUSB 2.0
U Ultra,USB Type-C 3.1
U Play,USB Type-C 2.0
10 evo,USB Type-C 2.0
Desire 650,microUSB 2.0
Desire 10 Pro,microUSB 2.0
Desire 10 Compact,microUSB 2.0
One A9s,microUSB 2.0
Desire 10 Lifestyle,microUSB 2.0
Desire 728 Ultra,microUSB 2.0
Desire 628,microUSB 2.0
One M9 Prime Camera,microUSB 2.0 (MHL 3.0 TV-out)
One M9 Prime Camera,OTG
Desire 830,microUSB 2.0
One S9,microUSB 2.0
10 Lifestyle,USB Type-C 2.0
10,USB Type-C 3.1
Desire 825,microUSB 2.0
Desire 630,microUSB 2.0
Desire 530,microUSB 2.0
Desire 625,microUSB 2.0
One X9,microUSB 2.0
One M9s,microUSB 2.0
Desire 828 dual sim,microUSB 2.0
Desire 728 dual sim,microUSB 2.0
One E9s dual sim,microUSB 2.0
Butterfly 3,microUSB 2.0 (MHL 3.0 TV-out)
One M9+ Supreme Camera,microUSB 2.0 (MHL 2 TV-out)
One M9+ Supreme Camera,OTG
One A9,microUSB 2.0
One A9,OTG
Desire 626s,microUSB 2.0
Desire 526,microUSB 2.0
One ME,microUSB 2.0
Desire 820G+ dual sim,microUSB 2.0
Desire 326G dual sim,microUSB 2.0
One M9+,microUSB 2.0 (MHL 2 TV-out)
One M9+,OTG
One M8s,microUSB 2.0 (MHL TV-out)
One M8s,OTG
One E9+,microUSB 2.0
One E9,microUSB 2.0
One M9,microUSB 2.0 (MHL 3.0 TV-out)
One M9,OTG
Desire 820s dual sim,microUSB 2.0
Desire 626G+,microUSB 2.0
Desire 626,microUSB 2.0
Desire 526G+ dual sim ,microUSB 2.0
Desire 826 dual sim,microUSB 2.0
Desire 320,microUSB 2.0
Desire 620G dual sim,microUSB 2.0
Desire 620,microUSB 2.0
Nexus 9,microUSB 2.0
Desire 816G dual sim,microUSB 2.0
One (M8 Eye),microUSB 2.0
Desire Eye,microUSB 2.0
Desire 612,microUSB 2.0
Desire 820q dual sim,microUSB 2.0
Desire 820 dual sim,microUSB 2.0
Desire 820 dual sim,OTG
Desire 820,microUSB 2.0
Desire 820,OTG
One (E8) CDMA,microUSB 2.0
Desire 510,microUSB 2.0
One (M8) for Windows,microUSB 2.0
One (M8) for Windows (CDMA),microUSB 2.0
Butterfly 2,microUSB 2.0 (MHL TV-out)
One Remix,microUSB 2.0 (MHL TV-out)
One Remix,OTG
One (M8) dual sim,microUSB 2.0 (MHL TV-out)
One (M8) dual sim,OTG
Desire 516 dual sim,microUSB 2.0
One (E8),microUSB 2.0
One mini 2,microUSB 2.0
One mini 2,OTG
Desire 616 dual sim,microUSB 2.0
Desire 210 dual sim,microUSB 2.0
One (M8) CDMA,microUSB 2.0 (MHL TV-out)
One (M8) CDMA,OTG
One (M8),microUSB 2.0 (MHL TV-out)
One (M8),OTG
Desire 310 dual sim,microUSB 2.0
Desire 310,microUSB 2.0
Desire 816 dual sim,microUSB 2.0
Desire 816,microUSB 2.0
Desire 610,microUSB 2.0
Desire 501 dual sim,microUSB 2.0
Desire 700,microUSB 2.0
Desire 700,OTG
Desire 700 dual sim,microUSB 2.0
Desire 700 dual sim,OTG
Desire 601 dual sim,microUSB 2.0
Desire 501,microUSB 2.0
One Max,microUSB 2.0 (MHL TV-out)
Desire 300,microUSB 2.0
Desire 601,microUSB 2.0
Desire 601,OTG
Desire 500,microUSB 2.0
Desire 500,OTG
One mini,microUSB 2.0
8XT,microUSB 2.0
Butterfly S,microUSB 2.0 (MHL TV-out)
Desire 600 dual sim,microUSB 2.0
First,microUSB 2.0
One Dual Sim,microUSB 2.0 (MHL TV-out)
One,microUSB 2.0 (MHL TV-out)
One,OTG
Desire 400 dual sim,microUSB 2.0
Butterfly,microUSB 2.0 (MHL TV-out)
DROID DNA,microUSB 2.0 (MHL TV-out)
One SV CDMA,microUSB 2.0
One SV,microUSB 2.0 (MHL TV-out)
Desire SV,microUSB 2.0
One VX,microUSB 2.0
One X+,microUSB 2.0 (MHL TV-out)
Windows Phone 8X CDMA,microUSB 2.0
Windows Phone 8X,microUSB 2.0
Windows Phone 8S,microUSB 2.0
One ST,microUSB 2.0
One SC,microUSB 2.0
Desire X,microUSB 2.0
Desire XC,microUSB 2.0
J,microUSB 2.0
DROID Incredible 4G LTE,microUSB 2.0 (MHL TV-out)
Evo 4G LTE,microUSB 2.0 (MHL TV-out)
One XC,microUSB 2.0 (MHL TV-out)
One X,microUSB 2.0 (MHL TV-out)
One X AT&T,microUSB 2.0 (MHL TV-out)
One XL,microUSB 2.0 (MHL TV-out)
One S C2,microUSB 2.0 (MHL TV-out)
One S,microUSB 2.0 (MHL TV-out)
Velocity 4G Vodafone,microUSB 2.0 (MHL TV-out)
Velocity 4G,microUSB 2.0 (MHL TV-out)
Rezound,microUSB 2.0 (MHL TV-out)
Vivid,microUSB 2.0
Amaze 4G,microUSB 2.0 (MHL TV-out)
Raider 4G,microUSB 2.0 (MHL TV-out)
Sensation XE,microUSB 2.0 (MHL TV-out)
Jetstream,2.0
Sensation 4G,microUSB 2.0 (MHL TV-out)
EVO 3D,microUSB 2.0 (MHL TV-out)
Sensation,microUSB 2.0 (MHL TV-out)
EVO 3D CDMA,microUSB 2.0 (MHL TV-out)
Hero,miniUSB 2.0
nova 12,USB Type-C 2.0
nova 12,OTG
nova 12 Lite,USB Type-C 2.0
nova 12 Lite,OTG
MatePad Pro 11 (2024),USB Type-C 3.1
MatePad Pro 11 (2024),OTG
nova 11 SE,USB Type-C 2.0
MatePad Pro 13.2,USB Type-C
MatePad Pro 13.2,magnetic accessory connector
Mate 60 RS Ultimate,USB Type-C 3.1
Mate 60 RS Ultimate,OTG
Mate 60 RS Ultimate,DisplayPort 1.2
Mate 60 Pro,USB Type-C 3.1
Mate 60 Pro,OTG
Mate 60 Pro,DisplayPort 1.2
MatePad 11.5,USB Type-C
MatePad 11.5,magnetic accessory connector
nova Y71,USB Type-C 2.0
nova Y71,OTG
nova 11,USB Type-C 2.0
nova 11,OTG
MatePad 11 (2023),USB Type-C 3.1
MatePad 11 (2023),OTG
Enjoy 50z,USB Type-C 2.0
Enjoy 50z,OTG
nova Y61,USB Type-C 2.0
nova Y61,OTG
Mate 50 RS Porsche Design,USB Type-C 3.1
Mate 50 RS Porsche Design,OTG
Mate 50 RS Porsche Design,Display Port 1.2
Mate 50 Pro,USB Type-C 3.1
Mate 50 Pro,OTG
Mate 50 Pro,Display Port 1.2
MatePad Pro 11 (2022),USB Type-C 3.1
MatePad Pro 11 (2022),OTG
nova 10,USB Type-C 2.0
nova 10,OTG
MatePad 10.4 (2022),USB Type-C 2.0
MatePad 10.4 (2022),OTG
MatePad SE,USB Type-C 2.0
MatePad SE,OTG
nova Y70 Plus,USB Type-C 2.0
nova Y70 Plus,OTG
nova 8 SE 4G,USB Type-C 2.0
nova 8 SE 4G,OTG
nova Y60,USB Type-C 2.0
nova Y60,OTG
Enjoy 20e,microUSB 2.0
Enjoy 20e,OTG
nova 9 Pro,USB Type-C 2.0
nova 9 Pro,OTG
nova 9,USB Type-C 2.0
nova 9,OTG
nova 8 SE Youth,USB Type-C 2.0
nova 8 SE Youth,OTG
Mate 40 Pro 4G,USB Type-C 3.1
Mate 40 Pro 4G,OTG
MatePad Pro 12.6 (2021),USB Type-C 3.1
MatePad Pro 12.6 (2021),OTG
MatePad Pro 10.8 (2021),USB Type-C 3.1
MatePad Pro 10.8 (2021),OTG
MatePad 11 (2021),USB Type-C 3.1
MatePad 11 (2021),OTG
MatePad T 10,USB Type-C 2.0
MatePad T 10,OTG
P40 4G,USB Type-C 3.1
P40 4G,OTG
nova 8 Pro 5G,USB Type-C 2.0
nova 8 Pro 5G,OTG
nova 8 5G,USB Type-C 2.0
nova 8 5G,OTG
Enjoy 20 SE,USB Type-C 2.0
Enjoy 20 SE,OTG
nova 8 SE,USB Type-C 2.0
nova 8 SE,OTG
Mate 40 RS Porsche Design,USB Type-C 3.1
Mate 40 RS Porsche Design,OTG
Mate 40 Pro+,USB Type-C 3.1
Mate 40 Pro+,OTG
Mate 40 Pro,USB Type-C 3.1
Mate 40 Pro,OTG
Mate 30E Pro 5G,USB Type-C 3.1
Mate 30E Pro 5G,OTG
nova 7 SE 5G Youth,USB Type-C 2.0
nova 7 SE 5G Youth,OTG
Y7a,USB Type-C 2.0
Y7a,OTG
P smart 2021,USB Type-C 2.0
P smart 2021,OTG
MatePad 5G,USB Type-C 2.0
MatePad 5G,OTG
Y9a,USB Type-C 2.0
Y9a,OTG
Enjoy 20 Plus 5G,USB Type-C 2.0
Enjoy 20 Plus 5G,OTG
Enjoy 20 5G,USB Type-C 2.0
Enjoy 20 5G,OTG
MatePad 10.8,USB Type-C 2.0
MatePad 10.8,magnetic connector
MatePad T 10s,USB Type-C 2.0
MatePad T 10s,OTG
Enjoy Tablet 2,USB Type-C 2.0
Enjoy Tablet 2,OTG
Enjoy 20 Pro,USB Type-C 2.0
Enjoy 20 Pro,OTG
Enjoy Z 5G,USB Type-C 2.0
Enjoy Z 5G,OTG
P Smart S,USB Type-C 2.0
P Smart S,OTG
Y8p,USB Type-C 2.0
Y8p,OTG
P40 lite 5G,USB Type-C 2.0
P40 lite 5G,OTG
P30 Pro New Edition,USB Type-C 3.1
MatePad T8,microUSB 2.0
MatePad T8,OTG
Y8s,microUSB 2.0
Y6p,microUSB 2.0
Y6p,OTG
Y5p,microUSB 2.0
P smart 2020,microUSB 2.0
P smart 2020,OTG
nova 7 Pro 5G,USB Type-C 2.0
nova 7 Pro 5G,OTG
nova 7 5G,USB Type-C 2.0
nova 7 5G,OTG
nova 7 SE,USB Type-C 2.0
nova 7 SE,OTG
MatePad 10.4,USB Type-C 2.0
Enjoy 10e,microUSB 2.0
Enjoy 10e,OTG
P40,USB Type-C 3.1
P40,OTG
P40 lite E,microUSB 2.0
MatePad Pro 10.8 5G (2019),USB Type-C 3.1
MatePad Pro 10.8 5G (2019),OTG
P30 lite New Edition,USB Type-C 2.0
Y7p,microUSB 2.0
Y6s (2019),microUSB 2.0
P smart Pro 2019,USB Type-C 2.0
MatePad Pro 10.8 (2019),USB Type-C 3.1
MatePad Pro 10.8 (2019),OTG
Y9s,USB Type-C 2.0
nova 5z,USB Type-C 2.0
nova 5z,OTG
Enjoy 10s,USB Type-C 2.0
Enjoy 10s,OTG
Enjoy 10,microUSB 2.0
Enjoy 10,OTG
Mate 30 RS Porsche Design,USB Type-C 3.1
Mate 30 RS Porsche Design,OTG
Mate 30 Pro 5G,USB Type-C 3.1
Mate 30 Pro 5G,OTG
Mate 30 Pro,USB Type-C 3.1
Mate 30 Pro,OTG
Mate 30 5G,USB Type-C 3.1
Mate 30 5G,OTG
Mate 30,USB Type-C 3.1
Mate 30,OTG
nova 5i Pro,USB Type-C 2.0
nova 5i Pro,OTG
Enjoy 10 Plus,USB Type-C 2.0
Enjoy 10 Plus,OTG
nova 5T,USB Type-C 2.0
nova 5T,OTG
MediaPad M6 10.8,USB Type-C 2.0
MediaPad M6 10.8,magnetic connector
MediaPad M6 Turbo 8.4,USB Type-C 2.0
MediaPad M6 Turbo 8.4,OTG
MediaPad M6 8.4,USB Type-C 2.0
nova 5 Pro,USB Type-C 2.0
nova 5 Pro,OTG
nova 5,USB Type-C 2.0
nova 5,OTG
Y9 Prime (2019),USB Type-C 2.0
Y9 Prime (2019),OTG
P Smart Z,USB Type-C 2.0
Mate 20 X (5G),USB Type-C 3.1
Mate 20 X (5G),OTG
P30 Pro,USB Type-C 3.1
P30,USB Type-C 3.1
P30 lite,USB Type-C 2.0
P30 lite,OTG
nova 4e,USB Type-C 2.0
Y5 (2019),microUSB 2.0
Enjoy 9e,microUSB 2.0
Enjoy 9s,microUSB 2.0
Enjoy 9s,OTG
Y Max,microUSB 2.0
Y Max,OTG
MediaPad M5 Lite 8,microUSB 2.0
Y6 Pro (2019),microUSB 2.0
Y6 (2019),microUSB 2.0
Y7 (2019),microUSB 2.0
Y7 Prime (2019),microUSB 2.0
Y7 Pro (2019),microUSB 2.0
Y5 lite (2018),microUSB 2.0
P smart 2019,microUSB 2.0
P smart 2019,OTG
Enjoy 9,microUSB 2.0
Enjoy 9,OTG
Mate 20 RS Porsche Design,USB Type-C 3.1
Mate 20 RS Porsche Design,OTG
Mate 20 X,USB Type-C 3.1
Mate 20 X,OTG
Mate 20 Pro,USB Type-C 3.1
Mate 20 Pro,OTG
Mate 20,USB Type-C 3.1
Mate 20,OTG
MediaPad T5,microUSB 2.0
MediaPad M5 lite,USB Type-C 2.0
Y9 (2019),microUSB 2.0
Mate 20 lite,USB Type-C 2.0
P Smart+ 2019,microUSB 2.0
P Smart+ 2019,OTG
nova 3i,microUSB 2.0
nova 3i,OTG
nova 3,USB Type-C 2.0
Y5 Prime (2018),microUSB 2.0
Y3 (2018),microUSB 2.0
Y6 Prime (2018),microUSB 2.0
Y6 (2018),microUSB 2.0
Mate RS Porsche Design,USB Type-C 3.1
P20 Pro,USB Type-C 3.1
P20,USB Type-C 3.1
P20 lite,USB Type-C 2.0
P20 lite,OTG
Y7 Pro (2018),microUSB 2.0
Y7 Prime (2018),microUSB 2.0
Y7 (2018),microUSB 2.0
Y9 (2018),microUSB 2.0
MediaPad M5 10,USB Type-C 2.0
MediaPad M5 8,USB Type-C 2.0
P smart,microUSB 2.0
nova 2s,USB Type-C 2.0
nova 2s,OTG
Mate 10 Porsche Design,USB Type-C 2.0
Mate 10 Pro,USB Type-C 3.1
Mate 10 Pro,OTG
Mate 10,USB Type-C 3.1
Mate 10,OTG
Mate 10 Lite,microUSB 2.0
Mate 10 Lite,OTG
P9 lite mini,microUSB 2.0
Y7 Prime,microUSB 2.0
Y7 Prime,OTG
MediaPad M3 Lite 8,microUSB 2.0
MediaPad M3 Lite 8,OTG
MediaPad M3 Lite 10,microUSB 2.0
MediaPad M3 Lite 10,OTG
nova 2 plus,USB Type-C 2.0
nova 2,USB Type-C 2.0
Y6II Compact,microUSB 2.0
Y6II Compact,OTG
MediaPad T3 8.0,microUSB 2.0
MediaPad T3 7.0,microUSB 2.0
Y7,microUSB 2.0
Y7,OTG
Y6 (2017),microUSB 2.0
Y5 (2017),microUSB 2.0
Y3 (2017),microUSB 2.0
P10 Plus,USB Type-C 2.0
P10,USB Type-C 2.0
P10 Lite,microUSB 2.0
P8 Lite (2017),microUSB 2.0
P8 Lite (2017),OTG
Enjoy 6s,microUSB 2.0
Mate 9 Pro,USB Type-C 2.0
Mate 9 Porsche Design,USB Type-C 2.0
Mate 9,USB Type-C 2.0
Enjoy 6,microUSB 2.0
MediaPad M3 8.4,microUSB 2.0
nova plus,USB Type-C
nova,USB Type-C
MediaPad T2 10.0 Pro,microUSB 2.0
MediaPad T2 7.0 Pro,microUSB 2.0
MediaPad T2 7.0,microUSB 2.0
G9 Plus,USB Type-C
G9 Plus,OTG
MediaPad T1 7.0 Plus,microUSB 2.0
MediaPad T1 7.0 Plus,OTG
MediaPad M2 7.0,microUSB 2.0
Y3II,microUSB 2.0
Y5II,microUSB 2.0
P9 lite,microUSB 2.0
P9 Plus,USB Type-C
P9,USB Type-C
MediaPad M2 10.0,microUSB 2.0
Enjoy 5s,microUSB 2.0
Mate 8,microUSB 2.0
Mate 8,OTG
G7 Plus,microUSB 2.0
Y6 Pro,microUSB 2.0
Nexus 6P,USB Type-C 2.0
Mate S,microUSB 2.0
Y6,microUSB 2.0
G8,microUSB 2.0
MediaPad M2 8.0,microUSB 2.0
Y560,microUSB 2.0
Y625,microUSB 2.0
P8lite ALE-L04,microUSB 2.0
P8lite,microUSB 2.0
P8max,microUSB 2.0
P8max,OTG
P8,microUSB 2.0
P8,OTG
SnapTo,microUSB 2.0
MediaPad X2,microUSB 2.0
Y635,microUSB 2.0
Y360,microUSB 2.0
Ascend Y520,microUSB 2.0
Ascend Y221,microUSB 2.0
Ascend GX1,microUSB 2.0
Ascend Mate7 Monarch,microUSB 2.0
Ascend Mate7 Monarch,OTG
MediaPad T1 10,microUSB 2.0
MediaPad T1 8.0,microUSB 2.0
Ascend G620s,microUSB 2.0
Ascend Y550,microUSB 2.0
Ascend G7,microUSB 2.0
Ascend G7,OTG
Ascend Mate7,microUSB 2.0
Ascend Mate7,OTG
Ascend G535,microUSB 2.0
Ascend G630,microUSB 2.0
Ascend Y330,microUSB 2.0
Ascend P7,microUSB 2.0
Ascend P7,OTG
Ascend P7 mini,microUSB 2.0
Ascend P7 mini,OTG
Ascend G730,microUSB 2.0
Ascend Y600,microUSB 2.0
MediaPad 10 Link+,microUSB 2.0
Ascend G6 4G,microUSB 2.0
Ascend G6,microUSB 2.0
MediaPad M1,microUSB 2.0
MediaPad X1,microUSB 2.0
Ascend Y530,microUSB 2.0
MediaPad 7 Youth2,microUSB 2.0
Ascend P6 S,microUSB 2.0
Ascend P6 S,OTG
Ascend Mate2 4G,microUSB 2.0
Ascend Mate2 4G,OTG
Ascend Y320,microUSB 2.0
Ascend Y220,microUSB 2.0
Ascend G740,microUSB 2.0
Ascend Y511,microUSB 2.0
Ascend W2,microUSB 2.0
G610s,microUSB 2.0
MediaPad 7 Youth,microUSB 2.0
MediaPad 7 Vogue,microUSB 2.0
MediaPad 7 Vogue,OTG
Ascend P6,microUSB 2.0
Ascend P6,OTG
Ascend Y300,microUSB 2.0
Premia 4G M931,microUSB 2.0
Ascend P2,microUSB 2.0
Ascend G615,microUSB 2.0
Ascend G526,microUSB 2.0
Ascend G350,microUSB 2.0
Ascend W1,microUSB 2.0
Ascend Mate,microUSB 2.0
Ascend Mate,OTG
Ascend D2,microUSB 2.0
Ascend G510,microUSB 2.0
Ascend P1 LTE,microUSB 2.0 (MHL TV-out)
Ascend G600,microUSB 2.0
Ascend G330,microUSB 2.0
Ascend G330D U8825D,microUSB 2.0
Ascend P1,microUSB 2.0 (MHL TV-out)
MediaPad 10 FHD,microUSB 2.0
MediaPad 10 FHD,OTG
Ascend D1 XL U9500E,microUSB 2.0 (MHL TV-out)
Ascend D1 XL U9500E,OTG
Ascend D1,microUSB 2.0 (MHL TV-out)
Ascend D1,OTG
Ascend D quad XL,microUSB 2.0 (MHL TV-out)
Ascend D quad,microUSB 2.0 (MHL TV-out)
Ascend D quad,OTG
Ascend P1s,microUSB 2.0 (MHL TV-out)
MediaPad,microUSB 2.0
MediaPad,OTG
MediaPad S7-301w,microUSB 2.0
MediaPad S7-301w,OTG
Smart 8 Plus,USB Type-C 2.0
Smart 8 Plus,OTG
Smart 8 Pro,USB Type-C 2.0
Smart 8 Pro,OTG
Smart 8 (India),USB Type-C 2.0
Smart 8 (India),OTG
Smart 8 HD,USB Type-C 2.0
Smart 8 HD,OTG
Smart 8,USB Type-C 2.0
Smart 8,OTG
Zero 30 4G,USB Type-C 2.0
Zero 30 4G,OTG
Zero 30,USB Type-C 2.0
Zero 30,OTG
GT 10 Pro,USB Type-C 2.0
Note 30 VIP,USB Type-C 2.0
Note 30 VIP,OTG
Smart 7 HD,microUSB 2.0
Smart 7 HD,OTG
Hot 30i,USB Type-C 2.0
Hot 30i,OTG
Smart 7 (India),USB Type-C 2.0
Note 12 (2023),USB Type-C 2.0
Note 12 (2023),OTG
Zero Ultra,USB Type-C 2.0
Zero Ultra,OTG
Hot 20 5G,USB Type-C 2.0
Hot 20 5G,OTG
Hot 20i,microUSB 2.0
Hot 20i,OTG
Zero 20,USB Type-C 2.0
Zero 20,OTG
Note 12i 2022,USB Type-C 2.0
Note 12i 2022,OTG
Hot 12 Pro,Yes
Smart 6 Plus (India),microUSB 2.0
Smart 6 Plus (India),OTG
Note 12 Pro,USB Type-C 2.0
Note 12 Pro,OTG
Note 12 Pro 5G,USB Type-C 2.0
Note 12 Pro 5G,OTG
Note 12 5G,USB Type-C 2.0
Note 12 5G,OTG
Hot 12 Play,USB Type-C 2.0
Hot 12 Play,OTG
Note 12 VIP,USB Type-C 2.0
Note 12 VIP,OTG
Note 12 G96,USB Type-C 2.0
Note 12 G96,OTG
Note 12,USB Type-C 2.0
Note 12,OTG
Hot 12,Yes
Hot 11 2022,USB Type-C 2.0
Hot 11 2022,OTG
Hot 12i,microUSB 2.0
Note 11,USB Type-C 2.0
Note 11,OTG
Hot 11,USB Type-C 2.0
Hot 11,OTG
Zero X Pro,USB Type-C 2.0
Zero X Pro,OTG
Zero X,USB Type-C 2.0
Zero X,OTG
Smart HD 2021,microUSB 2.0
Smart 5,microUSB 2.0
Note 7 Lite,microUSB 2.0
Note 7 Lite,OTG
Hot 9 Pro,microUSB 2.0
Hot 9 Pro,OTG
Hot 9,microUSB 2.0
Hot 9,OTG
S5 Pro,microUSB 2.0
S5 Pro,OTG
S5 lite,microUSB 2.0
S5 lite,OTG
S5,microUSB 2.0
S5,OTG
Note 6,microUSB 2.0
Note 6,OTG
Hot 7 Pro,microUSB 2.0
Hot 7 Pro,OTG
Hot 7,microUSB 2.0
Tab M11,USB Type-C 2.0
Legion Y700 (2023),2x USB Type-C 3.1 Gen2
Tab P12,USB Type-C 2.0
Tab M10,USB Type-C 2.0
Tab Extreme,USB Type-C 3.2 and USB Type-C 2.0
Tab Extreme,OTG
Tab Extreme,DisplayPort
Tab Extreme,accessory connector
Tab M9,USB Type-C 2.0
Tab M8 (4th Gen),USB Type-C 2.0
Tab M8 (4th Gen),OTG
Tab P11 Gen 2,USB Type-C 2.0
Tab P11 Gen 2,OTG
Tab P11 Gen 2,magnetic connector
Tab P11 Pro Gen 2,USB Type-C 3.0
Tab P11 Pro Gen 2,OTG
Tab P11 Pro Gen 2,magnetic connector
Tab P11 Pro Gen 2,video output
Tab M10 Gen 3,USB Type-C 2.0
Tab M10 Gen 3,OTG
Tab M10 Gen 3,magnetic connector
Legion Y70,USB Type-C
Tab M10 Plus (3rd Gen),USB Type-C 2.0
Legion Y700,USB Type-C 3.1 Gen2
K14 Plus,USB Type-C 2.0
Tab K10,USB Type-C 2.0
Tab P12 Pro,USB Type-C 3.1
Tab P11 5G,USB Type-C 3.2
Tab P11 5G,DisplayPort
K13,USB Type-C 2.0
K13,OTG
Tab P11 Plus,USB Type-C 2.0
Tab M7 (3rd Gen),microUSB 2.0
Tab M7 (3rd Gen),OTG
K13 Note,USB Type-C 2.0
Pad Pro,USB Type-C 3.1
Pad Pro,OTG
Pad Pro,magnetic connector
Pad Plus,USB Type-C 3.1
Pad Plus,OTG
Pad Plus,magnetic connector
Pad,USB Type-C 2.0
Pad,OTG
Pad,magnetic connector
K12 (China),microUSB 2.0
K12 (China),OTG
A8 2020,microUSB 2.0
A8 2020,OTG
Tab P11 Pro,USB Type-C 3.2
Tab P11,USB Type-C 2.0
Tab M10 HD Gen 2,USB Type-C 2.0
Tab M10 HD Gen 2,OTG
Tab M10 HD Gen 2,magnetic connector
Legion Duel,USB Type-C 3.1 (side)
Legion Duel,USB Type-C 2.0 (bottom)
Legion Duel,OTG
M10 Plus,USB Type-C 2.0
K10 Note,USB Type-C 2.0
K10 Note,OTG
A6 Note,microUSB 2.0
Tab M8 (FHD),microUSB 2.0
Tab M8 (FHD),OTG
Tab M8 (HD),microUSB 2.0
Tab M8 (HD),OTG
Tab M7,microUSB 2.0
Z6,USB Type-C 2.0
Z6,OTG
Z6 Pro 5G,USB Type-C 2.0
Z6 Pro 5G,OTG
Z6 Youth,USB Type-C 2.0
Z6 Pro,USB Type-C 2.0
Z6 Pro,OTG
K6 Enjoy,USB Type-C 2.0
Tab V7,USB Type-C 2.0
S5 Pro GT,USB Type-C 2.0
Z5s,USB Type-C 2.0
Z5 Pro GT,USB Type-C 2.0
Z5 Pro GT,OTG
Z5 Pro,USB Type-C 2.0
Z5 Pro,OTG
S5 Pro,USB Type-C 2.0
K5 Pro,USB Type-C 2.0
K5 Pro,OTG
K9,USB Type-C 2.0
K9,OTG
Z5,USB Type-C 2.0
K5 Note (2018),microUSB 2.0
A5,microUSB 2.0
K5 play,microUSB 2.0
K5,microUSB 2.0
S5,USB Type-C 2.0
S5,OTG
K320t,microUSB 2.0
K320t,OTG
moto tab,USB Type-C 2.0
Tab 7 Essential,microUSB 2.0
Tab 7,microUSB 2.0
K8 Plus,microUSB 2.0
K8 Plus,OTG
K8,microUSB 2.0
Tab 4 10 Plus,USB Type-C 3.0 (Verizon/ATT)
Tab 4 10 Plus,USB Type-C 2.0 (all other versions)
Tab 4 10,microUSB 2.0
Tab 4 8 Plus,USB Type-C 3.0 (TB-8704V)
Tab 4 8 Plus,USB Type-C 2.0 (all other versions)
Tab 4 8,microUSB 2.0
Tab3 8 Plus,microUSB 2.0
Tab3 8 Plus,OTG
ZUK Edge,USB Type-C 3.1
A6600 Plus,microUSB 2.0
A6600,microUSB 2.0
B,microUSB 2.0
A Plus,microUSB 2.0
P2,microUSB 2.0
P2,OTG
K6 Note,microUSB 2.0
K6 Power,microUSB 2.0
K6,microUSB 2.0
Vibe A,microUSB 2.0
C2,microUSB 2.0
Phab2 Plus,microUSB 2.0
Phab2,microUSB 2.0
Phab2 Pro,microUSB 2.0
Vibe C,microUSB 2.0
ZUK Z2 Pro,USB Type-C 3.1
Tab3 10,microUSB 2.0
Tab3 10,OTG
Tab3 8,microUSB 2.0
Tab3 7,microUSB 2.0
Vibe K5 Plus,microUSB 2.0
Vibe K5 Plus,OTG
Vibe K5,microUSB 2.0
Vibe K5,OTG
A7000 Turbo,microUSB 2.0
A7000 Turbo,OTG
Vibe P1 Turbo,microUSB 2.0
Vibe P1 Turbo,OTG
K5 Note,microUSB 2.0
Lemon 3,microUSB 2.0
Vibe S1 Lite,microUSB 2.0
Vibe K4 Note,microUSB 2.0
A3690,microUSB 2.0
Yoga Tab 3 Pro,microUSB 2.0
Yoga Tab 3 Pro,OTG
Yoga Tab 3 8.0,microUSB 2.0
A1000,microUSB 2.0
Phab,microUSB 2.0
Phab Plus,microUSB 2.0
Vibe P1,microUSB 2.0
Vibe P1,OTG
A6010 Plus,microUSB 2.0
A6010,microUSB 2.0
Vibe P1m,microUSB 2.0
Vibe P1m,OTG
Vibe S1,microUSB 2.0
A2010,microUSB 2.0
A3900,microUSB 2.0
A3900,OTG
S60,microUSB 2.0
A6000 Plus,microUSB 2.0
A1900,microUSB 2.0
K3 Note,microUSB 2.0
K3 Note,OTG
Vibe Shot,microUSB 2.0
A7000 Plus,microUSB 2.0
A7000,microUSB 2.0
A5000,microUSB 2.0
A5000,OTG
Tab 2 A10-70,microUSB 2.0
Tab 2 A8-50,microUSB 2.0
P70,microUSB 2.0
P70,OTG
Tab 2 A7-30,microUSB 2.0
Tab 2 A7-20,microUSB 2.0
Tab 2 A7-10,microUSB 2.0
A6000,microUSB 2.0
P90,microUSB 2.0
Vibe X2 Pro,microUSB 2.0
K3,microUSB 2.0
Golden Warrior Note 8,microUSB 2.0
A916,microUSB 2.0
A319,microUSB 2.0
S856,microUSB 2.0
S580,microUSB 2.0
S90 Sisley,microUSB 2.0
A606,microUSB 2.0
Yoga Tablet 2 10.1,microUSB 2.0
Yoga Tablet 2 10.1,OTG
Yoga Tablet 2 8.0 ,microUSB 2.0
Yoga Tablet 2 8.0 ,OTG
Tab S8,microUSB 3.0
Vibe X2,microUSB 2.0
Vibe Z2,microUSB 2.0
A850+,microUSB 2.0
Vibe Z2 Pro,microUSB 2.0
Golden Warrior A8,microUSB 2.0
Golden Warrior S8,microUSB 2.0
S939,microUSB 2.0
S750,microUSB 2.0
A889,microUSB 2.0
A680,microUSB 2.0
A316i,microUSB 2.0
A536,microUSB 2.0
A10-70 A7600,microUSB 2.0
A8-50 A5500,microUSB 2.0
A7-50 A3500,microUSB 2.0
A7-30 A3300,microUSB 2.0
Yoga Tablet 10 HD+,microUSB 2.0
Yoga Tablet 10 HD+,OTG
S860,microUSB 2.0
S850,microUSB 2.0
S660,microUSB 2.0
A880,microUSB 2.0
A859,microUSB 2.0
S930,microUSB 2.0
S650,microUSB 2.0
Vibe Z K910,microUSB 2.0
Yoga Tablet 10,microUSB 2.0
Yoga Tablet 10,OTG
Yoga Tablet 8,microUSB 2.0
Yoga Tablet 8,OTG
A630,microUSB 2.0
A516,microUSB 2.0
Vibe X S960,microUSB 2.0
Vibe X S960,OTG
S5000,microUSB 2.0
S5000,OTG
A850,microUSB 2.0
P780,microUSB 2.0
P780,OTG
S820,microUSB 2.0
A390,microUSB 2.0
A369i,microUSB 2.0
S920,microUSB 2.0
IdeaTab S6000H,microUSB 2.0
IdeaTab S6000H,OTG
IdeaTab S6000F,microUSB 2.0
IdeaTab S6000F,OTG
IdeaTab S6000L,microUSB 2.0
IdeaTab S6000L,OTG
IdeaTab A3000,microUSB 2.0
IdeaTab A3000,OTG
IdeaTab A1000,microUSB 2.0
IdeaTab A1000,OTG
K900,microUSB 2.0
K900,OTG
S890,microUSB 2.0
A800,microUSB 2.0
A789,microUSB 2.0
S720,microUSB 2.0
P770,microUSB 2.0
A660,microUSB 2.0
K860,microUSB 2.0
P700i,microUSB 2.0
IdeaPad K1,miniUSB 2.0
Ultra Tab,USB Type-C
W41 Pro,USB Type-C 2.0
W41 Pro,OTG
W41+,USB Type-C 2.0
W41+,OTG
W41,USB Type-C 2.0
W41,OTG
W31+,microUSB 2.0
W31+,OTG
W31,microUSB 2.0
W31,OTG
K92 5G,USB Type-C 3.1
K62,USB Type-C 3.1
Q52,USB Type-C 3.1
K52,USB Type-C 3.1
K52,OTG
K42,USB Type-C 2.0
K42,OTG
K22,microUSB 2.0
K22,OTG
Q92 5G,USB Type-C 2.0
Q31,microUSB 2.0
K31,microUSB 2.0
W10 Alpha,microUSB 2.0
W10 Alpha,OTG
K61,USB Type-C 2.0
K51S,USB Type-C 2.0
K51S,OTG
K41S,USB Type-C 2.0
K41S,OTG
G Pad 5 10.1,USB Type-C 2.0
V50S ThinQ 5G,USB Type-C 3.1
V50S ThinQ 5G,OTG
G8X ThinQ,USB Type-C 3.1
G8X ThinQ,OTG
K30 (2019),microUSB 2.0
K20 (2019),microUSB 2.0
K40S,microUSB 2.0
K40S,OTG
K50S,USB Type-C 2.0
K50S,OTG
W30 Pro,USB Type-C 2.0
W30 Pro,OTG
W30,microUSB 2.0
W30,OTG
W10,microUSB 2.0
W10,OTG
Stylo 5,USB Type-C 2.0
V50 ThinQ 5G,USB Type-C 3.1
G8 ThinQ,USB Type-C 3.1
G8 ThinQ,OTG
Q60,microUSB 2.0
K50,microUSB 2.0
K50,OTG
K40,microUSB 2.0
K40,OTG
V40 ThinQ,USB Type-C 2.0
Tribute Empire,microUSB 2.0
Candy,microUSB 2.0
G7 Fit,USB Type-C 3.1
G7 Fit,OTG
Q8 (2018),USB Type-C 2.0
K11 Plus,microUSB 2.0
Q Stylo 4,USB Type-C 2.0
Q Stylus,USB Type-C 2.0
V35 ThinQ,USB Type-C 3.1
Q7,USB Type-C 2.0
Q7,OTG
G7 ThinQ,USB Type-C 3.1
G7 ThinQ,OTG
V30S ThinQ,USB Type-C 3.1
Zone 4,microUSB 2.0
X power 3,microUSB 2.0
K30,USB Type-C 2.0
K10 (2018),microUSB 2.0
K8 (2018),microUSB 2.0
K8 (2018),OTG
Aristo 2,microUSB 2.0
X4+,microUSB 2.0
V30,USB Type-C 3.1
V30,OTG
Q8 (2017),USB Type-C
Q6,microUSB 2.0
Q6,OTG
G Pad IV 8.0 FHD,microUSB 2.0
G Pad IV 8.0 FHD,magnetic connector
X venture,USB Type-C 2.0
G6,USB Type-C 3.1
G6,OTG
X power2,microUSB 2.0
X power2,OTG
Stylo 3 Plus,microUSB 2.0
Stylus 3,microUSB 2.0
Stylus 3,OTG
Harmony,microUSB 2.0
K20 plus,microUSB 2.0
K10 (2017),microUSB 2.0
K10 (2017),OTG
K8 (2017),microUSB 2.0
K8 (2017),OTG
K7 (2017),microUSB 2.0
K4 (2017),microUSB 2.0
K3 (2017),microUSB 2.0
G Pad III 10.1 FHD,USB Type-C
V20,USB Type-C 3.1
X Skin,microUSB 2.0
X5,microUSB
X max,microUSB 2.0
G Pad X 8.0,microUSB 2.0
X power,microUSB 2.0
X power,OTG
X style,microUSB 2.0
Stylus 2 Plus,microUSB 2.0
Stylo 2,microUSB 2.0
K5,microUSB 2.0
K3,microUSB 2.0
G5 SE,USB Type-C 2.0
G5 SE,OTG
G5,USB Type-C 3.0
G5,OTG
X cam,microUSB 2.0
K8,microUSB 2.0
Stylus 2,microUSB 2.0
K10,microUSB 2.0
K4,microUSB 2.0
Ray,microUSB 2.0
G Vista 2,microUSB 2.0
Zero,microUSB 2.0
G Pad II 10.1,microUSB 2.0
G Pad II 8.0 LTE,USB 2.0
Wine Smart,microUSB 2.0
Tribute 2,microUSB 2.0
Bello II,microUSB 2.0
G4 Beat,microUSB 2.0
G4c,microUSB 2.0
G Stylo,microUSB 2.0
G4 Stylus,microUSB 2.0
AKA,microUSB 2.0
Magna,microUSB 2.0
Spirit,microUSB 2.0
Leon,microUSB 2.0
Joy,microUSB 2.0
G Flex2,microUSB 2.0 (SlimPort)
G Flex2,OTG
Tribute,microUSB 2.0
G2 Lite,microUSB 2.0
G3 Dual-LTE,microUSB 2.0 (SlimPort)
G3 Dual-LTE,OTG
G3 Screen,microUSB 2.0
F60,microUSB 2.0
L60,microUSB 2.0
G3 Stylus,microUSB 2.0
L Bello,microUSB 2.0
L Fino,microUSB 2.0
G Pad 8.0 LTE,microUSB 2.0
G Vista,microUSB 2.0
G3 A,microUSB 2.0
G Pad 7.0 LTE,microUSB 2.0
L50,microUSB 2.0
G Vista (CDMA),microUSB 2.0
G3 LTE-A,microUSB 2.0 (SlimPort)
G3 LTE-A,OTG
G3 S,microUSB 2.0
L65 D280,microUSB 2.0
G3 (CDMA),microUSB 2.0 (SlimPort)
G3 (CDMA),OTG
G3,microUSB 2.0 (SlimPort)
G3,OTG
Volt,microUSB 2.0
G Pad 10.1 LTE,microUSB 2.0
G Pad 10.1 LTE,OTG
G Pad 10.1,microUSB 2.0
G Pad 10.1,OTG
G Pad 8.0,microUSB 2.0
G Pad 7.0,microUSB 2.0
G Pad 7.0,OTG
L80,microUSB 2.0
Lucid 3 VS876,microUSB 2.0
L65 Dual D285,microUSB 2.0
G Pad 8.3 LTE,microUSB 2.0 (SlimPort)
F70 D315,microUSB 2.0
G2 mini LTE (Tegra),microUSB 2.0
G2 mini LTE,microUSB 2.0
G2 mini,microUSB 2.0
L90 Dual D410,microUSB 2.0
L90 D405,microUSB 2.0
L70 D320N,microUSB 2.0
L70 Dual D325,microUSB 2.0
L40 D160,microUSB
L40 Dual D170,microUSB
G Pro 2,microUSB 2.0 (SlimPort)
G Pro 2,OTG
Optimus F3Q,microUSB 2.0
GX F310L,microUSB 2.0 (SlimPort)
GX F310L,OTG
Nexus 5,microUSB 2.0 (SlimPort)
Nexus 5,OTG
G Flex,microUSB 2.0
G Flex,OTG
G Pro Lite,microUSB 2.0
G Pro Lite Dual,microUSB 2.0
G Pad 8.3,microUSB 2.0 (SlimPort)
G2,microUSB 2.0 (SlimPort)
G2,OTG
Optimus L9 II,microUSB 2.0 HS
Enact VS890,
Optimus GJ E975W,microUSB 2.0 (MHL TV-out)
Optimus GJ E975W,OTG
Optimus F3,microUSB 2.0
Lucid2 VS870,microUSB 2.0
Optimus F7,microUSB 2.0
Optimus F6,microUSB 2.0
Optimus F5,microUSB 2.0
Optimus G Pro E985,microUSB 2.0 (SlimPort)
Optimus G Pro E985,OTG
Optimus L7 II Dual P715,microUSB 2.0
Optimus L7 II P710,microUSB 2.0
Nexus 4 E960,microUSB 2.0 (SlimPort)
A390,2.0
Mach LS860,microUSB 2.0
Optimus L9 P769,microUSB 2.0
Optimus Vu II F200,microUSB 2.0 (MHL TV-out)
Optimus G E970,microUSB 2.0 (MHL TV-out)
Optimus G E970,OTG
Optimus G E975,microUSB 2.0 (MHL TV-out)
Optimus G E975,OTG
Intuition VS950,microUSB 2.0
Escape P870,microUSB 2.0
Optimus L9 P760,microUSB 2.0
Motion 4G MS770,microUSB 2.0
Optimus Vu P895,microUSB 2.0 (MHL TV-out)
Optimus True HD LTE P936,microUSB 2.0 (MHL TV-out)
Lucid 4G VS840,microUSB 2.0
Optimus 4X HD P880,microUSB 2.0 (MHL TV-out)
Optimus 3D Max P720,microUSB 2.0 (MHL TV-out)
Optimus Vu F100S,microUSB 2.0 (MHL TV-out)
Optimus Pad LTE,microUSB 2.0
Connect 4G MS840,microUSB 2.0
Viper 4G LTE LS840,microUSB 2.0
Spectrum VS920,microUSB 2.0 (MHL TV-out)
Prada 3.0,microUSB 2.0 (MHL TV-out)
Nitro HD,microUSB 2.0
Optimus 4G LTE P935,microUSB 2.0 (MHL TV-out)
Optimus EX SU880,microUSB 2.0
Optimus Q2 LU6500,microUSB 2.0
Thrill 4G P925,microUSB 2.0
Optimus 3D P920,microUSB 2.0
Optimus Pad V900,microUSB 2.0
Optimus 2X SU660,microUSB 2.0
Optimus 2X,microUSB 2.0
S5000,Proprietary
C210,USB Type-C 2.0
C210,OTG
G310,USB Type-C 2.0
G310,OTG
G42,USB Type-C 2.0
G42,OTG
C300,USB Type-C 2.0
C110,USB Type-C 2.0
XR21,USB Type-C 2.0
XR21,OTG
C12 Pro,microUSB 2.0
C32,USB Type-C 2.0
C22,USB Type-C 2.0
G22,USB Type-C 2.0
G22,OTG
C12,microUSB 2.0
X30,USB Type-C 2.0
X30,OTG
G100,USB Type-C 2.0
G100,OTG
G60,USB Type-C 2.0
G60,OTG
C31,microUSB 2.0
C31,OTG
T21,USB Type-C 2.0
T21,OTG
G400,USB Type-C 2.0
G400,OTG
T10,USB Type-C 2.0
T10,OTG
G11 Plus,USB Type-C 2.0
G11 Plus,OTG
C200,USB Type-C 2.0
C200,OTG
C21 Plus,microUSB 2.0
C21,microUSB 2.0
C2 2nd Edition,microUSB 2.0
G11,USB Type-C 2.0
G11,OTG
G21,USB Type-C 2.0
G21,OTG
X100,USB Type-C 2.0
X100,OTG
G300,USB Type-C 2.0
G300,OTG
T20,USB Type-C 2.0
G50,USB Type-C 2.0
G50,OTG
XR20,USB Type-C 3.0
C30,microUSB 2.0
C30,OTG
C1 2nd Edition,microUSB 2.0
C20 Plus,microUSB 2.0
C01 Plus,microUSB 2.0
X20,USB Type-C 2.0
X20,OTG
X10,USB Type-C 2.0
X10,OTG
G20,USB Type-C 2.0
G20,OTG
C20,microUSB 2.0
C10,microUSB 2.0
1.4,microUSB 2.0
5.4,USB Type-C 2.0
5.4,OTG
C1 Plus,microUSB 2.0
8000 4G,microUSB
6300 4G,microUSB 2.0
8 V 5G UW,USB Type-C 2.0
8 V 5G UW,OTG
2 V Tella,USB Type-C 2.0
3.4,USB Type-C 2.0
2.4,microUSB 2.0
2.4,OTG
C3,microUSB 2.0
C5 Endi,USB Type-C 2.0
C2 Tennen,USB Type-C 2.0
C2 Tava,USB Type-C 2.0
8.3 5G,USB Type-C 2.0
8.3 5G,OTG
5.3,USB Type-C 2.0
5.3,OTG
1.3,microUSB 2.0
1.3,OTG
C2,microUSB 2.0
C1,microUSB 2.0
7.2,USB Type-C 2.0
7.2,OTG
6.2,USB Type-C 2.0
6.2,OTG
800 Tough,microUSB 2.0
X71,USB Type-C 2.0
X71,OTG
9 PureView,USB Type-C 3.1
4.2,microUSB 2.0
4.2,OTG
3 V,microUSB 2.0
3 V,OTG
3.2,microUSB 2.0
3.2,OTG
1 Plus,microUSB 2.0
8.1 (Nokia X7),USB Type-C 2.0
8.1 (Nokia X7),OTG
3.1 Plus,microUSB 2.0
3.1 Plus,OTG
7.1,USB Type-C 2.0
7.1,OTG
6.1 Plus (Nokia X6),USB Type-C 2.0
6.1 Plus (Nokia X6),OTG
5.1 Plus (Nokia X5),USB Type-C 2.0
5.1 Plus (Nokia X5),OTG
5.1,microUSB 2.0
5.1,OTG
3.1,microUSB 2.0
3.1,OTG
2.1,microUSB 2.0
2.1,OTG
8110 4G,microUSB 2.0
8 Sirocco,USB Type-C 3.1
7 plus,USB Type-C 2.0
7 plus,OTG
6.1,USB Type-C 2.0
1,microUSB 2.0
2,microUSB 2.0
7,USB Type-C
7,OTG
8,USB Type-C 3.1
3,microUSB 2.0
3,OTG
5,microUSB 2.0
5,OTG
6,microUSB 2.0
6,OTG
Lumia 638,microUSB 2.0
N1,USB Type-C 2.0
Lumia 730 Dual SIM,microUSB 2.0
Lumia 735,microUSB 2.0
Lumia 830,microUSB 2.0
Lumia 530 Dual SIM,microUSB 2.0
Lumia 530,microUSB 2.0
X2 Dual SIM,microUSB 2.0
Lumia 930,microUSB 2.0
Lumia 635,microUSB 2.0
Lumia 630 Dual SIM,microUSB 2.0
Lumia 630,microUSB 2.0
XL,microUSB 2.0
X+,microUSB 2.0
X,microUSB 2.0
Lumia Icon,microUSB 2.0
Lumia 525,microUSB 2.0
Lumia 1520,microUSB 2.0
Lumia 1320,microUSB 2.0
Lumia 2520,USB 3.0
Lumia 2520,OTG
Lumia 625,microUSB 2.0
Lumia 1020,microUSB 2.0
Lumia 925,microUSB 2.0
Lumia 928,microUSB 2.0
Lumia 720,microUSB 2.0
Lumia 520,microUSB 2.0
Lumia 822,microUSB 2.0
Lumia 810,microUSB 2.0
Lumia 920,microUSB 2.0
C7,microUSB 2.0
C7,OTG
C6,microUSB 2.0
C5,microUSB 2.0
G,USB Type-C 2.0
Galaxy Xcover7,USB Type-C 2.0
Galaxy Xcover7,charging connector pins
Galaxy Tab Active5,USB Type-C 2.0
Galaxy Tab Active5,charging/accessories connector pins
Galaxy A25,USB Type-C 2.0
Galaxy A15 5G,USB Type-C 2.0
Galaxy A15,USB Type-C 2.0
Galaxy Tab A9,USB Type-C 2.0
Galaxy S23 FE,USB Type-C
Galaxy S23 FE,OTG
Galaxy Tab S9 FE+,USB Type-C 2.0
Galaxy Tab S9 FE+,magnetic connector
Galaxy Tab S9 FE,USB Type-C 2.0
Galaxy Tab S9 FE,magnetic connector
Galaxy A05s,USB Type-C 2.0
Galaxy A05,USB Type-C 2.0
Galaxy F34,USB Type-C 2.0
Galaxy F34,OTG
Galaxy Tab S9 Ultra,USB Type-C 3.2
Galaxy Tab S9 Ultra,magnetic connector
Galaxy Tab S9+,USB Type-C 3.2
Galaxy Tab S9+,magnetic connector
Galaxy Tab S9,USB Type-C 3.2
Galaxy Tab S9,magnetic connector
Galaxy M34 5G,USB Type-C 2.0
Galaxy M34 5G,OTG
Galaxy F54,USB Type-C 2.0
Galaxy F54,OTG
Galaxy A24 4G,USB Type-C 2.0
Galaxy F14,USB Type-C 2.0
Galaxy M54,USB Type-C 2.0
Galaxy M54,OTG
Galaxy A54,USB Type-C 2.0
Galaxy A54,OTG
Galaxy A34,USB Type-C 2.0
Galaxy A34,OTG
Galaxy M14,USB Type-C 2.0
Galaxy S23 Ultra,USB Type-C 3.2
Galaxy S23 Ultra,OTG
Galaxy S23+,USB Type-C 3.2
Galaxy S23+,OTG
Galaxy S23,USB Type-C 3.2
Galaxy S23,OTG
Galaxy A14,USB Type-C 2.0
Galaxy A14 5G,USB Type-C 2.0
Galaxy F04,USB Type-C 2.0
Galaxy M04,USB Type-C 2.0
Galaxy Tab A7 10.4 (2022),USB Type-C 2.0
Galaxy A04e,USB Type-C 2.0
Galaxy A04e,OTG
Galaxy Tab Active4 Pro,USB Type-C 3.2
Galaxy Tab Active4 Pro,charging/accessories connector pins
Galaxy A04s,USB Type-C 2.0
Galaxy A04,USB Type-C 2.0
Galaxy A23 5G,USB Type-C 2.0
Galaxy M13 5G,USB Type-C 2.0
Galaxy M13 (India),USB Type-C 2.0
Galaxy A13 (SM-A137),USB Type-C 2.0
Galaxy A13 (SM-A137),OTG
Galaxy Xcover6 Pro,USB Type-C 3.2
Galaxy Xcover6 Pro,charging connector pins
Galaxy F13,USB Type-C 2.0
Galaxy F13,OTG
Galaxy M13,USB Type-C 2.0
Galaxy Tab S6 Lite (2022),USB Type-C
Galaxy M53,USB Type-C 2.0
Galaxy M53,OTG
Galaxy S20 FE 2022,USB Type-C 3.2
Galaxy S20 FE 2022,OTG
Galaxy A73 5G,USB Type-C 2.0
Galaxy A73 5G,OTG
Galaxy A53 5G,USB Type-C 2.0
Galaxy A53 5G,OTG
Galaxy A33 5G,USB Type-C 2.0
Galaxy A33 5G,OTG
Galaxy F23,USB Type-C 2.0
Galaxy F23,OTG
Galaxy M33,USB Type-C 2.0
Galaxy M33,OTG
Galaxy M23,USB Type-C 2.0
Galaxy M23,OTG
Galaxy A23,USB Type-C 2.0
Galaxy A13,USB Type-C 2.0
Galaxy A13,OTG
Galaxy S22 Ultra 5G,USB Type-C 3.2
Galaxy S22 Ultra 5G,OTG
Galaxy S22+ 5G,USB Type-C 3.2
Galaxy S22+ 5G,OTG
Galaxy S22 5G,USB Type-C 3.2
Galaxy S22 5G,OTG
Galaxy Tab S8 Ultra,USB Type-C 3.2
Galaxy Tab S8 Ultra,magnetic connector
Galaxy Tab S8+,USB Type-C 3.2
Galaxy Tab S8+,magnetic connector
Galaxy Tab S8,USB Type-C 3.2
Galaxy Tab S8,magnetic connector
Galaxy S21 FE 5G,USB Type-C
Galaxy S21 FE 5G,OTG
Galaxy Tab A8 10.5 (2021),USB Type-C 2.0
Galaxy A13 5G,USB Type-C 2.0
Galaxy A03,microUSB 2.0
Galaxy A03 Core,microUSB 2.0
Galaxy A03 Core,OTG
Galaxy F42 5G,USB Type-C 2.0
Galaxy F42 5G,OTG
Galaxy M52 5G,USB Type-C 2.0
Galaxy M52 5G,OTG
Galaxy M22,USB Type-C 2.0
Galaxy M32 5G,USB Type-C 2.0
Galaxy M32 5G,OTG
Galaxy A03s,USB Type-C 2.0
Galaxy A52s 5G,USB Type-C 2.0
Galaxy A52s 5G,OTG
Galaxy A12 (India),USB Type-C 2.0
Galaxy A12 Nacho,USB Type-C 2.0
Galaxy M21 2021,USB Type-C 2.0
Galaxy F22,USB Type-C 2.0
Galaxy F22,OTG
Galaxy M32,USB Type-C 2.0
Galaxy M32,OTG
Galaxy A22 5G,USB Type-C 2.0
Galaxy A22,USB Type-C 2.0
Galaxy Tab A7 Lite,USB Type-C 2.0
Galaxy Tab S7 FE,USB Type-C 3.2
Galaxy Tab S7 FE,magnetic connector
Galaxy F52 5G,USB Type-C 2.0
Galaxy M42 5G,USB Type-C 2.0
Galaxy M42 5G,OTG
Galaxy M12,USB Type-C 2.0
Galaxy F12,USB Type-C 2.0
Galaxy F12,OTG
Galaxy F02s,USB Type-C 2.0
Galaxy F02s,OTG
Galaxy A72,USB Type-C 2.0
Galaxy A72,OTG
Galaxy A52 5G,USB Type-C 2.0
Galaxy A52 5G,OTG
Galaxy A52,USB Type-C 2.0
Galaxy A52,OTG
Galaxy Xcover 5,USB Type-C 2.0
Galaxy Xcover 5,charging connector pins
Galaxy A32,USB Type-C 2.0
Galaxy A32,OTG
Galaxy F62,USB Type-C 2.0
Galaxy F62,OTG
Galaxy M12 (India),USB Type-C 2.0
Galaxy M12 (India),OTG
Galaxy S21 Ultra 5G,USB Type-C 3.2
Galaxy S21 Ultra 5G,OTG
Galaxy S21+ 5G,USB Type-C 3.2
Galaxy S21+ 5G,OTG
Galaxy S21 5G,USB Type-C 3.2
Galaxy S21 5G,OTG
Galaxy A32 5G,USB Type-C 2.0
Galaxy A32 5G,OTG
Galaxy M02s,Yes
Galaxy A12,USB Type-C 2.0
Galaxy M02,microUSB 2.0
Galaxy A02,microUSB 2.0
Galaxy A02s,USB Type-C 2.0
Galaxy M21s,USB Type-C 2.0
Galaxy M31 Prime,USB Type-C 2.0
Galaxy F41,USB Type-C 2.0
Galaxy Tab Active3,USB Type-C 3.1
Galaxy Tab Active3,magnetic connector
Galaxy S20 FE 5G,USB Type-C 3.2
Galaxy S20 FE 5G,OTG
Galaxy S20 FE,USB Type-C 3.2
Galaxy S20 FE,OTG
Galaxy A42 5G,USB Type-C 2.0
Galaxy Tab A7 10.4 (2020),USB Type-C 2.0
Galaxy M51,USB Type-C 2.0
Galaxy M51,OTG
Galaxy A51 5G UW,USB Type-C 2.0
Galaxy A51 5G UW,OTG
Galaxy Note20 Ultra 5G,USB Type-C 3.2
Galaxy Note20 Ultra 5G,OTG
Galaxy Note20 Ultra,USB Type-C 3.2
Galaxy Note20 Ultra,OTG
Galaxy Note20 5G,USB Type-C 3.2
Galaxy Note20 5G,OTG
Galaxy Note20,USB Type-C 3.2
Galaxy Note20,OTG
Galaxy Tab S7+,USB Type-C 3.2
Galaxy Tab S7+,magnetic connector
Galaxy Tab S7,USB Type-C 3.2
Galaxy Tab S7,magnetic connector
Galaxy M31s,USB Type-C 2.0
Galaxy M31s,OTG
Galaxy M01s,microUSB 2.0
Galaxy M01s,OTG
Galaxy M01 Core,microUSB 2.0
Galaxy A01 Core,microUSB 2.0
Galaxy M01,microUSB 2.0
Galaxy M01,OTG
Galaxy A21s,USB Type-C 2.0
Galaxy J2 Core (2020),microUSB 2.0
Galaxy J2 Core (2020),OTG
Galaxy A Quantum,USB Type-C 2.0
Galaxy A Quantum,OTG
Galaxy A71 5G,USB Type-C 2.0
Galaxy A71 5G,OTG
Galaxy A51 5G,USB Type-C 2.0
Galaxy A51 5G,OTG
Galaxy A21,USB Type-C 2.0
Galaxy Tab A 8.4 (2020),USB Type-C 2.0
Galaxy Tab S6 Lite,USB Type-C
Galaxy M11,USB Type-C 2.0
Galaxy A31,USB Type-C 2.0
Galaxy A31,OTG
Galaxy A41,USB Type-C 2.0
Galaxy M21,USB Type-C 2.0
Galaxy A11,USB Type-C 2.0
Galaxy M31,USB Type-C 2.0
Galaxy S20 Ultra 5G,USB Type-C 3.2
Galaxy S20 Ultra 5G,OTG
Galaxy S20 Ultra,USB Type-C 3.2
Galaxy S20 Ultra,OTG
Galaxy S20+ 5G,USB Type-C 3.2
Galaxy S20+ 5G,OTG
Galaxy S20+,USB Type-C 3.2
Galaxy S20+,OTG
Galaxy S20 5G UW,USB Type-C 3.2
Galaxy S20 5G UW,OTG
Galaxy S20 5G,USB Type-C 3.2
Galaxy S20 5G,OTG
Galaxy S20,USB Type-C 3.2
Galaxy S20,OTG
Galaxy Tab S6 5G,USB Type-C 3.1
Galaxy Tab S6 5G,magnetic connector
Galaxy Xcover Pro,USB Type-C 2.0
Galaxy Note10 Lite,USB Type-C 2.0
Galaxy S10 Lite,USB Type-C 2.0
Galaxy A01,microUSB 2.0
Galaxy A71,USB Type-C 2.0
Galaxy A71,OTG
Galaxy A51,USB Type-C 2.0
Galaxy A51,OTG
Galaxy Xcover FieldPro,USB Type-C 2.0
Galaxy A70s,USB Type-C 2.0
Galaxy A20s,USB Type-C 2.0
Galaxy M30s,USB Type-C 2.0
Galaxy M10s,USB Type-C 2.0
Galaxy Tab Active Pro,USB Type-C 3.1
Galaxy A90 5G,USB Type-C 3.1
Galaxy A30s,USB Type-C 2.0
Galaxy A30s,OTG
Galaxy A50s,USB Type-C 2.0
Galaxy A50s,OTG
Galaxy Note10+ 5G,USB Type-C 3.1
Galaxy Note10+,USB Type-C 3.1
Galaxy Note10 5G,USB Type-C 3.1
Galaxy Note10,USB Type-C 3.1
Galaxy A10s,microUSB 2.0
Galaxy A10s,OTG
Galaxy A10e,USB Type-C 2.0
Galaxy Tab S6,USB Type-C 3.1
Galaxy Tab S6,magnetic connector
Galaxy Tab A 8.0 (2019),microUSB 2.0
Galaxy Xcover 4s,USB Type-C 2.0
Galaxy A2 Core,microUSB 2.0
Galaxy A2 Core,OTG
Galaxy S10 5G,USB Type-C 3.1
Galaxy S10+,USB Type-C 3.1
Galaxy S10,USB Type-C 3.1
Galaxy S10e,USB Type-C 3.1
Galaxy M40,USB Type-C 2.0
Galaxy M30,USB Type-C 2.0
Galaxy M20,USB Type-C 2.0
Galaxy M10,microUSB 2.0
Galaxy A80,USB Type-C 2.0
Galaxy A70,USB Type-C 2.0
Galaxy A70,OTG
Galaxy A60,USB Type-C 2.0
Galaxy A50,USB Type-C 2.0
Galaxy A50,OTG
Galaxy A40,USB Type-C 2.0
Galaxy A30,USB Type-C 2.0
Galaxy A30,OTG
Galaxy A20e,USB Type-C 2.0
Galaxy A20,USB Type-C 2.0
Galaxy A20,OTG
Galaxy A10,microUSB 2.0
Galaxy A10,OTG
Galaxy Tab S5e,USB Type-C 3.1
Galaxy Tab S5e,magnetic connector
Galaxy Tab A 10.1 (2019),USB Type-C 2.0
Galaxy Tab Advanced2,USB Type-C 2.0
Galaxy Tab A 8.0 (2018),microUSB 2.0
Galaxy Tab S4 10.5,USB Type-C 3.1
Galaxy Tab S4 10.5,magnetic connector
Galaxy Tab A 10.5,USB Type-C 2.0
Galaxy Tab A 10.5,magnetic connector
Galaxy A8s,USB Type-C 2.0
Galaxy A6s,USB Type-C 2.0
Galaxy A9 (2018),USB Type-C 2.0
Galaxy A7 (2018),microUSB 2.0
Galaxy Note9,USB Type-C 3.1
Galaxy J6+,microUSB 2.0
Galaxy J6+,OTG
Galaxy J4 Core,microUSB 2.0
Galaxy J4 Core,OTG
Galaxy J4+,microUSB 2.0
Galaxy J4+,OTG
Galaxy J2 Core,microUSB 2.0
Galaxy J2 Core,OTG
Galaxy On6,microUSB 2.0
Galaxy J7 (2018),microUSB 2.0
Galaxy J7 (2018),OTG
Galaxy J3 (2018),microUSB 2.0
Galaxy A8 Star (A9 Star),USB Type-C 2.0
Galaxy S Light Luxury,USB Type-C 2.0
Galaxy J8,microUSB 2.0
Galaxy J8,OTG
Galaxy J6,microUSB 2.0
Galaxy J6,OTG
Galaxy J4,microUSB 2.0
Galaxy A6 (2018),microUSB 2.0
Galaxy J7 Duo,microUSB 2.0
Galaxy J7 Prime 2,microUSB 2.0
Galaxy J7 Prime 2,OTG
Galaxy S9+,USB Type-C 3.1
Galaxy S9,USB Type-C 3.1
Galaxy J2 Pro (2018),microUSB 2.0
Galaxy J2 Pro (2018),OTG
Galaxy A8+ (2018),USB Type-C 2.0
Galaxy A8 (2018),USB Type-C 2.0
Galaxy J2 (2017),microUSB 2.0
Galaxy J2 (2017),OTG
Galaxy Tab Active 2,USB Type-C 2.0
Galaxy Tab A 8.0 (2017),USB Type-C 2.0
Galaxy Note8,USB Type-C 3.1
Galaxy S8 Active,USB Type-C
Galaxy J7 V,microUSB 2.0
Galaxy Note FE,USB Type-C 3.1
Galaxy J7 Max,microUSB 2.0
Galaxy J7 Max,OTG
Galaxy J5 (2017),microUSB 2.0
Galaxy J3 (2017),microUSB 2.0
Galaxy J3 (2017),OTG
Galaxy Folder2,microUSB 2.0
Z4,microUSB 2.0
Z4,OTG
Galaxy S8,USB Type-C 3.1
Galaxy S8+,USB Type-C 3.1
Galaxy C5 Pro,USB Type-C 2.0
Galaxy Xcover 4,microUSB 2.0
Galaxy Tab S3 9.7,USB Type-C 3.1
Galaxy Tab S3 9.7,magnetic connector
Galaxy J1 mini prime,microUSB 2.0
Galaxy J3 Emerge,microUSB 2.0
Galaxy C7 Pro,USB Type-C 2.0
Galaxy A7 (2017),USB Type-C 2.0
Galaxy A5 (2017),USB Type-C 2.0
Galaxy A3 (2017),USB Type-C 2.0
Galaxy Grand Prime Plus,microUSB 2.0
Galaxy Grand Prime Plus,OTG
Galaxy J2 Prime,microUSB 2.0
Galaxy J2 Prime,OTG
Galaxy C9 Pro,USB Type-C
Galaxy A8 (2016),microUSB 2.0
Galaxy On8,microUSB 2.0
Galaxy On7 (2016),microUSB 2.0
Galaxy J5 Prime,microUSB 2.0
Galaxy J5 Prime,OTG
Galaxy J7 Prime,microUSB 2.0
Galaxy J7 Prime,OTG
Z2,microUSB 2.0
Galaxy Note7 (USA),USB Type-C 3.1
Galaxy Note7,USB Type-C 3.1
Galaxy On7 Pro,microUSB 2.0
Galaxy On5 Pro,microUSB 2.0
Galaxy J Max,microUSB 2.0
Galaxy J Max,OTG
Galaxy J2 Pro (2016),microUSB 2.0
Galaxy J2 Pro (2016),OTG
Galaxy J2 (2016),microUSB 2.0
Galaxy Xcover 3 G389F,microUSB 2.0
Galaxy S7 active,microUSB 2.0
Galaxy S7 active,OTG
Galaxy J3 Pro,microUSB 2.0
Galaxy J3 Pro,OTG
Galaxy C7,microUSB 2.0
Galaxy C5,microUSB 2.0
Galaxy A9 Pro (2016),microUSB 2.0
Galaxy J7 (2016),microUSB 2.0
Galaxy J7 (2016),OTG
Galaxy J5 (2016),microUSB 2.0
Galaxy J5 (2016),OTG
Galaxy Tab A 7.0 (2016),microUSB 2.0
Galaxy S7,microUSB 2.0
Galaxy S7,OTG
Galaxy S7 edge,microUSB 2.0
Galaxy S7 edge,OTG
Galaxy S7 edge (USA),microUSB 2.0
Galaxy S7 edge (USA),OTG
Galaxy S7 (USA),microUSB 2.0
Galaxy S7 (USA),OTG
Galaxy J1 Nxt,microUSB 2.0
Galaxy Tab E 8.0,microUSB 2.0
Galaxy J1 (2016),microUSB 2.0
Galaxy A9 (2016),microUSB 2.0
Galaxy A7 (2016),microUSB 2.0
Galaxy A5 (2016),microUSB 2.0
Galaxy A5 (2016),OTG
Galaxy A3 (2016),microUSB 2.0
Galaxy Express Prime,microUSB 2.0
Galaxy J3 (2016),microUSB 2.0
Galaxy J3 (2016),OTG
Galaxy On7,microUSB 2.0
Galaxy On5,microUSB 2.0
Z3,microUSB 2.0
Z3,OTG
Galaxy J1 Ace,microUSB 2.0
Galaxy Note5 (USA),microUSB 2.0
Galaxy Note5 (USA),OTG
Galaxy Note5,microUSB 2.0
Galaxy Note5,OTG
Galaxy Note5 Duos,microUSB 2.0
Galaxy Note5 Duos,OTG
Galaxy S6 edge+ (USA),microUSB 2.0
Galaxy S6 edge+ (USA),OTG
Galaxy S6 edge+,microUSB 2.0
Galaxy S6 edge+,OTG
Galaxy S6 edge+ Duos,microUSB 2.0
Galaxy S6 edge+ Duos,OTG
Galaxy S5 Neo,microUSB 2.0
Galaxy S5 Neo,OTG
Galaxy S4 mini I9195I,microUSB 2.0
Galaxy Folder,microUSB 2.0
Galaxy Tab S2 9.7,microUSB 2.0 (MHL TV-out)
Galaxy Tab S2 8.0,microUSB 2.0 (MHL TV-out)
Galaxy A8 Duos,microUSB 2.0
Galaxy A8,microUSB 2.0
Galaxy V Plus,microUSB 2.0
Galaxy J7 Nxt,microUSB 2.0
Galaxy J7,microUSB 2.0
Galaxy J5,microUSB 2.0
Galaxy J5,OTG
Galaxy Tab 4 10.1 (2015),microUSB 2.0
Galaxy Tab E 9.6,microUSB 2.0
Galaxy S6 active,microUSB 2.0
Galaxy Tab 3 V,microUSB 2.0
Galaxy Tab A 9.7 & S Pen,microUSB 2.0
Galaxy Tab A 9.7,microUSB 2.0
Galaxy Tab A 8.0 & S Pen (2015),microUSB 2.0
Galaxy Tab A 8.0 (2015),microUSB 2.0
Galaxy Xcover 3,microUSB 2.0
Galaxy S6 edge (USA),microUSB 2.0
Galaxy S6 edge (USA),OTG
Galaxy S6 (USA),microUSB 2.0
Galaxy S6 (USA),OTG
Galaxy S6 edge,microUSB 2.0
Galaxy S6 edge,OTG
Galaxy S6 Duos,microUSB 2.0
Galaxy S6 Duos,OTG
Galaxy S6,microUSB 2.0
Galaxy S6,OTG
Galaxy J1 4G,microUSB 2.0
Galaxy J2,microUSB 2.0
Galaxy J2,OTG
Galaxy J1,microUSB 2.0
Galaxy Tab 3 Lite 7.0 VE,microUSB 2.0
Z1,microUSB 2.0
Galaxy A7 Duos,microUSB 2.0
Galaxy A7,microUSB 2.0
Galaxy Grand Max,microUSB 2.0
Galaxy E7,microUSB 2.0
Galaxy E5,microUSB 2.0
Galaxy Core Prime,microUSB 2.0
Galaxy A5 Duos,microUSB 2.0
Galaxy A5,microUSB 2.0
Galaxy A3 Duos,microUSB 2.0
Galaxy A3,microUSB 2.0
Galaxy S5 Plus,microUSB 3.0 (MHL 2.1 TV-out)
Galaxy S5 Plus,OTG
Galaxy Grand Prime Duos TV,microUSB 2.0
Galaxy Grand Prime,microUSB 2.0
Galaxy Ace Style LTE G357,microUSB 2.0
Galaxy Note Edge,microUSB 2.0 (MHL 3 TV-out)
Galaxy Note Edge,OTG
Galaxy Note 4 Duos,microUSB 2.0 (MHL 3 TV-out)
Galaxy Note 4 Duos,OTG
Galaxy Note 4 (USA),microUSB 2.0 (MHL 3 TV-out)
Galaxy Note 4 (USA),OTG
Galaxy Note 4,microUSB 2.0 (MHL 3 TV-out)
Galaxy Note 4,OTG
Galaxy Tab Active LTE,microUSB 2.0
Galaxy Tab Active,microUSB 2.0
Galaxy Mega 2,microUSB 2.0
Galaxy S5 LTE-A G901F,microUSB 3.0 (MHL 2.1 TV-out)
Galaxy S5 LTE-A G901F,OTG
Galaxy Alpha (S801),microUSB 2.0
Galaxy Alpha,microUSB 2.0
Galaxy S5 mini Duos,microUSB 2.0
Galaxy Avant,microUSB 2.0
Galaxy S Duos 3,microUSB 2.0
Galaxy S5 mini,microUSB 2.0
Galaxy Ace 4 LTE G313,microUSB 2.0
Galaxy Ace 4,microUSB 2.0
Galaxy Core II,microUSB 2.0
Galaxy S5 Sport,microUSB 2.0 (MHL 2.1 TV-out)
Galaxy S5 Sport,OTG
Galaxy S5 LTE-A G906S,microUSB 3.0 (MHL 2.1 TV-out)
Galaxy S5 LTE-A G906S,OTG
Galaxy Tab S 8.4 LTE,microUSB 2.0 (MHL)
Galaxy Tab S 8.4 LTE,OTG
Galaxy Tab S 8.4,microUSB 2.0 (MHL)
Galaxy Tab S 8.4,OTG
Galaxy Tab S 10.5 LTE,microUSB 2.0 (MHL 2.1)
Galaxy Tab S 10.5 LTE,OTG
Galaxy Tab S 10.5,microUSB 2.0 (MHL 2.1)
Galaxy Tab S 10.5,OTG
Galaxy Core Lite LTE,microUSB 2.0
I9301I Galaxy S3 Neo,microUSB 2.0
Galaxy W,microUSB 2.0
Galaxy S5 Active,microUSB 2.0
Galaxy S5 Active,OTG
Galaxy Beam2,microUSB 2.0
I9300I Galaxy S3 Neo,microUSB 2.0
Galaxy Ace Style,microUSB 2.0
Galaxy Tab 4 7.0,microUSB 2.0
Galaxy Tab 4 7.0 3G,microUSB 2.0
Galaxy Tab 4 7.0 LTE,microUSB 2.0
Galaxy Tab 4 8.0,microUSB 2.0
Galaxy Tab 4 8.0 3G,microUSB 2.0
Galaxy Tab 4 8.0 LTE,microUSB 2.0
Galaxy Tab 4 10.1,microUSB 2.0
Galaxy Tab 4 10.1 3G,microUSB 2.0
Galaxy Tab 4 10.1 LTE,microUSB 2.0
G3812B Galaxy S3 Slim,microUSB 2.0
I8200 Galaxy S III mini VE,microUSB 2.0
Galaxy S5 Duos,microUSB 3.0 (MHL 2.1 TV-out)
Galaxy S5 Duos,OTG
Galaxy S5 (octa-core),microUSB 3.0 (MHL 2.1 TV-out)
Galaxy S5 (octa-core),OTG
Galaxy S5 (USA),microUSB 3.0 (MHL 2.1 TV-out)
Galaxy S5 (USA),OTG
Galaxy S5,microUSB 3.0 (MHL 2.1 TV-out)
Galaxy S5,OTG
Galaxy Core LTE G386W,microUSB 2.0
Galaxy Core LTE,microUSB 2.0
Galaxy Note 3 Neo Duos,microUSB 2.0
Galaxy Note 3 Neo Duos,OTG
Galaxy Tab 3 Lite 7.0 3G,2.0
Galaxy Tab 3 Lite 7.0,2.0
Galaxy Grand Neo,microUSB 2.0
Galaxy Note Pro 12.2 LTE,microUSB 3.0 (MHL TV-out)
Galaxy Note Pro 12.2 LTE,OTG
Galaxy Note Pro 12.2 3G,microUSB 3.0 (MHL TV-out)
Galaxy Note Pro 12.2 3G,OTG
Galaxy Note Pro 12.2,microUSB 3.0 (MHL TV-out)
Galaxy Note Pro 12.2,OTG
Galaxy Tab Pro 12.2 LTE,microUSB 3.0
Galaxy Tab Pro 12.2 LTE,OTG
Galaxy Tab Pro 12.2 3G,microUSB 3.0
Galaxy Tab Pro 12.2 3G,OTG
Galaxy Tab Pro 12.2,microUSB 3.0
Galaxy Tab Pro 12.2,OTG
Galaxy Tab Pro 10.1 LTE,microUSB 2.0 (MHL TV-out)
Galaxy Tab Pro 10.1 LTE,OTG
Galaxy Tab Pro 10.1,microUSB 2.0 (MHL TV-out)
Galaxy Tab Pro 10.1,OTG
Galaxy Tab Pro 8.4 3G/LTE,microUSB 2.0 (MHL TV-out)
Galaxy Tab Pro 8.4 3G/LTE,OTG
Galaxy Tab Pro 8.4,microUSB 2.0 (MHL TV-out)
Galaxy Tab Pro 8.4,OTG
Galaxy Camera 2 GC200,microUSB 2.0
Galaxy Core Advance,microUSB 2.0
Galaxy S4 Active LTE-A,microUSB 2.0 (MHL 2 TV-out)
Galaxy S4 Active LTE-A,OTG
Galaxy J,microUSB 2.0 (MHL 2 TV-out)
Galaxy J,OTG
Galaxy Win Pro G3812,microUSB 2.0 (MHL TV-out)
Galaxy S Duos 2 S7582,microUSB 2.0
Galaxy Grand 2,microUSB 2.0
Galaxy Express 2,microUSB 2.0
I9506 Galaxy S4,microUSB 2.0 (MHL 2 TV-out)
I9506 Galaxy S4,OTG
Galaxy Light,microUSB 2.0
Galaxy Round G910S,microUSB 2.0 (MHL 2 TV-out)
Galaxy Round G910S,OTG
Galaxy Core Plus,microUSB 2.0
Galaxy Note 10.1 (2014),microUSB 2.0 (MHL TV-out)
Galaxy Note 10.1 (2014),OTG
Galaxy Note 3,microUSB 3.0 (MHL 2 TV-out)
Galaxy Note 3,OTG
ATIV S Neo,microUSB 2.0
Galaxy S4 zoom,microUSB 2.0 (MHL TV-out)
Galaxy S4 zoom,OTG
Galaxy Ace 3,microUSB 2.0
I9190 Galaxy S4 mini,microUSB 2.0
I9295 Galaxy S4 Active,microUSB 2.0 (MHL 2 TV-out)
I9295 Galaxy S4 Active,OTG
Galaxy Tab 3 8.0,microUSB 2.0 (MHL TV-out)
Galaxy Tab 3 8.0,OTG
Galaxy Tab 3 10.1 P5220,microUSB 2.0 (MHL 1.2)
Galaxy Tab 3 10.1 P5220,OTG
Galaxy Tab 3 10.1 P5200,microUSB 2.0
Galaxy Tab 3 10.1 P5200,OTG
Galaxy Tab 3 10.1 P5210,microUSB 2.0
Galaxy Tab 3 10.1 P5210,OTG
Galaxy Exhibit T599,microUSB 2.0
Galaxy Core I8260,microUSB 2.0
Galaxy Tab 3 7.0 WiFi,2.0 (TV-out)
Galaxy Tab 3 7.0,2.0 (TV-out)
Galaxy Mega 6.3 I9200,microUSB 2.0 (MHL TV-out)
Galaxy Mega 6.3 I9200,OTG
Galaxy Mega 5.8 I9150,microUSB 2.0
Galaxy Trend II Duos S7572,microUSB 2.0
Galaxy Win I8550,microUSB 2.0
I9505 Galaxy S4,microUSB 2.0 (MHL 2 TV-out)
I9505 Galaxy S4,OTG
I9500 Galaxy S4,microUSB 2.0 (MHL 2 TV-out)
I9500 Galaxy S4,OTG
I9502 Galaxy S4,microUSB 2.0 (MHL 2 TV-out)
I9502 Galaxy S4,OTG
Galaxy S4 CDMA,microUSB 2.0 (MHL 2 TV-out)
Galaxy S4 CDMA,OTG
Galaxy Note 8.0,microUSB 2.0 (MHL TV-out)
Galaxy Note 8.0,OTG
Galaxy Note 8.0 Wi-Fi,microUSB 2.0 (MHL TV-out)
Galaxy Note 8.0 Wi-Fi,OTG
Galaxy Express I8730,microUSB 2.0 (MHL TV-out)
S7710 Galaxy Xcover 2,microUSB 2.0 (MHL TV-out)
Ativ Odyssey I930,microUSB 2.0
I9105 Galaxy S II Plus,microUSB 2.0
Galaxy Grand I9082,microUSB 2.0
Galaxy Grand I9080,microUSB 2.0
Galaxy Note LTE 10.1 N8020,microUSB 2.0 (MHL TV-out)
Galaxy Note LTE 10.1 N8020,OTG
Galaxy Axiom R830,microUSB 2.0
Galaxy Stratosphere II I415,microUSB 2.0
Galaxy Pop SHV-E220,microUSB 2.0
Galaxy Premier I9260,microUSB 2.0
Google Nexus 10 P8110,microUSB 2.0
Ativ Tab P8510,2.0
Ativ Tab P8510,OTG
I8190 Galaxy S III mini,microUSB 2.0
Galaxy Rugby Pro I547,microUSB 2.0
Galaxy Express I437,microUSB 2.0
I9305 Galaxy S III,microUSB 2.0 (MHL TV-out)
I9305 Galaxy S III,OTG
Galaxy Victory 4G LTE L300,microUSB 2.0
Galaxy S Relay 4G T699,microUSB 2.0
Galaxy Note II N7100,microUSB 2.0 (MHL TV-out)
Galaxy Note II N7100,OTG
Galaxy Note II CDMA,microUSB 2.0 (MHL TV-out)
Galaxy Note II CDMA,OTG
Ativ S I8750,microUSB 2.0
Galaxy Camera GC100,microUSB 2.0
Galaxy Tab 2 7.0 I705,microUSB 2.0 (TV-out)
Galaxy Tab 2 7.0 I705,OTG
Galaxy Note 10.1 N8000,Proprietary
Galaxy Note 10.1 N8010,microUSB 2.0 (MHL TV-out)
Galaxy Note 10.1 N8010,OTG
Galaxy S III T999,microUSB 2.0 (MHL TV-out)
Galaxy S III T999,OTG
Galaxy S III I747,microUSB 2.0 (MHL TV-out)
Galaxy S III I747,OTG
Galaxy S III CDMA,microUSB 2.0 (MHL TV-out)
Galaxy S III CDMA,OTG
I9300 Galaxy S III,microUSB 2.0 (MHL TV-out)
I9300 Galaxy S III,OTG
I8530 Galaxy Beam,microUSB 2.0
Galaxy Tab 2 10.1 P5110,2.0
Galaxy Tab 2 10.1 P5110,OTG
Galaxy Tab 2 10.1 P5100,2.0
Galaxy Tab 2 10.1 P5100,OTG
Galaxy Ace 2 I8160,microUSB 2.0
Galaxy Tab 2 7.0 P3110,2.0
Galaxy Tab 2 7.0 P3110,OTG
Galaxy Tab 2 7.0 P3100,2.0
Galaxy Tab 2 7.0 P3100,OTG
I9070 Galaxy S Advance,microUSB 2.0
Galaxy Nexus I9250M,microUSB 2.0 (MHL TV-out)
Galaxy Tab 7.7 LTE I815,2.0
Galaxy Nexus LTE L700,microUSB 2.0
Exhilarate i577,microUSB 2.0
Galaxy Note I717,microUSB 2.0 (MHL TV-out)
Galaxy Note I717,OTG
I929 Galaxy S II Duos,microUSB 2.0 (MHL TV-out)
I929 Galaxy S II Duos,OTG
Galaxy Nexus i515,microUSB 2.0 (MHL TV-out)
Galaxy Nexus I9250,microUSB 2.0 (MHL TV-out)
I9100G Galaxy S II,microUSB 2.0 (MHL TV-out)
I9100G Galaxy S II,OTG
i927 Captivate Glide,microUSB 2.0
P6200 Galaxy Tab 7.0 Plus,2.0 (TV-out)
P6200 Galaxy Tab 7.0 Plus,OTG
Galaxy S II HD LTE,microUSB 2.0 (MHL TV-out)
Galaxy S II HD LTE,OTG
P6800 Galaxy Tab 7.7,2.0 (TV-out)
P6800 Galaxy Tab 7.7,OTG
Galaxy Note N7000,microUSB 2.0 (MHL TV-out)
Galaxy Note N7000,OTG
Galaxy S II I777,microUSB 2.0 (MHL TV-out)
Galaxy S II I777,OTG
Galaxy S II T989,microUSB 2.0 (MHL TV-out)
Galaxy S II T989,OTG
Galaxy S II Epic 4G Touch,microUSB 2.0 (MHL TV-out)
Galaxy S II Epic 4G Touch,OTG
Galaxy S II LTE I9210,microUSB 2.0 (MHL TV-out)
Galaxy S II LTE I9210,OTG
Galaxy S II 4G I9100M,microUSB 2.0 (MHL TV-out)
Galaxy S II 4G I9100M,OTG
I9103 Galaxy R,microUSB 2.0
P7500 Galaxy Tab 10.1 3G,2.0 (TV-out)
Galaxy Tab 10.1 LTE I905,2.0
Galaxy Tab 10.1 P7510,2.0
Galaxy Tab 8.9 P7300,2.0
I9100 Galaxy S II,microUSB 2.0 (MHL TV-out)
I9100 Galaxy S II,OTG
P7100 Galaxy Tab 10.1v,2.0
C210,
C200,
C110,
X100,
A800,
Xperia 5 V,USB Type-C 3.2
Xperia 5 V,OTG
Xperia 5 V,DisplayPort
Xperia 1 V,USB Type-C 3.2
Xperia 1 V,OTG
Xperia 1 V,video output
Xperia 10 V,USB Type-C 2.0
Xperia 10 V,OTG
Xperia 5 IV,USB Type-C 3.2
Xperia 5 IV,OTG
Xperia 5 IV,video output
Xperia 1 IV,USB Type-C 3.2
Xperia 1 IV,OTG
Xperia 1 IV,video output
Xperia 10 IV,USB Type-C 2.0
Xperia 10 IV,OTG
Xperia Pro-I,USB Type-C 3.2
Xperia Pro-I,OTG
Xperia Pro-I,DisplayPort
Xperia 10 III Lite,USB Type-C 3.1
Xperia 10 III Lite,OTG
Xperia 10 III Lite,video output
Xperia 1 III,USB Type-C 3.1
Xperia 1 III,OTG
Xperia 1 III,video output
Xperia 5 III,USB Type-C 3.1
Xperia 5 III,OTG
Xperia 5 III,video output
Xperia 10 III,USB Type-C 3.1
Xperia 10 III,OTG
Xperia 10 III,Display Port
Xperia Pro,USB Type-C 3.1
Xperia Pro,OTG
Xperia Pro,micro HDMI
Xperia 5 II,USB Type-C 3.1
Xperia 5 II,OTG
Xperia 1 II,USB Type-C 3.1
Xperia 1 II,OTG
Xperia 10 II,USB Type-C 2.0
Xperia 10 II,OTG
Xperia L4,USB Type-C 2.0
Xperia 5,USB Type-C 3.1
Xperia 5,OTG
Xperia 1,USB Type-C 3.1
Xperia 1,OTG
Xperia 10 Plus,USB Type-C 2.0
Xperia 10 Plus,OTG
Xperia 10,USB Type-C 2.0
Xperia 10,OTG
Xperia L3,USB Type-C 2.0
Xperia XA2 Plus,USB Type-C 2.0
Xperia XA2 Plus,OTG
Xperia XZ3,USB Type-C 3.1
Xperia XZ3,OTG
Xperia XZ2 Premium,USB Type-C 3.1
Xperia XZ2 Premium,OTG
Xperia XZ2,USB Type-C 3.1
Xperia XZ2,OTG
Xperia XZ2 Compact,USB Type-C 3.1
Xperia XZ2 Compact,OTG
Xperia XA2 Ultra,USB Type-C 2.0
Xperia XA2 Ultra,OTG
Xperia XA2,USB Type-C 2.0
Xperia XA2,OTG
Xperia L2,USB Type-C 2.0
Xperia XZ1,USB Type-C 3.1
Xperia XZ1,OTG
Xperia XA1 Plus,USB Type-C 2.0
Xperia XA1 Plus,OTG
Xperia XZ1 Compact,USB Type-C 2.0
Xperia XZ1 Compact,OTG
Xperia L1,USB Type-C 2.0
Xperia XZs,USB Type-C 2.0
Xperia XZs,OTG
Xperia XZ Premium,USB Type-C 3.1
Xperia XZ Premium,OTG
Xperia XA1 Ultra,USB Type-C 2.0
Xperia XA1 Ultra,OTG
Xperia XA1,USB Type-C 2.0
Xperia XA1,OTG
Xperia XZ,USB Type-C 2.0
Xperia XZ,OTG
Xperia E5,microUSB 2.0
Xperia XA Ultra,microUSB 2.0
Xperia XA Ultra,OTG
Xperia X Performance,microUSB 2.0
Xperia X Performance,OTG
Xperia XA Dual,microUSB 2.0
Xperia XA Dual,OTG
Xperia XA,microUSB 2.0
Xperia XA,OTG
Xperia Z5 Premium Dual,microUSB 2.0 (MHL 3 TV-out)
Xperia Z5 Premium Dual,OTG
Xperia Z5 Premium,microUSB 2.0 (MHL 3 TV-out)
Xperia Z5 Premium,OTG
Xperia Z5 Dual,microUSB 2.0 (MHL 3 TV-out)
Xperia Z5 Dual,OTG
Xperia Z5,microUSB 2.0 (MHL 3 TV-out)
Xperia Z5,OTG
Xperia Z5 Compact,microUSB 2.0 (MHL 3 TV-out)
Xperia Z5 Compact,OTG
Xperia M5 Dual,microUSB 2.0
Xperia M5,microUSB 2.0
Xperia C5 Ultra Dual,microUSB 2.0
Xperia C5 Ultra,microUSB 2.0
Xperia Z3+ dual,microUSB 2.0 (MHL 3 TV-out)
Xperia Z3+ dual,OTG
Xperia Z3+,microUSB 2.0 (MHL 3 TV-out)
Xperia Z3+,OTG
Xperia C4 Dual,microUSB 2.0
Xperia C4,microUSB 2.0
Xperia M4 Aqua Dual,microUSB 2.0
Xperia M4 Aqua,microUSB 2.0
Xperia Z4 Tablet WiFi,microUSB 2.0 (MHL 3.0 TV-out)
Xperia Z4 Tablet LTE,microUSB 2.0 (MHL 3.0 TV-out)
Xperia E4g,microUSB 2.0
Xperia E4g Dual,microUSB 2.0
Xperia E4 Dual,microUSB 2.0
Xperia E4,microUSB 2.0
Xperia E3 Dual,microUSB 2.0
Xperia E3 Dual,OTG
Xperia E3,microUSB 2.0
Xperia E3,OTG
Xperia Z3 Tablet Compact,microUSB 2.0 (MHL 3 TV-out)
Xperia Z3 Tablet Compact,OTG
Xperia Z3 Tablet Compact,magnetic connector
Xperia Z3 Dual,microUSB 2.0 (MHL 3 TV-out)
Xperia Z3 Dual,OTG
Xperia Z3 Dual,magnetic connector
Xperia Z3v,microUSB 2.0 (MHL 3 TV-out)
Xperia Z3v,OTG
Xperia Z3,microUSB 2.0 (MHL 3 TV-out)
Xperia Z3,OTG
Xperia Z3,magnetic connector
Xperia M2 Aqua,microUSB 2.0
Xperia M2 Aqua,OTG
Xperia Z3 Compact,microUSB 2.0 (MHL TV-out)
Xperia Z3 Compact,OTG
Xperia Z3 Compact,magnetic connector
Xperia C3 Dual,microUSB 2.0
Xperia C3,microUSB 2.0
Xperia Z2a,microUSB 2.0 (MHL 3 TV-out)
Xperia Z2a,OTG
Xperia M2,microUSB 2.0
Xperia M2,OTG
Xperia M2 dual,microUSB 2.0
Xperia M2 dual,OTG
Xperia Z2 Tablet LTE,microUSB 2.0 (MHL 3 TV-out)
Xperia Z2 Tablet LTE,magnetic connector
Xperia Z2 Tablet Wi-Fi,microUSB 2.0 (MHL 3 TV-out)
Xperia Z2 Tablet Wi-Fi,magnetic connector
Xperia Z2,microUSB 2.0 (MHL TV-out)
Xperia Z2,OTG
Xperia Z2,magnetic connector
Xperia E1 dual,microUSB 2.0
Xperia E1,microUSB 2.0
Xperia Z1s,microUSB 2.0 (MHL TV-out)
Xperia Z1s,OTG
Xperia Z1s,magnetic connector
Xperia Z1 Compact,microUSB 2.0 (MHL TV-out)
Xperia Z1 Compact,OTG
Xperia Z1 Compact,magnetic connector
Xperia Z1,microUSB 2.0 (MHL TV-out)
Xperia Z1,OTG
Xperia Z1,magnetic connector
Xperia Z Ultra,microUSB 2.0 (MHL TV-out)
Xperia Z Ultra,OTG
Xperia C,microUSB 2.0
Xperia C,OTG
Xperia M,microUSB 2.0
Xperia M,OTG
Xperia ZR,microUSB 2.0 (MHL TV-out)
Xperia L,microUSB 2.0
Xperia SP,microUSB 2.0 (MHL TV-out)
Xperia Tablet Z Wi-Fi,microUSB 2.0 (MHL TV-out)
Xperia Tablet Z LTE,microUSB 2.0 (MHL TV-out)
Xperia Z,microUSB 2.0 (MHL TV-out)
Xperia Z,OTG
Xperia ZL,microUSB 2.0 (MHL TV-out)
Xperia T LTE,microUSB 2.0 (MHL TV-out)
Xperia Tablet S 3G,microUSB 2.0 (MHL TV-out)
Xperia Tablet S,microUSB 2.0 (MHL TV-out)
Xperia V,microUSB 2.0 (MHL TV-out)
Xperia TX,microUSB 2.0 (MHL TV-out)
Xperia T,microUSB 2.0 (MHL TV-out)
Xperia T,OTG
Xperia SL,microUSB 2.0
Xperia SL,OTG
Xperia go,microUSB 2.0
Xperia go,OTG
Xperia acro S,microUSB 2.0
Xperia acro S,OTG
Xperia SX SO-05D,microUSB 2.0 (MHL TV-out)
Xperia GX SO-04D,microUSB 2.0 (MHL TV-out)
Xperia acro HD SO-03D,microUSB 2.0
Xperia acro HD SOI12,microUSB 2.0
Xperia sola,microUSB 2.0
Xperia sola,OTG
Xperia U,microUSB 2.0
Xperia U,OTG
Xperia P,microUSB 2.0
Xperia P,OTG
Xperia S,microUSB 2.0
Xperia S,OTG
Xperia ion HSPA,microUSB 2.0
Xperia ion HSPA,OTG
Xperia ion LTE,microUSB 2.0
Xperia ion LTE,OTG
Redmi Note 13 Pro 4G,USB Type-C 2.0
Redmi Note 13 Pro 4G,OTG
Redmi Note 13 4G,USB Type-C 2.0
Redmi Note 13 4G,OTG
Redmi Note 13 Pro+,USB Type-C 2.0
Redmi Note 13 Pro+,OTG
Redmi Note 13 Pro,USB Type-C 2.0
Redmi Note 13 Pro,OTG
Redmi Note 13,USB Type-C 2.0
Redmi Note 13,OTG
Poco X6 Pro,USB Type-C 2.0
Poco X6 Pro,OTG
Poco X6,USB Type-C 2.0
Poco X6,OTG
Poco M6 Pro,USB Type-C 2.0
Poco M6 Pro,OTG
Poco M6,USB Type-C 2.0
Redmi 13R,USB Type-C 2.0
Redmi 13C 5G,USB Type-C 2.0
Redmi K70 Pro,USB Type-C
Redmi K70 Pro,OTG
Redmi K70,USB Type-C
Redmi K70,OTG
Redmi K70E,USB Type-C
Redmi K70E,OTG
Redmi Note 13R Pro,USB Type-C 2.0
Redmi 13C,USB Type-C 2.0
Poco C65,USB Type-C 2.0
14 Pro,USB Type-C 3.2 Gen 2
14 Pro,OTG
14,USB Type-C 3.2
14,OTG
13T Pro,USB Type-C 2.0
13T Pro,OTG
13T,USB Type-C 2.0
13T,OTG
Redmi Note 13 (China),USB Type-C 2.0
Redmi Pad SE,USB Type-C
Redmi Pad SE,OTG
Redmi K60 Ultra,USB Type-C
Redmi K60 Ultra,OTG
Pad 6 Max 14,USB Type-C 3.2
Pad 6 Max 14,OTG
Pad 6 Max 14,accessory connector
Redmi Note 12R Pro,USB Type-C 2.0
Redmi Note 12R Pro,OTG
Civi 3,USB Type-C 2.0
Civi 3,OTG
Poco F5 Pro,USB Type-C 2.0
Poco F5 Pro,OTG
Poco F5,USB Type-C 2.0
Poco F5,OTG
13 Ultra,USB Type-C 3.2
13 Ultra,DisplayPort
13 Ultra,OTG
Pad 6 Pro,USB Type-C 3.2
Pad 6 Pro,accessory connector
Pad 6,USB Type-C 3.2
Pad 6,accessory connector
Poco C51,microUSB 2.0
Poco C51,OTG
Redmi Note 12S,USB Type-C 2.0
Redmi Note 12 Pro 4G,USB Type-C 2.0
Redmi Note 12 Pro 4G,OTG
Redmi Note 12 Turbo,USB Type-C 2.0
Redmi Note 12 Turbo,OTG
Redmi A2+,microUSB 2.0
Redmi A2,microUSB 2.0
Redmi Note 12 4G,USB Type-C 2.0
Redmi Note 12 4G,OTG
13 Pro,USB Type-C 2.0
13 Pro,OTG
13,USB Type-C 2.0
13,OTG
13 Lite,USB Type-C 2.0
13 Lite,OTG
Poco X5 Pro,USB Type-C 2.0
Poco X5 Pro,OTG
Poco X5,USB Type-C 2.0
Poco X5,OTG
Redmi Note 12,USB Type-C 2.0
Redmi Note 12,OTG
Poco C50,microUSB 2.0
Poco C50,OTG
Redmi Note 12 Pro Speed,USB Type-C 2.0
Redmi Note 12 Pro Speed,OTG
Redmi K60 Pro,USB Type-C 2.0
Redmi K60 Pro,OTG
Redmi K60E,USB Type-C 2.0
Redmi K60E,OTG
Redmi K60,USB Type-C 2.0
Redmi K60,OTG
Redmi Note 12 Discovery,USB Type-C 2.0
Redmi Note 12 Discovery,OTG
Redmi Note 12 Pro+,USB Type-C 2.0
Redmi Note 12 Pro+,OTG
Redmi Note 12 Pro,USB Type-C 2.0
Redmi Note 12 Pro,OTG
Redmi Note 12 (China),USB Type-C 2.0
12T Pro,USB Type-C 2.0
12T Pro,OTG
12T,USB Type-C 2.0
12T,OTG
Redmi Pad,USB Type-C
Redmi Pad,OTG
Redmi Note 11R,USB Type-C 2.0
Redmi Note 11R,OTG
Redmi A1+,microUSB 2.0
Civi 2,USB Type-C 2.0
Civi 2,OTG
Redmi 11 Prime,USB Type-C 2.0
Redmi 11 Prime,OTG
Redmi 11 Prime 5G,USB Type-C 2.0
Redmi 11 Prime 5G,OTG
Redmi A1,microUSB 2.0
Poco M5s,USB Type-C 2.0
Poco M5,USB Type-C 2.0
Poco M5,OTG
Poco M5 (India),USB Type-C 2.0
Poco M5 (India),OTG
Redmi Note 11 SE (India),USB Type-C 2.0
Poco M4 5G,USB Type-C 2.0
Poco M4 5G,OTG
Redmi K50 Ultra,USB Type-C 2.0
Redmi K50 Ultra,OTG
Pad 5 Pro 12.4,USB Type-C 3.2 video output
12 Lite,USB Type-C 2.0
12 Lite,OTG
12S Ultra,USB Type-C 2.0
12S Ultra,OTG
12S Pro,USB Type-C 2.0
12S Pro,OTG
12S,USB Type-C 2.0
12S,OTG
12 Pro (Dimensity),USB Type-C 2.0
12 Pro (Dimensity),OTG
Poco F4,USB Type-C 2.0
Poco F4,OTG
Redmi Note 11SE,USB Type-C 2.0
Redmi Note 11SE,OTG
Redmi 10 Prime 2022,USB Type-C 2.0
Poco M4 5G (India),USB Type-C 2.0
Poco M4 5G (India),OTG
Poco F4 GT,USB Type-C 2.0
Poco F4 GT,OTG
Civi 1S,USB Type-C 2.0
Civi 1S,OTG
Black Shark 5 Pro,USB Type-C 2.0
Black Shark 5 Pro,video output
Black Shark 5,USB Type-C 2.0
Black Shark 5 RS,USB Type-C 2.0
Redmi 10A,microUSB 2.0
Redmi Note 11S 5G,USB Type-C 2.0
Redmi Note 11S 5G,OTG
Redmi 10 5G,USB Type-C 2.0
Redmi 10 5G,OTG
Redmi Note 11 Pro+ 5G,USB Type-C 2.0
Redmi Note 11 Pro+ 5G,OTG
Redmi K50 Pro,USB Type-C 2.0
Redmi K50 Pro,OTG
Redmi K50,USB Type-C 2.0
Redmi K50,OTG
Redmi K40S,USB Type-C 2.0
Redmi K40S,OTG
12 Pro,USB Type-C 2.0
12 Pro,OTG
12,USB Type-C 2.0
12,OTG
12X,USB Type-C 2.0
12X,OTG
Redmi Note 11 Pro+ 5G (India),USB Type-C 2.0
Redmi Note 11 Pro+ 5G (India),OTG
Redmi Note 11E Pro,USB Type-C 2.0
Redmi Note 11E Pro,OTG
Redmi Note 11E,USB Type-C 2.0
Redmi Note 11E,OTG
Poco X4 Pro 5G,USB Type-C 2.0
Poco X4 Pro 5G,OTG
Poco M4 Pro,USB Type-C 2.0
Poco M4 Pro,OTG
Redmi K50 Gaming,USB Type-C 2.0
Redmi K50 Gaming,OTG
Redmi 10 2022,USB Type-C 2.0
Redmi Note 11 Pro 5G,USB Type-C 2.0
Redmi Note 11 Pro 5G,OTG
Redmi Note 11 Pro,USB Type-C 2.0
Redmi Note 11 Pro,OTG
Redmi Note 11S,USB Type-C 2.0
Redmi Note 11S,OTG
Redmi Note 11,USB Type-C 2.0
Redmi Note 11,OTG
11i HyperCharge 5G,USB Type-C 2.0
11i HyperCharge 5G,OTG
11i,USB Type-C 2.0
11i,OTG
Redmi Note 11T 5G,USB Type-C 2.0
Redmi Note 11T 5G,OTG
Redmi Note 11 4G,USB Type-C 2.0
Poco M4 Pro 5G,USB Type-C 2.0
Poco M4 Pro 5G,OTG
Redmi Note 11 Pro (China),USB Type-C 2.0
Redmi Note 11 Pro (China),OTG
Redmi Note 11 (China),USB Type-C 2.0
Redmi Note 11 (China),OTG
Black Shark 4S Pro,USB Type-C 2.0
Black Shark 4S,USB Type-C 2.0
Redmi Note 10 Lite,USB Type-C 2.0
Civi,USB Type-C 2.0
Civi,OTG
Redmi 9i Sport,microUSB 2.0
Redmi 9i Sport,OTG
Redmi 9A Sport,microUSB 2.0
Redmi 9A Sport,OTG
Poco C31,microUSB 2.0
Poco C31,OTG
Redmi 9 Activ,microUSB 2.0
Redmi 9 Activ,OTG
11T Pro,USB Type-C 2.0
11T Pro,OTG
11T,USB Type-C 2.0
11T,OTG
11 Lite 5G NE,USB Type-C 2.0
11 Lite 5G NE,OTG
Redmi 10 Prime,USB Type-C 2.0
Redmi 10,USB Type-C 2.0
Pad 5 Pro,USB Type-C
Pad 5,USB Type-C
Mix 4,USB Type-C 2.0
Poco X3 GT,USB Type-C 2.0
Poco F3 GT,USB Type-C 2.0
Poco F3 GT,OTG
Redmi Note 10T 5G,USB Type-C 2.0
Redmi Note 10 Pro (China),USB Type-C 2.0
Redmi Note 8 2021,USB Type-C 2.0
Redmi Note 8 2021,OTG
Poco M3 Pro 5G,USB Type-C 2.0
Redmi K40 Gaming,USB Type-C 2.0
Redmi K40 Gaming,OTG
Mi 11X Pro,USB Type-C 2.0
Mi 11X Pro,OTG
Mi 11X,USB Type-C 2.0
Mi 11X,OTG
Poco M2 Reloaded,USB Type-C 2.0
Poco M2 Reloaded,OTG
Mi Mix Fold,USB Type-C
Mi 11 Ultra,USB Type-C 2.0
Mi 11 Ultra,OTG
Mi 11 Pro,USB Type-C 2.0
Mi 11 Pro,OTG
Mi 11i,USB Type-C 2.0
Mi 11i,OTG
Mi 11 Lite 5G,USB Type-C 2.0
Mi 11 Lite 5G,OTG
Mi 11 Lite,USB Type-C 2.0
Mi 11 Lite,OTG
Black Shark 4 Pro,USB Type-C 2.0
Black Shark 4,USB Type-C 2.0
Poco X3 Pro,USB Type-C 2.0
Poco X3 Pro,OTG
Poco F3,USB Type-C 2.0
Poco F3,OTG
Mi 10S,USB Type-C 2.0
Mi 10S,OTG
Redmi Note 10 Pro,USB Type-C 2.0
Redmi Note 10 Pro,OTG
Redmi Note 10 5G,USB Type-C 2.0
Redmi Note 10S,USB Type-C 2.0
Redmi Note 10,USB Type-C 2.0
Redmi Note 10 Pro Max,USB Type-C 2.0
Redmi Note 10 Pro Max,OTG
Redmi Note 10 Pro (India),USB Type-C 2.0
Redmi K40 Pro+,USB Type-C 2.0
Redmi K40 Pro+,OTG
Redmi K40 Pro,USB Type-C 2.0
Redmi K40 Pro,OTG
Redmi K40,USB Type-C 2.0
Redmi K40,OTG
Redmi Note 9T,USB Type-C 2.0
Redmi 9T,USB Type-C 2.0
Redmi 9T,OTG
Mi 10i 5G,USB Type-C 2.0
Mi 11,USB Type-C 2.0
Mi 11,OTG
Redmi 9 Power,USB Type-C 2.0
Redmi 9 Power,OTG
Redmi Note 9 Pro 5G,USB Type-C 2.0
Redmi Note 9 5G,USB Type-C 2.0
Redmi Note 9 4G,USB Type-C 2.0
Redmi Note 9 4G,OTG
Poco M3,USB Type-C 2.0
Poco M3,OTG
Redmi K30S,USB Type-C 2.0
Redmi K30S,OTG
Poco C3,microUSB 2.0
Poco C3,OTG
Mi 10T Pro 5G,USB Type-C 2.0
Mi 10T Pro 5G,OTG
Mi 10T 5G,USB Type-C 2.0
Mi 10T 5G,OTG
Mi 10T Lite 5G,USB Type-C 2.0
Mi 10T Lite 5G,OTG
Redmi 9AT,microUSB 2.0
Redmi 9AT,OTG
Redmi 9i,microUSB 2.0
Redmi 9i,OTG
Poco M2,USB Type-C 2.0
Poco M2,OTG
Poco X3,USB Type-C 2.0
Poco X3,OTG
Poco X3 NFC,USB Type-C 2.0
Poco X3 NFC,OTG
Redmi 9 (India),microUSB 2.0
Redmi 9 (India),OTG
Mi 10 Ultra,USB Type-C 2.0
Mi 10 Ultra,OTG
Redmi K30 Ultra,USB Type-C 2.0
Redmi K30 Ultra,OTG
Redmi 9 Prime,USB Type-C 2.0
Redmi 9 Prime,OTG
Black Shark 3S,USB Type-C 2.0
Poco M2 Pro,USB Type-C 2.0
Poco M2 Pro,OTG
Redmi 9A,microUSB 2.0
Redmi 9A,OTG
Redmi 9C NFC,microUSB 2.0
Redmi 9C NFC,OTG
Redmi 9C,microUSB 2.0
Redmi 9C,OTG
Redmi 9,USB Type-C 2.0
Redmi 9,OTG
Redmi 10X Pro 5G,USB Type-C 2.0
Redmi 10X 5G,USB Type-C 2.0
Redmi 10X 4G,USB Type-C 2.0
Redmi 10X 4G,OTG
Redmi K30i 5G,USB Type-C 2.0
Redmi K30i 5G,OTG
Poco F2 Pro,USB Type-C 2.0
Poco F2 Pro,OTG
Redmi K30 5G Racing,USB Type-C 2.0
Redmi K30 5G Racing,OTG
Redmi Note 9 Pro,USB Type-C 2.0
Redmi Note 9 Pro,OTG
Redmi Note 9,USB Type-C 2.0
Mi Note 10 Lite,USB Type-C 2.0
Mi 10 Youth 5G,USB Type-C 2.0
Mi 10 Youth 5G,OTG
Mi 10 Lite 5G,USB Type-C 2.0
Mi 10 Lite 5G,OTG
Redmi K30 Pro Zoom,USB Type-C 2.0
Redmi K30 Pro Zoom,OTG
Redmi K30 Pro,USB Type-C 2.0
Redmi K30 Pro,OTG
Redmi Note 9S,USB Type-C 2.0
Redmi Note 9S,OTG
Redmi Note 9 Pro Max,USB Type-C 2.0
Redmi Note 9 Pro (India),USB Type-C 2.0
Black Shark 3 Pro,USB Type-C 2.0
Black Shark 3,USB Type-C 2.0
Mi 10 Pro 5G,USB Type-C 2.0
Mi 10 Pro 5G,OTG
Mi 10 5G,USB Type-C 2.0
Mi 10 5G,OTG
Redmi 8A Pro,USB Type-C 2.0
Redmi 8A Pro,OTG
Redmi 8A Dual,USB Type-C 2.0
Redmi 8A Dual,OTG
Poco X2,USB Type-C 2.0
Poco X2,OTG
Redmi K30,USB Type-C 2.0
Redmi K30,OTG
Redmi K30 5G,USB Type-C 2.0
Redmi K30 5G,OTG
Redmi Note 8T,USB Type-C 2.0
Redmi Note 8T,OTG
Mi Note 10 Pro,USB Type-C 2.0
Mi Note 10,USB Type-C 2.0
Mi CC9 Pro,USB Type-C 2.0
Redmi 8,USB Type-C 2.0
Redmi 8,OTG
Redmi 8A,USB Type-C 2.0
Redmi 8A,OTG
Mi 9 Pro 5G,USB Type-C 2.0
Mi 9 Pro 5G,OTG
Mi 9 Pro,USB Type-C 2.0
Mi 9 Pro,OTG
Redmi K20 Pro Premium,USB Type-C 2.0
Redmi K20 Pro Premium,OTG
Mi 9 Lite,USB Type-C 2.0
Redmi Note 8 Pro,USB Type-C 2.0
Black Shark 2 Pro,USB Type-C 2.0
Mi A3,USB Type-C 2.0
Redmi 7A,microUSB 2.0
Redmi 7A,OTG
Mi CC9e,USB Type-C 2.0
Mi CC9,USB Type-C 2.0
Mi 9T Pro,USB Type-C 2.0
Mi 9T Pro,OTG
Mi 9T,USB Type-C 2.0
Mi 9T,OTG
Redmi K20,USB Type-C 2.0
Redmi K20,OTG
Redmi K20 Pro,USB Type-C 2.0
Redmi K20 Pro,OTG
Redmi Note 7S,USB Type-C 2.0
Black Shark 2,USB Type-C 2.0
Redmi 7,microUSB 2.0
Redmi 7,OTG
Redmi Note 7 Pro,USB Type-C 2.0
Mi Mix 3 5G,USB Type-C
Mi 9 Explorer,USB Type-C 2.0
Mi 9 Explorer,OTG
Mi 9 SE,USB Type-C 2.0
Mi 9 SE,OTG
Mi 9,USB Type-C 2.0
Mi 9,OTG
Redmi Go,microUSB 2.0
Redmi Go,OTG
Redmi Note 7,USB Type-C 2.0
Mi Play,microUSB 2.0
Mi Play,OTG
Black Shark Helo,USB Type-C 2.0
Mi Mix 3,USB Type-C
Redmi Note 6 Pro,
Mi 8 Lite,USB Type-C
Pocophone F1,USB Type-C 2.0
Pocophone F1,OTG
Mi A2 (Mi 6X),USB Type-C 2.0
Mi A2 Lite (Redmi 6 Pro),microUSB 2.0
Mi Max 3,USB Type-C
Mi Pad 4 Plus,USB Type-C
Mi Pad 4,USB Type-C
Redmi 6,microUSB 2.0
Redmi 6,OTG
Redmi 6A,microUSB 2.0
Mi 8 SE,USB Type-C
Redmi S2 (Redmi Y2),microUSB 2.0
Mi Mix 2S,USB Type-C 2.0
Redmi Note 5 AI Dual Camera,microUSB 2.0
Redmi Note 5 Pro,microUSB 2.0
Black Shark,USB Type-C 2.0
Redmi 5 Plus (Redmi Note 5),microUSB 2.0
Redmi 5,microUSB 2.0
Redmi 5,OTG
Redmi 5A,microUSB 2.0
Redmi Y1 (Note 5A),microUSB 2.0
Redmi Y1 Lite,microUSB 2.0
Mi Note 3,USB Type-C
Mi Mix 2,USB Type-C
Mi A1 (Mi 5X),USB Type-C 2.0
Mi Max 2,USB Type-C
Redmi 4 (4X),microUSB 2.0
Mi 6,USB Type-C
Mi 5c,USB Type-C
Redmi Note 4X,microUSB 2.0
Redmi Note 4X,OTG
Redmi Note 4,microUSB 2.0
Redmi Note 4,OTG
Redmi 4A,microUSB 2.0
Redmi 4 (China),microUSB 2.0
Redmi 4 Prime,microUSB 2.0
Redmi 4 Prime,OTG
Mi Mix,USB Type-C
Mi Note 2,USB Type-C
Mi 5s Plus,USB Type-C
Mi 5s,USB Type-C
Redmi 3x,microUSB 2.0
Redmi 3s Prime,microUSB 2.0
Redmi 3s,microUSB 2.0
Redmi 3 Pro,microUSB 2.0
Mi Max,microUSB 2.0
Mi Max,OTG
Mi 5,USB Type-C
Redmi 3,microUSB 2.0
Redmi Note Prime,microUSB 2.0
Redmi Note Prime,OTG
Mi Pad 2,USB Type-C
Redmi Note 3 (MediaTek),microUSB 2.0
Redmi Note 3 (MediaTek),OTG
Redmi Note 2,microUSB 2.0
Redmi Note 2,OTG
Redmi 2 Pro,microUSB 2.0
Redmi 2 Pro,OTG
Redmi 2 Prime,microUSB 2.0
Redmi 2 Prime,OTG
Mi 4i,microUSB 2.0
Mi 4i,OTG
Mi Note Pro,microUSB 2.0
Mi Note Pro,OTG
Mi Note,microUSB 2.0
Mi Note,OTG
Redmi 2A,microUSB 2.0
Redmi 2,microUSB 2.0
Redmi 2,OTG
Mi 4 LTE,microUSB 2.0
Mi 4 LTE,OTG
Redmi Note 4G,microUSB 2.0
Redmi Note 4G,OTG
Mi 4,microUSB 2.0
Mi 4,OTG
Mi Pad 7.9,microUSB 2.0
Mi Pad 7.9,OTG
Redmi Note,microUSB 2.0
Redmi Note,OTG
Mi 3,microUSB 2.0
Mi 3,OTG
Redmi 1S,microUSB 2.0
Redmi 1S,OTG
Redmi,microUSB 2.0
Redmi,OTG
Mi 2S,microUSB 2.0 (MHL TV-out)
Mi 2S,OTG
Mi 2,microUSB 2.0 (MHL TV-out)
Mi 2,OTG
Mi 1S,microUSB 2.0
nubia Z60 Ultra,USB Type-C 3.1
nubia Z60 Ultra,OTG
nubia Red Magic 9 Pro+,USB Type-C 3.2 Gen 2
nubia Red Magic 9 Pro+,OTG
nubia Red Magic 9 Pro+,accessory connector
nubia Red Magic 9 Pro+,DisplayPort
nubia Red Magic 9 Pro,USB Type-C 3.2 Gen 2
nubia Red Magic 9 Pro,OTG
nubia Red Magic 9 Pro,accessory connector
nubia Red Magic 9 Pro,DisplayPort
Blade V50 Design 4G,USB Type-C 2.0
Blade V50 Vita,USB Type-C 2.0
Blade V50,USB Type-C 2.0
Blade A54,USB Type-C 2.0
Blade A73,USB Type-C 2.0
Blade A73 5G,USB Type-C 2.0
Blade A73 5G,OTG
nubia Neo,USB Type-C 2.0
nubia Neo,OTG
nubia Z50S Pro,USB Type-C 3.1
nubia Red Magic Tablet,USB Type-C 3.1
nubia Red Magic Tablet,OTG
nubia Red Magic Tablet,magnetic connector
nubia Red Magic 8S Pro+,USB Type-C 3.2 (China)
nubia Red Magic 8S Pro+,3.1 (International)
nubia Red Magic 8S Pro+,OTG
nubia Red Magic 8S Pro+,accessory connector
nubia Red Magic 8S Pro+,DisplayPort
nubia Red Magic 8S Pro,USB Type-C 3.2 (China)
nubia Red Magic 8S Pro,3.1 (Global)
nubia Red Magic 8S Pro,OTG
nubia Red Magic 8S Pro,accessory connector
nubia Red Magic 8S Pro,DisplayPort
Blade A72s,microUSB 2.0
Blade A72s,OTG
Axon Pad,USB Type-C 3.1
Axon Pad,OTG
Axon Pad,magnetic connector
nubia Z50 Ultra,USB Type-C 3.1
nubia Z50 Ultra,OTG
Blade V40 Design,USB Type-C 2.0
nubia Red Magic 8 Pro+,USB Type-C 3.2
nubia Red Magic 8 Pro+,OTG
nubia Red Magic 8 Pro+,accessory connector
nubia Red Magic 8 Pro+,DisplayPort
nubia Red Magic 8 Pro,USB Type-C 3.2 (China)
nubia Red Magic 8 Pro,3.1 (International)
nubia Red Magic 8 Pro,OTG
nubia Red Magic 8 Pro,accessory connector
nubia Red Magic 8 Pro,DisplayPort
nubia Z50,USB Type-C 3.1
nubia Z50,OTG
Voyage 40 Pro+,USB Type-C 2.0
Axon 40 Ultra Space Edition,USB Type-C 3.1
Axon 40 Ultra Space Edition,OTG
Axon 40 SE,USB Type-C 2.0
Axon 40 SE,OTG
Blade V40s,USB Type-C 2.0
Blade V40s,OTG
nubia Z40S Pro,USB Type-C 3.1
nubia Z40S Pro,OTG
nubia Red Magic 7S Pro,USB Type-C 3.0
nubia Red Magic 7S Pro,OTG
nubia Red Magic 7S Pro,accessory connector
nubia Red Magic 7S,USB Type-C 3.0
nubia Red Magic 7S,OTG
nubia Red Magic 7S,accessory connector
Blade V40 Pro,USB Type-C 2.0
Blade A72 5G,USB Type-C 2.0
Blade A72 5G,OTG
Blade A72,USB Type-C 2.0
Blade A72,OTG
Blade A52,USB Type-C 2.0
Blade A52,OTG
Axon 40 Pro,USB Type-C 3.1
Axon 40 Pro,OTG
Axon 40 Ultra,USB Type-C 3.1
Axon 40 Ultra,OTG
nubia Z40 Pro,USB Type-C 3.1
nubia Z40 Pro,OTG
Blade V40 Vita,USB Type-C 2.0
Blade V40 Vita,OTG
nubia Red Magic 7 Pro,USB Type-C 3.0
nubia Red Magic 7 Pro,OTG
nubia Red Magic 7 Pro,accessory connector
nubia Red Magic 7,USB Type-C 3.0
nubia Red Magic 7,OTG
nubia Red Magic 7,accessory connector
Blade A3 Plus,microUSB 2.0
Blade A7P,USB Type-C
Voyage 20 Pro,USB Type-C 2.0
Blade A71,USB Type-C 2.0
Blade A31 Lite,microUSB 2.0
Blade L9,microUSB 2.0
nubia Red Magic 6s Pro,USB Type-C 3.0
nubia Red Magic 6s Pro,OTG
nubia Red Magic 6s Pro,accessory connector
nubia Red Magic 6s,USB Type-C 3.0
nubia Red Magic 6s,OTG
nubia Red Magic 6s,accessory connector
Blade V30,USB Type-C 2.0
nubia Red Magic 6R,USB Type-C 3.0
nubia Red Magic 6R,OTG
nubia Red Magic 6R,accessory connector
nubia Z30 Pro,USB Type-C 3.1
Blade 11 Prime,USB Type-C 2.0
Axon 30 Ultra 5G,USB Type-C 3.1
Axon 30 Ultra 5G,OTG
Axon 30 Pro 5G,USB Type-C 3.1
Axon 30 Pro 5G,OTG
S30 Pro,USB Type-C 2.0
S30,USB Type-C 2.0
S30 SE,USB Type-C 2.0
S30 SE,OTG
nubia Red Magic 6 Pro,USB Type-C 3.0
nubia Red Magic 6 Pro,OTG
nubia Red Magic 6 Pro,accessory connector
nubia Red Magic 6,USB Type-C 3.0
nubia Red Magic 6,OTG
nubia Red Magic 6,accessory connector
Blade X1 5G,USB Type-C 2.0
Blade 20 Pro 5G,USB Type-C 3.1
Blade V2020 5G,USB Type-C 2.0
Blade V2020 5G,OTG
Blade A7s 2020,Yes
Blade 20 5G,USB Type-C 2.0
Blade 20 5G,OTG
Blade A3Y,USB Type-C 2.0
Blade A5 2020,microUSB 2.0
Quest 5,microUSB 2.0
Gabb Z2,USB Type-C 2.0
nubia Red Magic 5S,USB Type-C 3.0
nubia Red Magic 5S,OTG
nubia Red Magic 5S,accessory connector
nubia Red Magic 5G Lite,USB Type-C 2.0
nubia Red Magic 5G Lite,OTG
Axon 11 SE 5G,USB Type-C 2.0
Axon 11 SE 5G,OTG
Blade A3 Joy,microUSB 2.0
Blade A3 Prime,USB Type-C 2.0
nubia Play,USB Type-C 2.0
nubia Play,OTG
Axon 11 4G,USB Type-C 2.0
Axon 11 4G,OTG
Axon 11 5G,USB Type-C 2.0
Axon 11 5G,OTG
nubia Red Magic 5G,USB Type-C 3.0
nubia Red Magic 5G,OTG
nubia Red Magic 5G,accessory connector
Cymbal 2,microUSB 2.0
Blade A7 Prime,USB Type-C 2.0
Blade 10 Prime,USB Type-C 2.0
Blade 20,USB Type-C 2.0
Blade 20,OTG
nubia Red Magic 3s,USB Type-C 3.1
nubia Red Magic 3s,OTG
nubia Red Magic 3s,accessory connector
nubia Z20,USB Type-C
nubia Z20,OTG
Blade A5 (2019),microUSB 2.0
Blade A3 (2019),microUSB 2.0
Blade L8,microUSB 2.0
nubia Red Magic 3,USB Type-C 2.0
nubia Red Magic 3,OTG
nubia Red Magic 3,accessory connector
Axon 10 Pro 5G,USB Type-C 2.0
Axon 10 Pro,USB Type-C 2.0
nubia Red Magic Mars,USB Type-C
nubia Red Magic Mars,OTG
nubia X,USB Type-C
nubia X,OTG
nubia Z18,USB Type-C
nubia Z18,OTG
nubia Red Magic,USB Type-C
nubia Red Magic,OTG
Blade A7 Vita,microUSB 2.0
Blade A7,microUSB 2.0
Blade A7,OTG
nubia Z18 mini,USB Type-C
nubia V18,microUSB 2.0
nubia V18,OTG
nubia N3,microUSB 2.0
nubia N3,OTG
Blade V9 Vita,microUSB 2.0
Blade V9 Vita,OTG
Blade V9,microUSB 2.0
Blade A3,microUSB 2.0
Blade A6,microUSB 2.0
Blade A6,OTG
Maven 2,microUSB 2.0
Blade X,USB Type-C
Axon M,USB Type-C
nubia Z17s,USB Type-C
nubia Z17s,OTG
nubia Z17 miniS,USB Type-C
nubia Z17 lite,USB Type-C
nubia Z17 lite,OTG
Blade Z Max,USB Type-C
Blade Force,microUSB 2.0
Tempo X,microUSB 2.0
Blade A601,microUSB 2.0
Grand X View 2,microUSB 2.0
Blade V7 Plus,microUSB 2.0
Blade V7 Plus,OTG
nubia N2,USB Type-C
nubia M2,USB Type-C
nubia M2,OTG
nubia M2 lite,USB Type-C
nubia Z17,USB Type-C
nubia Z17,OTG
Axon 7s,USB Type-C
Max XL,USB Type-C
nubia Z17 mini,USB Type-C
nubia Z17 mini,OTG
Blade A520,microUSB 2.0
nubia N1 lite,microUSB 2.0
Blade V8 Mini,microUSB 2.0
Blade V8 Lite,microUSB 2.0
Blade A2 Plus,microUSB 2.0
Blade A2 Plus,OTG
Blade V8 Pro,USB Type-C 2.0
Blade V8,microUSB 2.0
Axon 7 Max,USB Type-C
Grand X4,USB Type-C
nubia Z11 mini S,USB Type-C
nubia Z11 mini S,OTG
Axon 7 mini,USB Type-C 2.0
Warp 7,microUSB 2.0
nubia N1,USB Type-C
nubia N1,OTG
nubia Z11 Max,USB Type-C
nubia Z11 Max,OTG
Axon 7,USB Type-C 3.0
nubia Z11,USB Type-C
nubia Z11,OTG
Blade L110 (A110),microUSB 2.0
nubia Z11 mini,USB Type-C
nubia Z11 mini,OTG
Blade L5 Plus,microUSB 2.0
Blade V Plus,microUSB 2.0
Blade V Plus,OTG
Blade A512,microUSB 2.0
Blade V7,microUSB 2.0
Blade V7,OTG
Blade A910,microUSB 2.0
Blade A2,microUSB 2.0
Blade A2,OTG
Blade V7 Lite,microUSB 2.0
nubia Prague S,microUSB 2.0
nubia Prague S,OTG
Grand X 3,USB Type-C
Avid Plus,microUSB 2.0
Blade X9,microUSB 2.0
Axon,microUSB 2.0
Blade S7,microUSB 2.0
Axon mini,microUSB 2.0
Axon mini,OTG
Zmax 2,microUSB 2.0
nubia My Prague,microUSB 2.0
Axon Lux,microUSB 2.0
Boost Max+,microUSB 2.0
Blade D6,microUSB 2.0
Axon Pro,microUSB 2.0
Blade A410,microUSB 2.0
Obsidian,microUSB 2.0
Grand X2,microUSB 2.0
Blade Apex 3,microUSB 2.0
Maven,microUSB 2.0
Blade Qlux 4G,microUSB 2.0
nubia Z9,microUSB 2.0 (MHL 3 TV-out)
nubia Z9,OTG
Blade S6 Plus,microUSB 2.0
nubia Z9 Max,microUSB 2.0
nubia Z9 Max,OTG
nubia Z9 mini,microUSB 2.0
nubia Z9 mini,OTG
Blade L3 Plus,microUSB 2.0
Blade G Lux,microUSB 2.0
Blade G,microUSB 2.0
V5 Lux,microUSB 2.0
Blade S6,microUSB 2.0
Star 2,microUSB 2.0
Star 2,OTG
Grand S II,microUSB 2.0
Zmax,microUSB 2.0
Kis 3 Max,microUSB 2.0
nubia Z5S mini NX405H,microUSB 2.0
nubia Z7 Max,microUSB 2.0
nubia Z7 mini,microUSB 2.0
Blade L2,microUSB 2.0
Blade G2,microUSB 2.0
Star 1,microUSB 2.0
Star 1,OTG
nubia X6,microUSB 3.0
nubia X6,OTG
Open C,microUSB 2.0
Grand S II S291,microUSB 2.0
nubia Z5S,microUSB 2.0
nubia Z5S mini NX403A,microUSB 2.0
nubia Z5S mini NX403A,OTG
Grand S Flex,microUSB 2.0
Warp 4G,microUSB 2.0
Blade G V880G,microUSB 2.0
Vital N9810,microUSB 2.0
Grand X Pro,microUSB 2.0
Grand X Quad V987,microUSB 2.0
Grand Memo V9815,microUSB 2.0 (MHL TV-out)
Grand S,microUSB 2.0 (MHL TV-out)
Avid 4G,microUSB 2.0
nubia Z5,microUSB 2.0
Grand Era U895,microUSB 2.0
Grand X LTE T82,microUSB 2.0
Grand X V970,microUSB 2.0
Optik,microUSB 2.0
Memo,Proprietary
