phone,BatterymAh
1B (2022),3000
1L Pro (2021),3000
1 (2021),2000
3L (2021),4000
1S (2021),4000
1L (2021),3000
1V (2021),5000
1SE (2020),4000
Go Flip 4,1850
Go Flip 3,1350
Go Flip V,1350
3T10 2020,5500
3X (2020),5000
3L (2020),4000
1S (2020),4000
1V (2020),4000
1B (2020),3000
3v (2019),4000
3x (2019),4000
1v (2019),2460
3T 8,4080
Smart Tab 7,2580
3T 10,4080
3L,3500
3 (2019),3500
1s,3060
1x (2019),3000
1c (2019),2000
1,2000
Tetra,2050
7,4000
5v,4000
5,3000
3v,3000
3x (2018),3000
3,3000
1x,2460
3c,3000
3088,1530
1T 10,4000
1T 7,2580
Idol 5s,2850
Idol 5,2800
A7 XL,4000
A7,4000
U5 HD,2200
Pulsemix,2800
Idol 5s (USA),2620
Flash (2017),3100
U5,2050
A5 LED,2800
A3,2460
A3 XL,3000
Shine Lite,2460
Pixi 4 Plus Power,5000
Fierce 4,2500
X1,2150
Pixi 4 (5),2000
Flash Plus 2,3000
Pop 7 LTE,3240
Pop 4S,2960
Pop 4+,2500
Pop 4,2500
Idol 4s Windows,3000
Idol 4s,3000
Idol 4,2610
Fierce XL (Windows),2500
CareTime,380
Pixi 4 (7),2580
Pixi 4 (6) 3G,2580
Pixi 4 (6),2580
Pixi 4 (4),1500
Pixi 4 (3.5),1300
Pixi 3 (8) LTE,4060
Pop 3 (5.5),2910/2500
Pop 3 (5),2000/1800
Fierce XL,2500
Watch,210
GO Watch,225
Flash 2,3000
10.16G,400
2007,750
Idol 3C,2910
Pixi 3 (10),4060
Pixi First,1450
Pop Up,2000
Pop Star LTE,2000
Pop Star,2000
Go Play,2500
Flash Plus,3500
Pop Astro,2000
Flash,3200
Idol 3 (5.5),2910
Idol 3 (4.7),2000
Orange Klif,1300
Pixi 3 (5.5) LTE,2800
Pixi 3 (5.5),2910
Pixi 3 (8) 3G,3240
Pixi 3 (7) LTE,2820
Pixi 3 (7) 3G,2820
Pixi 3 (7),2820
Pop 10,4600
Pixi 3 (5),1800
Pixi 3 (4.5),1400
Pixi 3 (4),1400
Pixi 3 (3.5) Firefox,1300
Pixi 3 (3.5),1300
Pop D3,1400
Pop D1,1300
Pop Icon,2000
Fire C 2G,1000
Pop 2 (5) Premium,2500
Pop 2 (5),2500
Pop 2 (4),2000
Pop 2 (4.5) Dual SIM,2000
Pop 2 (4.5),2000
Fierce 2,2000
Evolve 2,1400
Pop 8S,4100
Hero 8,4060
Hero 2,3100
Pixi 2,1300
Pop D5,1800
Pop C2,1300
Pixi 8,3240
2012,750
2010,750
2052,750
2040,850
2005,850
Pop 7S,3240
Pixi 7,2840
Pop S9,3400
Pop S7,3000
Pop S3,2000
Fire S,2000
Fire E,1700
Fire C,1300
Idol 2 S,2150
Idol 2,2000
Idol 2 Mini S,2000
Idol 2 Mini,1700
Pop Fit,1000
2001,1000
2000,1000
Idol X+,2500
Pop C9,2500
Pop 8,4100
Pop 7,3240
Fierce,1800
Evolve,1400
Pop C7,2000/1900
Pop C5,1800
Pop C3,1300
Pop C1,1300
One Touch Evo 8HD,4160
Idol Alpha,2000
Hero,3400
Idol S,2000
Idol Mini,1700
One Touch T10,3000
One Touch Snap LTE,2200
One Touch Pixi,1300
One Touch Snap,1800
Idol X,2000
One Touch Fire,1400
One Touch Star,1500
One Touch Scribe Easy,2500
One Touch Tab 7,3240
One Touch Tab 7 HD,3300
One Touch Idol Ultra,1800
One Touch Idol,1800
One Touch T'Pop,1400
One Touch S'Pop,1400
One Touch M'Pop,1400
One Touch X'Pop,1800
One Touch Scribe HD-LTE,2500
One Touch Scribe X,2500
One Touch Scribe HD,2500
View,1500
OT-983,1300
OT-997D,1800
OT-997,1800
OT-992D,1500
OT-988 Shockwave,1400
OT-993,1500
OT-903,1300
OT-838,1000
OT-668,650
OT-605,850
OT-986,1800
OT-991,1500
OT-916,1500
OT-720,1000
OT-902,1000
OT-870,850
OT-595,850
OT-358,650
OT-310,500
OT-318D,650
OT-317D,650
OT-308,500
OT-282,1000
OT-292,500
OT-228,500
OT-985,1300
OT-810D,850
OT-906,1150
OT-810,850
OT-995,1500
OT-990,1300
OT-910,1300
OT-908,1300
OT-905,850
OT-900,1000
OT-891 Soul,1000
OT-918,1300
OT-918D,1300
OT-890D,1000
OT-890,1000
OT-888,850
OT-818,1000
OT-813D,1000
OT-807,850
OT-803,1000
OT-799 Play,850
OT-690,850
OT-665,650
OT-602,850
OT-585,850
OT-506,650
OT-385,850
OT-361,650
OT-355,650
OT-330,850
OT-306,500
OT-223,500
OT-217,500
OT-213,500
OT-209,500
OT-117,500
OT-113,500
OT-112,500
OT-109,500
OT-105,500
OT-706,650
Net,850
OT-808,850
OT-606 One Touch CHAT,670
OT-255,650
OT-252,500
OT-710,850
OT-108,500
OT-216,650
OT-206,650
OT-909 One Touch MAX,1000
Miss Sixty,850
OT-880 One Touch XTRA,850
OT-208,500
OT-301,500
OT-300,500
OT-980,1150
OT-806,850
OT-802 Wave,850
OT-305,500
OT-380,650
OT-505,650
OT-508A,750
OT-565,650
OT-106,650
OT-800 One Touch CHROME,850
OT-800 One Touch Tribe,850
OT-708 One Touch MINI,750
OT-660,750
OT-383,650
OT-203,650
OT-103,650
OT-600,750
Crystal,720
Miss Sixty 2009,750
ELLE GlamPhone,720
OT-363,650
Roadsign,750
OT-303,650
OT-222,650
OT-280,650
OT-202,720
OT-S121,670
OT-111,670
OT-102,720
Mandarina Duck Moon,750
Mandarina Duck,750
OT-I650 SPORT,1000
OT-I650 PRO,1000
OT-V770,750
OT-V670,750
OT-V607A,750
OT-V570,750
OT-V270,750
OT-V212,670
OT-S626A,750
OT-S521A,750
OT-S920,800
OT-S621,750
OT-S520,750
OT-S320,750
OT-S319,750
OT-S218,670
OT-S215A,670
OT-S211,670
OT-S210,670
OT-S120,670
OT-S107,720
ELLE No 3,700
OT-C825,700
OT-C717,720
OT-C707,750
OT-C701,750
OT-C700A,750
OT-C507,750
OT-E227,750
OT-E225,650
OT-E221,750
OT-E207,720
OT-E205,650
OT-E201,720
OT-E101,720
Lollipops,650
OT-E220,650
OT-E805,650
OT-E230,650
OT-C635,650
OT-C630,650
OT-E100,650
OT-C550,650
OT-E265,650
OT-E105,650
OT-E260,650
OT-C750,650
OT-S853,800
OT-S850,500
OT-C560,650
OT-C555,650
OT-C552,650
OT-C551,650
OT-C656,650
OT-C652,650
OT-C651,650
OT-E259,650
OT-E256,650
OT-E257,650
OT-E160,650
OT-E252,650
OT-E159,650
OT-E158,650
OT-E157,650
OT 757,950
OT 355,720
OT 156,720
OT 153,700
OT 756,950
OT 557,800
OT 565,800
OT 556,800
OT 835,785
OT 531,900
OT 331,600
OT 526,600
OT 320,700
OT 525,600
OT 512,600
OT 311,700
OT 511,600
OT 700,780
OT View db @,650
OT Pocket,600
OT View db,650
OT Max db,650
OT Gum db,650
OT Easy db,650
OT Club db,650
OT COM,880
OT Pro,600
OT Easy HF,580
OT Easy,580
OT Club,580
OT Club +,580
OT Max,580
OT View,580
HC 1000,600
iPhone 15 Pro Max,4441
iPhone 15 Pro,3274
iPhone 15 Plus,4383
iPhone 15,3349
Watch Ultra 2,564
Watch Series 9,308
Watch Series 9 Aluminum,308
iPad Pro 12.9 (2022),10758
iPad Pro 11 (2022),7538
iPad (2022),7606
iPhone 14 Pro Max,4323
iPhone 14 Pro,3200
iPhone 14 Plus,4323
iPhone 14,3279
Watch Ultra,542
Watch Series 8,308
Watch Series 8 Aluminum,308
Watch SE (2022),296
iPhone SE (2022),2018
iPhone 13 Pro Max,4352
iPhone 13 Pro,3095
iPhone 13,3240
iPhone 13 mini,2438
iPad 10.2 (2021),8557
Watch Edition Series 7,309
Watch Series 7,309
Watch Series 7 Aluminum,309
iPad Pro 12.9 (2021),10758
iPad Pro 11 (2021),7538
iPhone 12 Pro Max,3687
iPhone 12 Pro,2815
iPhone 12,2815
iPhone 12 mini,2227
iPad Air (2020),7606
Watch Series 6 Aluminum,303.8
Watch Series 6,303.8
Watch Edition Series 6,303.8
iPhone SE (2020),1821
iPad Pro 12.9 (2020),9720
iPad Pro 11 (2020),7538
iPhone 11 Pro Max,3969
iPhone 11 Pro,3046
iPhone 11,3110
iPad 10.2 (2019),8827
Watch Edition Series 5,296
Watch Series 5,296
Watch Series 5 Aluminum,296
iPad Air (2019),8134
iPad mini (2019),5124
iPad Pro 12.9 (2018),9720
iPad Pro 11 (2018),7812
iPhone XS Max,3174
iPhone XS,2658
iPhone XR,2942
Watch Series 4,292
Watch Series 4 Aluminum,292
iPad 9.7 (2018),8827
iPhone X,2716
iPhone 8 Plus,2691
iPhone 8,1821
Watch Edition Series 3,341
Watch Series 3,341
Watch Series 3 Aluminum,341
iPad Pro 12.9 (2017),"10,891"
iPad Pro 10.5 (2017),8134
iPad 9.7 (2017),8827
Watch Edition Series 2 42mm,334
Watch Edition Series 2 38mm,273
Watch Series 2 42mm,334
Watch Series 2 38mm,273
Watch Series 2 Aluminum 42mm,334
Watch Series 1 Aluminum 42mm,250
Watch Series 2 Aluminum 38mm,273
Watch Series 1 Aluminum 38mm,205
iPhone 7 Plus,2900
iPhone 7,1960
iPad Pro 9.7 (2016),7306
iPhone SE,1624
iPhone 6s Plus,2750
iPhone 6s,1715
iPad Pro 12.9 (2015),"10,307"
iPad mini 4 (2015),5124
Watch Edition 42mm (1st gen),250
Watch Edition 38mm (1st gen),205
Watch 42mm (1st gen),250
Watch 38mm (1st gen),205
Watch Sport 42mm (1st gen),250
Watch Sport 38mm (1st gen),205
iPad Air 2,7340
iPad mini 3,6470
iPhone 6 Plus,2915
iPhone 6,1810
iPad Air,8600
iPad mini 2,6470
iPhone 5s,1560
iPhone 5c,1510
iPad mini Wi-Fi,4490
iPad mini Wi-Fi + Cellular,4490
iPad 4 Wi-Fi,11560
iPad 4 Wi-Fi + Cellular,11560
iPhone 5,1440
iPad 3 Wi-Fi + Cellular,11560
iPad 3 Wi-Fi,11560
iPhone 4s,1432
iPad 2 Wi-Fi + 3G,6930
iPad 2 Wi-Fi,6930
iPad 2 CDMA,6930
iPhone 4,1420
iPhone 4 CDMA,1420
iPad Wi-Fi + 3G,6600
iPad Wi-Fi,6600
iPhone 3GS,1400
iPhone 3G,1220
iPhone,1400
ROG Phone 8 Pro,5500
ROG Phone 8,5500
Zenfone 10,4300
ROG Phone 7 Ultimate,6000
ROG Phone 7,6000
ROG Phone 6D Ultimate,6000
ROG Phone 6D,6000
ROG Phone 6 Diablo Immortal Edition,6000
ROG Phone 6 Batman Edition,6000
Zenfone 9,4300
ROG Phone 6 Pro,6000
ROG Phone 6,6000
ROG Phone 5s Pro,6000
ROG Phone 5s,6000
Smartphone for Snapdragon Insiders,4000
Zenfone 8 Flip,5000
Zenfone 8,4000
ROG Phone 5 Ultimate,6000
ROG Phone 5 Pro,6000
ROG Phone 5,6000
Zenfone 7 Pro,5000
Zenfone 7,5000
ROG Phone 3,6000
ROG Phone 3 Strix,6000
ROG Phone II ZS660KL,6000
Zenfone 6 ZS630KL,5000
ZenFone Live (L2),3000
Zenfone Max Plus (M2) ZB634KL,4000
Zenfone Max Shot ZB634KL,4000
Zenfone Max Pro (M2) ZB631KL,5000
Zenfone Max (M2) ZB633KL,4000
Zenfone Max (M1) ZB556KL,4000
ZenFone Lite (L1) ZA551KL,3000
ROG Phone ZS600KL,4000
ZenFone Live (L1) ZA550KL,3000
Zenfone Max Pro (M1) ZB601KL/ZB602K,5000
Zenfone 5z ZS620KL,3300
Zenfone 5 ZE620KL,3300
Zenfone 5 Lite ZC600KL,3300
Zenfone Max (M1) ZB555KL,4000
Zenfone Max Plus (M1) ZB570TL,4130
Zenfone V V520KL,3000
Zenfone 4 Pro ZS551KL,3600
Zenfone 4 ZE554KL,3300
Zenfone 4 Selfie Lite ZB553KL,3000
Zenfone 4 Selfie ZB553KL,3000
Zenfone 4 Selfie Pro ZD552KL,3000
Zenfone 4 Selfie ZD553KL,3000
Zenfone 4 Max ZC520KL,4100
Zenfone 4 Max Pro ZC554KL,5000
Zenfone 4 Max Plus ZC554KL,5000
Zenfone 4 Max ZC554KL,5000
Zenpad Z8s ZT582KL,4680
Zenpad 3s 8.0 Z582KL,4680
Zenfone Go ZB552KL,3000
Zenfone Live ZB501KL,2650
Zenfone 3s Max ZC521TL,5000
Zenpad 3S 10 Z500KL,7800
Zenfone AR ZS571KL,3300
Zenfone 3 Zoom ZE553KL,5000
Zenfone Go ZB690KG,3480
Zenpad 3 8.0 Z581KL,4680
Zenfone Go ZB500KL,2600
Zenfone 3 Max ZC553KL,4100
Zenfone 3 Deluxe 5.5 ZS550KL,3000
Zenpad Z10 ZT500KL,7800
Zenwatch 3 WI503Q,341
Zenpad 3S 10 Z500M,5900
Zenfone 3 Max ZC520TL,4130
Zenfone 3 Laser ZC551KL,3000
Zenfone 3 ZE520KL,2600
Zenfone Pegasus 3,4100
Zenpad Z8,4680
Zenfone 3 Ultra ZU680KL,4600
Zenfone 3 Deluxe ZS570KL,3000
Zenfone 3 ZE552KL,3000
Zenfone Max ZC550KL (2016),5000
Zenfone Go ZB450KL,2070
Zenfone Go ZB452KG,2070
Zenfone Go ZB551KL,3010
Zenfone Go T500,2500
Zenfone Go ZC451TG,1600
Live G500TG,2070
Zenwatch 2 WI501Q,400
Zenwatch 2 WI502Q,300
Zenwatch WI500Q,370
Zenfone 2 Laser ZE551KL,3000
Zenfone Zoom ZX551ML,3000
Zenpad 8.0 Z380M,4000
Zenpad 10 Z300M,4890
Zenpad 10 Z300C,4890
Zenfone Go ZC500TG,2070
Zenfone Max ZC550KL,5000
Zenfone 2 Deluxe ZE551ML,3000
Zenfone 2 Laser ZE601KL,3000
Zenfone 2 Laser ZE600KL,3000
Zenfone 2 Laser ZE550KL,3000
Zenfone 2 Laser ZE500KG,2040
Zenfone 2 Laser ZE500KL,2400
Zenpad 7.0 Z370CG,3500
Zenfone 2E,2500
Pegasus 2 Plus,3030
Zenpad S 8.0 Z580CA,3950
Zenpad S 8.0 Z580C,4000
Zenpad 8.0 Z380KL,4000
Zenpad 8.0 Z380C,4000
Zenpad C 7.0 Z170MG,3500
Zenpad C 7.0,3450
Zenfone Selfie ZD551KL,3000
Zenfone 2 ZE500CL,2500
Zenfone 2 ZE550ML,3000
Zenfone 2 ZE551ML,3000
Fonepad 7 FE375CL,3950
Zenfone C ZC451CG,2100
Fonepad 7 FE171CG,3950
Zenfone Zoom ZX550,3000
Pegasus,2500
Zenfone 5 Lite A502CG (2014),2500
Memo Pad 10 ME103K,5000
PadFone X mini,2060
Memo Pad 7 ME572CL,3950
Memo Pad 7 ME572C,3950
Zenfone 5 A500KL (2014),2110
Zenfone 4 A450CG (2014),1750
Memo Pad 8 ME581CL,4000
Memo Pad 8 ME181C,4000
Memo Pad 7 ME176C,3950
Transformer Pad TF303CL,6600
Transformer Pad TF103C,5000
Fonepad 7 (2014),3910
PadFone X,2300
PadFone S,2300
PadFone Infinity Lite,2400
PadFone E,1820
Zenfone 6 A601CG (2014),3230
Zenfone 6 A600CG (2014),3300
Zenfone 5 A501CG (2015),2110
Zenfone 5 A500CG (2014),2110
Zenfone 4 (2014),1600/1200
PadFone mini 4G (Intel),2060
PadFone mini (Intel),1170
PadFone mini,1500
PadFone Infinity 2,2400
Memo Pad 10,5070
Memo Pad 8 ME180A,3950
Fonepad 7,3950
Google Nexus 7 (2013),3950
Fonepad Note FHD6,3200
Memo Pad FHD10,6760
Fonepad,4270
PadFone Infinity,2400
Memo Pad ME172V,4270
Google Nexus 7 Cellular,4325
PadFone 2,2140
Google Nexus 7,4325
Memo,4400
PadFone,1520
P835,1100
E600,1300
P565,1300
P552w,1100
P320,1100
M930,1100
P550,1530
P750,1300
Z801,750
M530w,1200
P526,1300
J501,750
P735,1300
Z810,720
P535,1300
P525,1300
P505,1000
M303,700
M307,700
M310,920
V80,750
V75,720
V66,720
Wildfire E star,3000
U23,4600
U23 Pro,4600
A103 Plus,6000
A103,6000
A102,8000
A101,7000
Wildfire E2 Play,4600
Wildfire E3 lite,5000
Wildfire E plus,5150
Desire 22 Pro,4520
Wildfire E2 Plus,4600
Wildfire E3,4000
Desire 21 Pro 5G,5000
Desire 20+,5000
Wildfire E1 lite,3000
Wildfire E2,4000
Wildfire E1 plus,3000
Wildfire E1,3000
Wildfire E,3000
U20 5G,5000
Desire 20 Pro,5000
Desire 19s,3850
Exodus 1s,3075
Wildfire X,3300
U19e,3930
Desire 19+,3850
Desire 12s,3075
Exodus 1,3500
U12 life,3600
U12+,3500
Desire 12+,2965
Desire 12,2730
U11 Eyes,3930
U11+,3930
U11 Life,2600
U11,3000
One X10,4000
U Ultra,3000
U Play,2500
10 evo,3200
Desire 650,2200
Desire 10 Pro,3000
Desire 10 Compact,3300
One A9s,2300
Desire 10 Lifestyle,2700
Desire 728 Ultra,2800
Desire 628,2200
One M9 Prime Camera,2840
Desire 830,2800
One S9,2840
10 Lifestyle,3000
10,3000
Desire 825,2700
Desire 630,2200
Desire 530,2200
Desire 625,2000
One X9,3000
One M9s,2840
Desire 828 dual sim,2800
Desire 728 dual sim,2800
One E9s dual sim,2600
Butterfly 3,2700
One M9+ Supreme Camera,2840
One A9,2150
Desire 626 (USA),2000
Desire 626s,2000
Desire 526,2000
Desire 520,2000
One ME,2840
Desire 820G+ dual sim,2600
Desire 326G dual sim,2000
One M9+,2840
One M8s,2840
One E9+,2800
One E9,2800
One M9,2840
Desire 820s dual sim,2600
Desire 626G+,2000
Desire 626,2000
Desire 526G+ dual sim ,2000
Desire 826 dual sim,2600
Desire 320,2100
Desire 620G dual sim,2100
Desire 620,2100
Nexus 9,6700
Desire 816G dual sim,2600
One (M8 Eye),2600
Desire Eye,2400
Desire 612,2040
Desire 820q dual sim,2600
Desire 820 dual sim,2600
Desire 820,2600
One (E8) CDMA,2600
Desire 510,2100
One (M8) for Windows,2600
One (M8) for Windows (CDMA),2600
Butterfly 2,2700
One Remix,2100
One (M8) dual sim,2600
Desire 516 dual sim,1950
One (E8),2600
One mini 2,2110
Desire 616 dual sim,2000
Desire 210 dual sim,1300
One (M8) CDMA,2600
One (M8),2600
Desire 310 dual sim,2000
Desire 310,2000
Desire 816 dual sim,2600
Desire 816,2600
Desire 610,2040
Desire 501 dual sim,2100
Desire 700,2100
Desire 700 dual sim,2100
Desire 601 dual sim,2100
Desire 501,2100
One Max,3300
Desire 300,1650
Desire 601,2100
Desire 500,1800
One mini,1800
Desire L,1800
Desire P,1620
Desire Q,1650
8XT,1800
Butterfly S,3200
Desire 200,1230
Desire 600 dual sim,1860
First,2000
One Dual Sim,2300
One,2300
Desire U,1650
Desire 400 dual sim,1800
Butterfly,2020
DROID DNA,2020
One SV CDMA,1800
One SV,1800
Desire SV,1620
One VX,1800
One X+,2100
Windows Phone 8X CDMA,1800
Windows Phone 8X,1800
Windows Phone 8S,1700
One ST,1800
One SC,1800
Desire X,1650
Desire VT,1650
Desire XC,1650
Desire VC,1650
Desire V,1650
Desire C,1230
J,1810
DROID Incredible 4G LTE,1700
Evo 4G LTE,2000
One XC,2000
One X,1800
One X AT&T,1800
One XL,1800
One S C2,1650
One S,1650
One V,1500
Velocity 4G Vodafone,1620
Velocity 4G,1620
Titan II,1730
Rezound,1620
Vivid,1620
EVO Design 4G,1520
Sensation XL,1600
Explorer,1230
Amaze 4G,1730
Raider 4G,1620
Rhyme,1600
Hero S,1520
Rhyme CDMA,1600
Sensation XE,1730
Jetstream,7300
Titan,1600
Radar,1520
Panache,1400
Status,1250
Trophy,1300
DROID Incredible 2,1450
Sensation 4G,1520
EVO 3D,1730
Sensation,1520
EVO 3D CDMA,1730
HD7S,1230
Merge,1400
Incredible S,1450
Desire S,1450
Wildfire S,1230
Salsa,1520
ChaCha,1250
Flyer,4000
Flyer Wi-Fi,4000
EVO View 4G,4000
Inspire 4G,1230
Freestyle,1300
ThunderBolt 4G,1400
EVO Shift 4G,1500
Gratia,1200
HD7,1230
7 Pro,1230
7 Surround,1230
7 Mozart,1300
7 Trophy,1300
Arrive,1500
Desire HD,1230
Desire Z,1300
Paradise,1200
Evo 4G+,1730
Aria,1200
Wildfire CDMA,1300
Wildfire,1300
HD mini,1200
Desire,1400
Legend,1300
Google Nexus One,1400
Smart,1100
HD2,1230
Evo 4G,1500
Droid Incredible,1300
DROID ERIS,1300
Pure,1100
Tattoo,1100
Touch2,1000
Hero CDMA,1500
Hero,1350
Ozone,1500
Snap,1500
Magic,1340
Touch Pro2 CDMA,1500
Tilt2,1500
Touch Pro2,1500
Touch Diamond2 CDMA,1500
Touch Diamond2,1100
Dream,1150
Touch Cruise 09,1100
MAX 4G,1500
Touch HD T8285,1350
Touch HD,1350
Touch 3G,1100
Touch Viva,1100
S740,1050
Touch Pro CDMA,1340
Touch Pro,1340
Touch Diamond CDMA,1340
Touch Diamond,900
Advantage X7510,2100
P3470,1100
Touch Cruise,1350
Touch Dual,1120
P6500,1500
S730,1050
TyTN II,1350
S630,1050
Touch,1100
P6300,1300
Shift,2700
Advantage X7500,2200
S710,1050
P3350,1200
P3400,1250
P4350,1130
P3600,1500
P3300,1250
S620,960
S310,1150
TyTN,1350
MTeoR,1190
Wildfire R70,4000
Tiara,1800
Zeta,1830
Ville,1650
A12,2100
nova Y72,6000
nova 12 Ultra,4600
nova 12 Pro,4600
nova 12,4600
nova 12 Lite,4500
Enjoy 70,6000
MatePad Pro 11 (2024),8300
nova 11 SE,4500
Watch Ultimate Design,530
MatePad Pro 13.2,10100
Mate 60 RS Ultimate,5000
Mate 60 Pro+,5000
Mate X5,5060
Mate 60 Pro,5000
Mate 60,4750
MatePad 11.5,7700
MatePad Air,8300
nova Y91,7000
Watch 4,530
nova 11i,5000
nova Y71,6000
Enjoy 60X,7000
nova 11 Ultra,4500
nova 11 Pro,4500
nova 11,4500
Mate X3,4800
P60 Pro,4815
P60,4815
P60 Art,5100
Enjoy 60,6000
Watch Ultimate,530
MatePad 11 (2023),7250
nova 10 Youth,4000
Watch Buds,410
Enjoy 50z,5000
Pocket S,4000
Watch GT Cyber,292
nova Y61,5000
MatePad C5e,5100
nova 10 SE,4500
Mate 50 RS Porsche Design,4700
Mate 50 Pro,4700
Mate 50E,4460
Mate 50,4460
nova 10z,4000
MatePad Pro 11 (2022),8300
nova 10 Pro,4500
nova 10,4000
nova Y90,5000
MatePad 10.4 (2022),7250
Mate Xs 2,4600
Watch GT 3 Porsche Design,530
Watch GT 3 Pro,530
MatePad SE,5100
nova 9 SE 5G,4000
nova Y70 Plus,6000
P50E,4100
nova 9 SE,4000
P50 Pocket,4000
nova 8 SE 4G,3800
nova Y60,5000
Enjoy 20e,5000
Watch GT Runner,455
Watch Fit mini,180
Watch GT 3,455
nova 9 Pro,4000
nova 9,4300
nova 8,3800
P50 Pro,4360
P50,4100
nova 8 SE Youth,4000
nova 8i,4300
Mate 40 Pro 4G,4400
Mate 40E 4G,4200
Mate X2 4G,4500
MatePad Pro 12.6 (2021),"10,050"
MatePad Pro 10.8 (2021),7250
MatePad 11 (2021),7250
nova 8 Pro 4G,4000
MatePad T 10,5100
Mate 40E,4200
P40 4G,3800
Mate X2,4500
nova 8 Pro 5G,4000
nova 8 5G,3800
Enjoy 20 SE,5000
nova 8 SE,3800
Mate 40 RS Porsche Design,4400
Mate 40 Pro+,4400
Mate 40 Pro,4400
Mate 40,4200
Watch GT 2 Porsche Design,455
Mate 30E Pro 5G,4500
nova 7 SE 5G Youth,4000
Y7a,5000
P smart 2021,5000
MatePad 5G,7250
Watch GT 2 Pro,455
Y9a,4200
Enjoy 20 Plus 5G,4200
Enjoy 20 5G,5000
MatePad 10.8,7500
MatePad T 10s,5100
Enjoy Tablet 2,5100
Children's Watch 4X,800
Enjoy 20 Pro,4000
Enjoy Z 5G,4000
P Smart S,4000
Y8p,4000
P40 lite 5G,4000
P30 Pro New Edition,4200
MatePad T8,5100
Y8s,4000
Y6p,5000
Y5p,3020
P smart 2020,3400
nova 7 Pro 5G,4000
nova 7 5G,4000
nova 7 SE,4000
MatePad 10.4,7250
Watch GT 2e,455
Enjoy 10e,5000
P40 Pro+,4200
P40 Pro,4200
P40,3800
P40 lite E,4000
P40 lite,4200
MatePad Pro 10.8 5G (2019),7250
Mate Xs,4500
P30 lite New Edition,3340
Y7p,4000
nova 7i,4200
Y6s (2019),3020
P smart Pro 2019,4000
nova 6 5G,4200
nova 6,4100
nova 6 SE,4200
MatePad Pro 10.8 (2019),7250
Mate X,4500
Y9s,4000
nova 5z,4000
Enjoy 10s,4000
Enjoy 10,4000
Mate 30 RS Porsche Design,4500
Mate 30 Pro 5G,4500
Mate 30 Pro,4500
Mate 30 5G,4200
Mate 30,4200
Watch GT 2,455
nova 5i Pro,4000
Enjoy 10 Plus,4000
nova 5T,3750
MediaPad M6 10.8,7500
MediaPad M6 Turbo 8.4,6100
MediaPad M6 8.4,6100
nova 5 Pro,3500
nova 5,3500
nova 5i,4000
Y9 Prime (2019),4000
P20 lite (2019),4000
P Smart Z,4000
Mate 20 X (5G),4200
P30 Pro,4200
P30,3650
P30 lite,3340
nova 4e,3340
Y5 (2019),3020
Enjoy 9e,3020
Enjoy 9s,3400
Y Max,5000
MediaPad M5 Lite 8,5100
Y6 Pro (2019),3020
Y6 (2019),3020
Y7 (2019),4000
Y7 Prime (2019),4000
Y7 Pro (2019),4000
Y5 lite (2018),3020
nova 4,3750
P smart 2019,3400
Enjoy 9,4000
Watch Magic,178
Watch GT,420
Mate 20 RS Porsche Design,4200
Mate 20 X,5000
Mate 20 Pro,4200
Mate 20,4000
MediaPad T5,5100
MediaPad M5 lite,7500
Y9 (2019),4000
Mate 20 lite,3750
P Smart+ 2019,3400
nova 3i,3340
nova 3,3750
Watch 2 2018,420
Y5 Prime (2018),3020
Y3 (2018),2280
Y6 Prime (2018),3000
Y6 (2018),3000
Mate RS Porsche Design,4000
P20 Pro,4000
P20,3400
P20 lite,3000
Y7 Pro (2018),3000
Y7 Prime (2018),3000
Y7 (2018),3000
Y9 (2018),4000
MediaPad M5 10 (Pro),7500
MediaPad M5 10,7500
MediaPad M5 8,5100
P smart,3000
nova 2s,3340
Mate 10 Porsche Design,4000
Mate 10 Pro,4000
Mate 10,4000
Watch 2 Pro,420
Mate 10 Lite,3340
P9 lite mini,3020
Y7 Prime,4000
MediaPad M3 Lite 8,4800
MediaPad T3 10,4800
MediaPad M3 Lite 10,6660
nova 2 plus,3340
nova 2,2950
Y6II Compact,2200
MediaPad T3 8.0,4800
MediaPad T3 7.0,3100
Y7,4000
Y6 (2017),3000
Y5 (2017),3000
Y3 (2017),2200
Watch 2 Classic,420
Watch 2,420
P10 Plus,3750
P10,3200
P10 Lite,3000
P8 Lite (2017),3000
Enjoy 6s,3020
Mate 9 Pro,4000
Mate 9 Porsche Design,4000
Mate 9,4000
Fit,80
Enjoy 6,4100
MediaPad M3 8.4,5100
nova plus,3340
nova,3020
MediaPad T2 10.0 Pro,6660
MediaPad T2 7.0 Pro,4360
MediaPad T2 7.0,4100
G9 Plus,3340
MediaPad T1 7.0 Plus,4100
MediaPad M2 7.0,4360
Y3II,2100
Y5II,2200
P9 lite,3000
P9 Plus,3400
P9,3000
MediaPad M2 10.0,6660
Watch,300
Enjoy 5s,2200
Mate 8,4000
G7 Plus,3000
Y6 Pro,4000
Nexus 6P,3450
Mate S,2700
Y6,2200
G8,3000
MediaPad M2 8.0,4800
Y560,2000
Y625,2000
P8lite ALE-L04,2200
P8lite,2200
P8max,4360
P8,2680
SnapTo,2200
MediaPad X2,5000
Y635,2000
Y360,1730
Ascend Y540,1950
Ascend Y520,1750
Ascend Y221,1350
Ascend GX1,3500
Ascend Mate7 Monarch,4100
MediaPad T1 10,4800
MediaPad T1 8.0,4800
MediaPad T1 7.0,4100
Ascend G620s,2000
Ascend Y550,2000
Ascend G7,3000
Ascend P7 Sapphire Edition,2500
Ascend Mate7,4100
Ascend G535,2000
Y300II,1730
Ascend G630,2000
Ascend Y330,1500
Ascend Plus,1700
Ascend P7,2500
Ascend P7 mini,2000
Ascend G730,2300
Ascend Y600,2100
MediaPad 10 Link+,6600
Ascend G6 4G,2000
Ascend G6,2000
MediaPad M1,4800
MediaPad X1,5000
Ascend Y530,1750
MediaPad 7 Youth2,4100
Ascend P6 S,2000
Ascend Mate2 4G,4050
Ascend Y320,1350
Ascend Y220,1350
Ascend G740,2400
Ascend Y511,1730
Ascend W2,1700
G6153,1050
G3621L,600
Ascend G700,2150
G610s,2150
Ascend G525,1700
MediaPad 7 Youth,4100
MediaPad 7 Vogue,4100
Ascend P6,2000
Ascend Y300,1730
Premia 4G M931,1650
Ascend Y210D,1700
Ascend P2,2420
Ascend G615,2150
Ascend G526,1950
Ascend G350,1730
Ascend G312,1500
Ascend W1,1950
Ascend Mate,4050
Ascend D2,3000
Ascend G510,1700
Ascend G500,1930
Ascend Y201 Pro,1400
MediaPad 10 Link,6600
Ascend Y,1400
Summit,1400
Ascend P1 LTE,2000
Fusion 2 U8665,1400
Ascend G600,1930
Ascend G330,1500
MediaPad 7 Lite,4100
Ascend Y100,1050
Ascend Y200,1250/1400
Ascend G330D U8825D,1550
Ascend G300,1350/1500
Ascend P1 XL U9200E,2600
Ascend P1,1670
Ascend Q M5660,1500
G6005,600
G6310,1000
G5000,1000
Activa 4G,1880
G5520,1000
G6609,1050
Fusion U8652,1400
MediaPad 10 FHD,6600
Ascend D1 XL U9500E,2600
Ascend D1,1800
Ascend D quad XL,2600
Ascend D quad,1800
Ascend P1s,1800
M886 Mercury,1900
G7300,1300
G7005,800
MediaPad,4100
MediaPad S7-301w,4100
D51 Discovery,1000
U8520 Duplex,1500
T8300,1200
U8350 Boulder,1200
Impulse 4G,1500
Pillar,900
U8850 Vision,1400
Ascend II,1400
U8800 Pro,1500
G7206,1050
U5510,1000
G5500,800
G6620,800
U8650 Sonic,1400
U8180 IDEOS X1,1200
G6608,1000
G7010,1100
U5900s,830
IDEOS S7 Slim,3250
IDEOS S7 Slim CDMA,3250
U9000 IDEOS X6,1400
U8800 IDEOS X5,1500
U8510 IDEOS X3,1200
U8150 IDEOS,1200
U8500 IDEOS X2,1150
U7520,1000
G6150,1100
U8300,930
IDEOS S7,2200
C3200,1050
U3100,1000
U8110,1150
U8100,1150
U8230,1500
U8220,1500
U1270,800
U9130 Compass,1250
G6600 Passport,1000
U9150,1300
U1100,900
U1000,900
Mate 30 Lite,4000
G10,3340
Smart 8 Plus,6000
Smart 8 Pro,5000
Smart 8 (India),5000
Smart 8 HD,5000
Hot 40 Pro,5000
Hot 40,5000
Hot 40i,5000
Smart 8,5000
Zero 30 4G,5000
Zero 30,5000
GT 10 Pro,5000
Hot 30 5G,5000
Note 30 VIP,5000
Hot 30 Play NFC,6000
Note 30 Pro,5000
Note 30,5000
Note 30 5G,5000
Note 30i,5000
Smart 7 HD,5000
Hot 30i,5000
Hot 30,5000
Smart 7 (India),6000
Smart 7,5000
Zero 5G 2023,5000
Hot 20 Play,6000
Hot 20S,5000
Hot 20,5000
Note 12 (2023),5000
Zero Ultra,4500
Hot 20 5G,5000
Hot 20i,5000
Zero 20,4500
Note 12i 2022,5000
Hot 12 Pro,5000
Smart 6 Plus (India),5000
Note 12 Pro,5000
Note 12 Pro 5G,5000
Note 12 5G,5000
Hot 11s NFC,5000
Hot 12 Play,6000
Hot 12 Play NFC,6000
Note 12 VIP,4500
Note 12 G96,5000
Note 12i,5000
Note 12,5000
Hot 12,5000
Smart 6 HD,5000
Hot 11 2022,5000
Hot 12i,5000
Zero 5G,5000
Smart 5 Pro,6000
Hot 11 Play,6000
Note 11i,5000
Note 11s,5000
Note 11,5000
Smart 6,5000
Note 11 Pro,5000
Hot 11s,5000
Hot 11,5200
Zero X Pro,4500
Zero X,4500
Zero X Neo,5000
Hot 10i,6000
Note 10 Pro NFC,5000
Note 10 Pro,5000
Note 10,5000
Hot 10T,5000
Hot 10s NFC,5000
Hot 10s,6000
Smart 5 (India),6000
Hot 10 Play,6000
Smart HD 2021,5000
Zero 8i,4500
Note 8,5200
Note 8i,5200
Hot 10 Lite,5000
Hot 10,5200
Zero 8,4500
Smart 5,5000
Hot 9 Play,6000
Note 7,5000
Note 7 Lite,5000
Hot 9 Pro,5000
Hot 9,5000
S5 Pro (16+32),4000
S5 Pro (48+40),4000
S5 Pro,4000
S5 lite,4000
Smart 4,4000
Smart 4c,4000
Hot 8 Lite,5000
S5,4000
Hot 8,5000
Note 6,4000
Smart3 Plus,3500
S4,4000
Hot 7 Pro,4000
Hot 7,4000
Zero 6 Pro,3650
Zero 6,3650
Smart 2 HD,3500
Hot 6X,4000
Note 5 Stylus,4000
S3X,4000
Hot 6,4000
Note 5,4500
Smart 2 Pro,3050
Smart 2,3050
Hot 6 Pro,4000
Hot S3,4000
Zero 5 Pro,4350
Zero 5,4350
Hot 5 Lite,4000
Hot 5,4000
Note 4 Pro,4500
Note 4,4300
Smart,3060
Zero 4 Plus,4000
Zero 4,3200
S2 Pro,3000
Hot 4 Pro,4000
Hot 4,4000
Note 3 Pro,4500
Note 3,4500
Hot S,3000
Tab M11,7040
Legion Y700 (2023),6550
Tab P12,10200
Tab M10,7700
Tab Extreme,12300
Tab M9,5100
Tab M8 (4th Gen),5100
Tab P11 Gen 2,7700
Tab P11 Pro Gen 2,8200
Tab M10 Gen 3,5100
Pad Pro 2022,8200
Legion Y70,5100
Tab M10 Plus (3rd Gen),7700
Legion Y700,6550
Legion Y90,5600
K14 Plus,5000
Tab K10,7700
Tab P12 Pro,10200
Tab P11 5G,7700
K13 Pro,5000
K13,5000
Yoga Tab 11,7700
Tab P11 Plus,7700
Tab M8 (3rd Gen),5100
Tab M7 (3rd Gen),3750
K13 Note,5000
Yoga Tab 13,10200
Pad Pro,8600
Pad Plus,7700
Pad,7700
Legion 2 Pro,5500
Legion Duel 2,5500
K12 Pro,6000
K12 (China),5000
A8 2020,5000
Tab P11 Pro,8600
Tab P11,7700
Tab M10 HD Gen 2,5000
Legion Duel,5000
Legion Pro,5000
A7,4000
M10 Plus,5000
M10 FHD REL,7000
Yoga Smart Tab,7000
K10 Plus,4050
K10 Note,4050
A6 Note,4000
Tab M8 (FHD),5100
Tab M8 (HD),5000
Tab M7,3590
Z6,4000
Z6 Pro 5G,4000
Z6 Youth,4050
Z6 Pro,4000
K6 Enjoy,3300
Tab V7,5180
S5 Pro GT,3500
Z5s,3300
Z5 Pro GT,3350
Z5 Pro,3350
S5 Pro,3500
K5 Pro,4050
K9,3000
Z5,3300
K5 Note (2018),3760
A5,4000
K5 play,3000
K5,3000
S5,3000
K320t,3000
moto tab,7000
Tab 7 Essential,3450
Tab 7,3500
K8 Plus,4000
K8,4000
K8 Note,4000
Tab 4 10 Plus,7000
Tab 4 10,7000
Tab 4 8 Plus,4850
Tab 4 8,4850
Tab3 8 Plus,4250
ZUK Edge,3100
A6600 Plus,2300
A6600,2300
B,2000
A Plus,2000
P2,5100
K6 Note,4000
K6 Power,4000
K6,3000
Yoga Tab 3 10,8400
Yoga Tab 3 Plus,9300
Vibe A,1700
C2 Power,3500
C2,2750
Phab2 Plus,4050
Phab2,4050
Phab2 Pro,4050
ZUK Z2,3500
Vibe C,2300
ZUK Z2 Pro,3100
Tab3 10,7000
Tab3 8,4290
Tab3 7,3450
Vibe K5 Plus,2750
Vibe K5,2750
A7000 Turbo,2900
Vibe P1 Turbo,4900
K5 Note,3500
Lemon 3,2750
Vibe S1 Lite,2700
Vibe K4 Note,3300
Vibe X3 c78,3300
Vibe X3,3500
A3690,2300
Yoga Tab 3 Pro,"10,200"
Yoga Tab 3 8.0,6200
A1000,2000
Phab,4250
Phab Plus,3500
Vibe P1,5000
A6010 Plus,2300
A6010,2300
Vibe P1m,4000
Vibe S1,2420
ZUK Z1,4100
A2010,2000
A616,2250
A3900,2300
K80,4000
S60,2150
A6000 Plus,2300
A1900,1500
K3 Note,3000
Vibe Shot,3000
A7000 Plus,2900
A7000,2900
A5000,4000
Tab 2 A10-70,7000
Tab 2 A8-50,4290
P70,4000
Tab 2 A7-30,3450
Tab 2 A7-20,3450
Tab 2 A7-10,3450
A6000,2300
P90,4000
Vibe X2 Pro,2410
K3,2300
Golden Warrior Note 8,3300
A916,2500
A319,1500
S856,2500
S580,2150
S90 Sisley,2300
A606,2000
Yoga Tablet 2 Pro,9600
Yoga Tablet 2 10.1,9600
Yoga Tablet 2 8.0 ,6400
Tab S8,4290
Vibe X2,2300
Vibe Z2,3000
A850+,2500
Vibe Z2 Pro,4000
Golden Warrior A8,2500
Golden Warrior S8,2000
S939,3000
S750,2000
A889,2500
A680,2000
A316i,1300
A328,2000
A536,2000
A526,2000
A10-70 A7600,6340
A8-50 A5500,4200
A7-50 A3500,3450
A7-30 A3300,3500
Yoga Tablet 10 HD+,9000
S860,4000
S850,2000
S660,3000
A880,2500
A859,2250
S930,3000
S650,2000
Vibe Z K910,3000
Yoga Tablet 10,9000
Yoga Tablet 8,6000
A630,2500
A516,2000
Vibe X S960,2000
S5000,3450
A850,2250
A706,2000
P780,4000
S820,2000
A390,1500
A369i,1500
A269i,1300
S920,2250
IdeaTab S6000H,6350
IdeaTab S6000F,6350
IdeaTab S6000L,6350
IdeaTab S6000,6350
IdeaTab A3000,3500
IdeaTab A1000,3500
K900,2500
S890,2250
IdeaTab A2107,3550
A830,2250
A820,2000
A800,2000
A789,2000
A690,1500
S720,2000
P770,3500
A60+,1500
S560,2000
S880,2250
A660,1500
K860,2250
P700i,2500
A65,1500
A335,1700
A185,1800
S800,650
Q350,1100
Q330,1000
A336,1400
E156,650
LePhone S2,1500
A60,1500
K800,1900
IdeaPad S2,1350
LePad S2010,7560
LePad S2007,3780
LePad S2005,1680
IdeaPad K1,7400
ThinkPad,3250
K12,4000
K7,4000
Vibe Z3 Pro,3400
Ultra Tab,7040
W41 Pro,5000
W41+,5000
W41,5000
W31+,4000
W31,4000
W11,4000
K92 5G,4000
K62,4000
Q52,4000
K52,4000
K42,4000
K71,4000
Wing 5G,4000
K22,3000
Q92 5G,4000
Q31,3000
K31,3000
Velvet 5G UW,4300
Q61,4000
Stylo 6,4000
Velvet,4300
Velvet 5G,4300
Folder 2,1470
V60 ThinQ 5G UW,5000
V60 ThinQ 5G,5000
Q51,4000
W10 Alpha,3450
K61,4000
K51S,4000
K41S,4000
G Pad 5 10.1,8200
V50S ThinQ 5G,4000
G8X ThinQ,4000
Q70,4000
K30 (2019),3000
K20 (2019),3000
K40S,3500
K50S,4000
W30 Pro,4050
W30,4000
W10,4000
Stylo 5,3500
V50 ThinQ 5G,4000
G8S ThinQ,3550
G8 ThinQ,3500
Q60,3500
K50,3500
K40,3000
Q9,3000
V40 ThinQ,3300
Watch W7,240
Tribute Empire,2500
Candy,2500
G7 Fit,3000
G7 One,3000
Q8 (2018),3300
K11 Plus,3000
Q Stylo 4,3300
Q Stylus,3300
V35 ThinQ,3300
Q7,3000
G7 ThinQ,3000
V30S ThinQ,3300
Zone 4,2500
X power 3,4500
K30,2880
K10 (2018),3000
K8 (2018),2500
Aristo 2,2410
X4+,3000
V30,3300
Q8 (2017),3000
Q6,3000
G Pad IV 8.0 FHD,3000
X venture,4100
G6,3300
X power2,4500
Watch Sport,430
Watch Style,240
Stylo 3 Plus,3080
Stylus 3,3200
Harmony,2800
K20 plus,2700
K10 (2017),2800
K8 (2017),2500
K7 (2017),2500
K4 (2017),2500
K3 (2017),2100
G Pad III 10.1 FHD,6000
U,3000
V20,3200
X Skin,2100
X5,2800
X max,2800
X mach,3000
G Pad III 8.0 FHD,4800
G Pad X 8.0,4800
X power,4100
X style,2100
Stylus 2 Plus,3000/2900
Stylo 2,3000
K5,1900
K3,1940
G5 SE,2800
G5,2800
X cam,2520
X screen,2300
K8,2125
Stylus 2,3000
K10,2300
K7,2125
K4,1940
G Pad II 8.3 LTE,4800
Ray,3000
G Vista 2,3000
G Watch R W110,410
Watch Urbane W150,410
Watch Urbane 2nd Edition LTE,570
V10,3000
Nexus 5X,2700
Zero,2050
G Pad II 10.1,7400
G Pad II 8.0 LTE,4200
Wine Smart,1700
Tribute 2,1900
Bello II,2540
G4 Beat,2300
G360,950
G350,950
G4c,2540
G4 Dual,3000
G4,3000
G Stylo,3000
G4 Stylus,3000
AKA,2610
Watch Urbane LTE,700
G Watch W100,400
Magna,2540
Spirit,2100
Leon,1900
Joy,1900
G Flex2,3000
Tribute,2100
L Prime,2460
G2 Lite,1820
G3 Dual-LTE,3000
G3 Screen,3000
F60,2100
L60,1540
L60 Dual,1700
G3 Stylus,3000
L Bello,2540
L Fino,1900
G Pad 8.0 LTE,4200
G Vista,3200
G3 A,2610
G Pad 7.0 LTE,4000
L50,1900
L30,1540
L20,1540
G Vista (CDMA),3200
G3 LTE-A,3000
G3 S Dual,2540
G3 S,2540
L65 D280,2100
G3 (CDMA),3000
G3,3000
450,950
L35,1540
Volt,3000
G Pad 10.1 LTE,8000
G Pad 10.1,8000
G Pad 8.0,4200
G Pad 7.0,4000
L80,2540
L80 Dual,2540
Lucid 3 VS876,2440
L65 Dual D285,2100
G Pad 8.3 LTE,4600
F70 D315,2440
G2 mini LTE (Tegra),2440
G2 mini LTE,2440
G2 mini,2440
L90 Dual D410,2540
L90 D405,2540
L70 D320N,2100
L70 Dual D325,2100
L45 Dual X132,1540
L40 D160,1540
L40 Dual D170,1700/1540
G Pro 2,3200
Optimus L4 II Tri E470,2150
Optimus L1 II Tri E475,1540
Optimus F3Q,2460
GX F310L,3140
Nexus 5,2300
G Flex,3500
Fireweb,1540
G Pro Lite,3140
G Pro Lite Dual,3140
Optimus L2 II E435,1540
Vu 3 F300L,2610
G Pad 8.3,4600
G2,3000
Optimus L9 II,2150
Enact VS890,2460
Optimus GJ E975W,2280
Optimus L4 II Dual E445,1700
Optimus L4 II E440,1700
Optimus Zone VS410,1540
Optimus F3,2460
Lucid2 VS870,2460
Optimus F7,2540
Optimus F6,2460
Optimus F5,2150
Optimus G Pro E985,3140
Optimus L7 II Dual P715,2460
Optimus L7 II P710,2460
Optimus L5 II Dual E455,1700
Optimus L5 II E460,1700
Optimus L3 II Dual E435,1540
Optimus L3 II E430,1540
Optimus L1 II E410,1540
Nexus 4 E960,2100
A390,1700
A395,1500
C299,950
Tri Chip C333,1110
Spectrum II 4G VS930,2150
Mach LS860,1700
Optimus L9 P769,2150
Optimus Vu II,2150
Optimus Vu II F200,2150
Optimus G E970,2100
Optimus G LS970,2100
Optimus G E975,2100
Intuition VS950,2080
Splendor US730,1700
Escape P870,2150
Optimus L5 Dual E615,1540
Optimus L9 P760,2150
Motion 4G MS770,1700
Optimus Vu P895,2100
Optimus L3 E405,1540
C199,1100
T385,950
T375 Cookie Smart,950
Optimus Elite LS696,1520
T370 Cookie Smart,950
Optimus LTE2,2150
Optimus True HD LTE P936,1830
Xpression C395,1000
Lucid 4G VS840,1700
Optimus M+ MS695,1300
Optimus 4X HD P880,2150
Optimus 3D Max P720,1520
Optimus 3D Cube SU870,1520
Optimus L7 P700,1700
Optimus L5 E610,1500
Optimus Vu F100S,2080
Optimus LTE Tag,1700
Optimus L3 E400,1500
Optimus Pad LTE,6800
Rumor Reflex  LN272,1000
Connect 4G MS840,1540
Viper 4G LTE LS840,1700
Spectrum VS920,1830
X350,1500
Prada 3.0,1540
Nitro HD,1830
Optimus 4G LTE P935,1830
Optimus 2 AS680,1500
Extravert VN271,1000
DoublePlay,1500
Enlighten VS700,1540
S367,900
Jil Sander Mobile,1500
Optimus Slider,1500
Optimus LTE SU640,1830
Optimus LTE LU6200,1830
Optimus EX SU880,1500
Optimus Q2 LU6500,1500
Optimus Hub E510,1500
Optimus Sol E730,1500
Optimus Net Dual,1500
Optimus Net,1500
Esteem MS910,1500
Marquee LS855,1500
Optimus Black (White version),1500
Optimus Pro C660,1500
S365,900
A350,950
A258,900
A250,900
A270,950
A290,1500
A230,950
A190,950
A200,900
T515 Cookie Duo,1100
T510,1100
T505,950
EGO T500,1280
C375 Cookie Tweet,950
C365,950
C360,950
A100,950
Optimus Big LU6800,1500
Cosmos 2,900
US760 Genesis,1500
Phoenix P505,1500
Thrive P506,1500
Thrill 4G P925,1500
T315,900
Optimus 3D P920,1500
Optimus Pad V900,6400
A180,950
A165,950
A160,950
Optimus Chat C550,1500
A140,670
Optimus Me P350,1280
Optimus Black P970,1500
Optimus 2X SU660,1500
Optimus 2X,1500
Optimus Mach LU3000,1500
Revolution,1500
X335,900
C310,1250
Cookie WiFi T310i,900
GU200,900
A120,950
A155,900
S310,900
P525,1500
P520,1500
Axis,1500
Apex,1500
Cosmos Touch VN270,1000
Vortex VS660,1500
C320 InTouch Lady,900
GT550 Encore,950
GS390 Prime,900
Quantum,1500
C900 Optimus 7Q ,1500
E900 Optimus 7,1500
Town C300,900
Optimus Chic E720,1250
Optimus M,1500
Optimus S,1500
Optimus T,1500
Optimus One P500,1500
GW910,1500
A130,900
GW370 Rumour Plus,950
GD550 Pure,900
KS365,800
GM650s,1250
Scarlet II TV,1100
Flick T320,900
Cookie 3G T320,900
Wink 3G T320,900
C710 Aloha,1500
Cookie Style T310,900
Wink Style T310,900
Cookie Lite T300,900
C105,950
GX300,1500
GU292,900
GM360 Viewty Snap,900
Vu Plus,950
GT400 Viewty Smile,1000
SU420 Cafe,1250
Optimus Z,1350
SU920,900
KM570 Cookie Gig,900
Optimus Q LU2300,1500
GX500,1500
KH3900 Joypop,900
GT950 Arena,1000
GB280,800
GS155,950
GS107,950
GS106,950
KP108,900
GD350,800
KH5200 Andro-1,1500
GT540 Optimus,1500
GS290 Cookie Fresh,900
GW990,1850
GS500 Cookie Plus,900
GX200,1500
KF305,800
GW880,1500
GD880 Mini,1000
Etna C330,900
Wink Plus GT350i,950
Town GT350,950
KU2100,1500
GD580 Lollipop,800
GS200,1100
GS190,950
GW820 eXpo,1500
GU230 Dimsun,900
GD710 Shine II,900
GB160,950
GU285,900
8575 Samba,1000
KM555E,950
GD310 ,900
GD510 Pop,900
BL20 New Chocolate,900
CF360,900
GW620,1500
GM750,1500
BL40 New Chocolate,1000
GW300,900
GB270,1000
GB190,950
GB109,950
GB170,950
GW550,1300
KB775 Scarlet,1000
GT505,1000
GW520,950
GD900 Crystal,1000
GC900 Viewty Smart,1000
GB230 Julia,800
GD330,800
KS660,950
GB125,950
Xenon GR500,950
GB210,950
GM200 Brio,1100
KC560,900
KM900 Arena,1000
GM730 Eigen,1000
KC910i Renoir,1000
GB250,800
GB220,800
GB102,800
KT770,950
GB130,950
GM310,900
GM210,800
KM330,900
GB110,950
GB106,950
CT810 Incite,1030
KP152,800
KS500,950
KF900 Prada,950
KC780,900
KP500 Cookie,900
KP501 Cookie,900
KP502 Cookie,900
KB770,1000
KC910 Renoir,1000
KP270,900
CB630 Invision,900
KF311,900
CP150,800
KP265,900
KP199,1350
KP170,900
GT365 Neon,800
KS360,800
KF350,800
KF245,800
KF240,800
U370,860
HB620T,1000
KC550,900
KF757 Secret,800
KF750 Secret,800
KF755 Secret,800
CU915 Vu,1000
KF700,900
KF600,800
KF510,800
KP320,900
KT610,960
KT520,800
KM710,800
MG295,830
KF310,900
KF300,800
KM500,800
KM386,800
KM380,800
KM338,800
KG375,750
KP235,830
KP220,750
KP215,900
KP130,900
KP110,900
KP105,900
KP100,900
KU385,900
KU380,900
U960,1000
KG290,820
KG288,830
KS20,1050
KU990 Viewty,1000
KE990 Viewty,1000
KE590,800
KE500,800
KG280,800
KG275,750
KU580,860
KE850 Prada,800
KE970 Shine,750
KU970 Shine,800
KE770 Shine,800
CU720 Shine,900
KU950,950
KU311,800
Trax CU575,980
CU500V,1110
CU515,1000
CE110,900
KU250,950
KE800,800
KE820,750
KU800,1050
KP200,830
L600v,800
KP202,830
CU500,1100
KG800,800
KG810,700
KG330,1000
CG180,750
KG300,800
KG270,750
KG200,800
KG920,820
KU730,1050
U900,950
V9000,1400
KG245,830
KG240,830
KG220,830
KG210,830
KG190,720
KG130,800
KG120,830
U8550,1440
M6100,800
C2500,720
C1150,720
S5200,800
S5100,1000
U880,1050
P7200,800
B2250,780
B2050,780
M4410,1000
F3000,1000
F2410,1000
L342i,1000
L341i,950
C3400,1000
C3310,1000
C3300,1000
U8360,1400
U8330,1400
U8290,1400
U8210,1400
U8180,1000
B2100,780
B2000,780
F1200,1050
F7250,950
A7150,950
C2200,760
C2100,950
G1800,720
G1610,950
G1700,700
F2300,1000
F2100,800
L3100,950
G3100,850
L1100,950
C1400,760
C1200,760
C1100,780
G1600,950
G7200,850
G7120,780
U8150,1200
U8138,1000
U8120,700
U8110,1200
U8100,1050
G7100,780
G7070,720
G7050,760
G7030,720
G1500,850
G5500,760
G5400,760
G5310,760
G5300,850
G8000,810
G7020,820
W7020,820
G7000,820
W7000,820
G5200,780
W5200,780
G3000,850
W3000,850
B1200,650
LG 510w,630
LG-600,600
LG-500,600
LG-200,600
X3,2000
C210,3000
G310,5000
150 (2023),1450
130 (2023),1450
G42,5000
C300,4000
C110,3000
110 4G (2023),1450
110 (2023),1000
106 4G (2023),1450
106 (2023),1000
105 4G (2023),1450
105 (2023),1000
XR21,4800
C12 Plus,4000
C12 Pro,4000
C32,5000
C22,5000
G22,5050
C02,3000
C12,3000
2780 Flip,1450
X30,4200
G100,5000
G60,4500
C31,5050
T21,8200
G400,5000
110 (2022),1000
8210 4G,1450
5710 XpressAudio,1450
2760 Flip,1450
2660 Flip,1450
T10,5250
G11 Plus,5000
C200,4000
C100,3000
C21 Plus,4000/5050
C21,3000
105+ (2022),800
105 (2022),800
C2 2nd Edition,2400
G11,5050
G21,5050
X100,4470
G300,4470
T20,8200
G50,5000
XR20,4630
C30,6000
6310 (2021),1150
C1 2nd Edition,2500
110 4G,1020
105 4G,1020
C20 Plus,4950
C01 Plus,3000
X20,4470
X10,4470
G20,5050
G10,5050
C20,3000
C10,3000
1.4,4000
5.4,4000
C1 Plus,2500
8000 4G,1500
6300 4G,1500
8 V 5G UW,4500
2 V Tella,3000
225 4G,1150
215 4G,1150
3.4,4000
2.4,4500
C3,3040
C5 Endi,4000
C2 Tennen,3000
C2 Tava,3000
150 (2020),1020
125,1020
8.3 5G,4500
5.3,4000
1.3,3000
5310 (2020),1200
C2,2800
C1,2500
2.3,4000
7.2,3500
6.2,3500
800 Tough,2100
2720 V Flip,1500
2720 Flip,1500
220 4G,1200
110 (2019),800
105 (2019),800
3.1 C,2990
3.1 A,2990
2.2,3000
X71,3500
9 PureView,3320
4.2,3000
3 V,4000
3.2,4000
1 Plus,2500
210,1020
8.1 (Nokia X7),3500
106 (2018),800
3.1 Plus,3500
7.1,3060
6.1 Plus (Nokia X6),3060
5.1 Plus (Nokia X5),3060
5.1,2970
3.1,2990
2.1,4000
8110 4G,1500
8 Sirocco,3260
7 plus,3800
6.1,3000
1,2150
3310 4G,1200
2,4100
7,3000
3310 3G,1200
8,3090
105 (2017),800
130 (2017),1020
3,2630
5,3000
6,3000
3310 (2017),1200
150,1020
216,1020
230 Dual SIM,1200
230,1200
222 Dual SIM,1100
222,1100
105 Dual SIM (2015),800
105 (2015),800
215,1100
215 Dual SIM,1100
Lumia 638,1830
N1,5300
Lumia 730 Dual SIM,2200
Lumia 735,2200
Lumia 830,2200
130 Dual SIM,1020
130,1020
Lumia 530 Dual SIM,1430
Lumia 530,1430
X2 Dual SIM,1800
225,1200
225 Dual SIM,1200
Lumia 930,2420
Lumia 635,1830
Lumia 630 Dual SIM,1830
Lumia 630,1830
XL,2000
X+,1500
X,1500
Asha 230,1020
220,1100
Lumia Icon,2420
Lumia 525,1430
Lumia 1520,3400
Lumia 1320,3400
Lumia 2520,8120
Asha 503 Dual SIM,1200
Asha 503,1200
Asha 502 Dual SIM,1010
Asha 500 Dual SIM,1200
Asha 500,1200
108 Dual SIM,950
515,1200
107 Dual SIM,1020
106,800
Lumia 625,2000
Lumia 1020,2000
208,1020
207,1020
Lumia 925,2000
Lumia 928,2000
Asha 501,1200
Asha 210,1200
Lumia 720,2000
Lumia 520,1430
301,1110
105,800
Asha 310,1110
Lumia 505,1300
Lumia 620,1300
114,1020
206,1110
Asha 205,1020
109,800
Lumia 822,1800
Lumia 510,1300
Lumia 810,1800
Asha 309,1110
Asha 308,1110
Lumia 920,2000
Lumia 820,1650
Asha 311,1110
Asha 306,1110
Asha 305,1110
113,800
112,1400
111,800
110,1020
Lumia 610 NFC,1300
103,800
808 PureView,1400
800c,1450
Lumia 610,1300
Asha 302,1320
Asha 203,1020
Asha 202,1020
Lumia 900,1830
Lumia 900 AT&T,1830
801T,1300
X2-02,1020
Lumia 800,1450
Lumia 710 T-Mobile,1300
Lumia 710,1300
Asha 303,1300
Asha 300,1110
Asha 201,1430
Asha 200,1430
C2-05,860
X2-05,800
C5-06,1000
C5-05,1000
C5-04,1000
101,1020
100,850
701,1300
700,1080
600,1200
C3-01 Gold Edition,1050
500,1110
N9,1450
C5 5MP,1050
C2-06,1020
C2-03,1020
C2-02,1020
702T,1200
T7,1200
N950,1320
Oro,1200
X1-01,1320
X7-00,1200
E6,1500
C7 Astound,1200
X1-00,1320
X2-01,1020
C2-01,1020
C5-03,1000
E7,1200
C6-01,1050
C7,1200
C3-01 Touch and Type,1050
5250,1000
X3-02 Touch and Type,860
X6 8GB (2010),1320
X5-01,950
5233,1320
E73 Mode,1500
C2-00,1020
C1-02,1020
C1-01,800
C1-00,1020
N8,1200
X2-00,860
C6,1200
E5,1200
C3 (2010),1320
C5,1050
C5 TD-SCDMA,950
X5 TD-SCDMA,950
6303i classic,1050
5132 XpressMusic,1200
X6 16GB (2010),1320
2710 Navigation Edition,1020
X6 (2009),1320
6700 slide,860
7230,860
5330 Mobile TV Edition,1000
2690,860
2220 slide,860
1800,800
1616,800
1280,800
5235 Comes With Music,1320
6788,1200
N97 mini,1200
X3,860
N900,1320
5230,1320
3208c,1020
5800 Navigation Edition,1320
6350,1050
Mural,1050
6760 slide,1500
6790 Surge,1500
3720 classic,1050
5530 XpressMusic,1000
E72,1500
3710 fold,860
6730 classic,1050
6600i slide,1000
7020,860
2720 fold,860
2730 classic,1020
E52,1500
6216 classic,1000
5730 XpressMusic,1000
5330 XpressMusic,1000
5030 XpressRadio,1020
N86 8MP,1200
E75,1000
E55,1500
6720 classic,1050
6710 Navigator,950
5630 XpressMusic,860
6700 classic,970
6303 classic,1050
2700 classic,1020
6208c,860
8800 Gold Arte,1000
N97,1500
6260 slide,950
E63,1500
7100 Supernova,860
5130 XpressMusic,1020
2330 classic,1020
2323 classic,1020
1662,860
1661,860
1202,720
5800 XpressMusic,1320
N85,1200
N79,1200
8800 Carbon Arte,1000
3610 fold,1020
7610 Supernova,860
7510 Supernova,870
7310 Supernova,860
7210 Supernova,860
E71,1500
E66,1000
6600 fold,860
6600 slide,1000
3600 slide,860
5320 XpressMusic,890
5220 XpressMusic,1020
6212 classic,1000
5000,700
7070 Prism,700
2680 slide,860
1680 classic,700
6300i,860
N96,950
N78,1200
6220 classic,900
6210 Navigator,950
6124 classic,890
6650 fold,1500
3555,1020
3120 classic,1000
7900 Crystal Prism,850
2600 classic,870
1209,700
3110 Evolve,1020
N82,1050
8800 Sapphire Arte,1000
8800 Arte,1000
6301,860
E51,1050
E51 camera-free,1050
N81 8GB,1050
N81,1050
N95 8GB,1200
5610 XpressMusic,900
5310 XpressMusic,860
6555,1020
7900 Prism,850
7500 Prism,700
8600 Luna,900
6500 slide,900
6500 classic,830
N810,1500
3500 classic,820
2630,700
6267,1020
2760,700
2660,700
1650,1020
1208,700
1200,700
6120 classic,890
6121 classic,890
5700,900
5070,860
E90,1500
E65,950
E61i,1500
N77,1100
6110 Navigator,900
3109 classic,1020
3110 classic,1020
N76,700
N93i,950
6290,950
6086,850
6300,860
2626,970
N95,950
N75,800
5300,860
5200,760
6288,1100
6085,970
8800 Sirocco,700
7373,700
6151,1100
6080,820
1110i,900
E50,970
5500 Sport,860
N93,1100
N73,1100
N72,970
2610,970
2310,970
1112,700
6136,820
6133,820
6131 NFC,860
6131,820
6126,820
6070,760
6125,820
6103,820
6233,1100
6282,970
9300i,1100
N92,1500
N80,820
N71,970
7380,700
7370,700
7360,760
E70,1150
E62,1500
E61,1500
E60,970
3250,1100
6280,970
6270,970
6111,700
6060,760
N91,900
N90,760
N70,970
2652,760
1600,900
1110,900
1101,850
5140i,760
8800,600
6230i,900
6021,900
6030,900
6680,900
6681,900
6101,760
6822,850
7710,1300
6020,760
3230,760
6670,900
7280,700
7270,780
7260,760
9300,970
6630,900
6260,760
6170,760
3128,720
2650,760
2600,820
3220,760
N-Gage QD,1070
3120,820
7610,900
9500,1300
5140,760
6610i,780
3108,760
7700,1300
7200,760
6230,850
6820,850
6810,1000
3660,850
7600,850
3200,780
2300,850
1100,850
6620,850
6600,850
3100,850
7250i,780
6108,850
6220,780
3300,780
N-Gage,850
7250,780
8910i,830
6800,1000
6100,760
5100,760
2100,720
6650,950
3650,850
3530,1000
3510i,950
6610,780
3610,830
9210i Communicator,1300
7210,780
6310i,1050
3510,950
3410,825
7650,750
8910,830
6510,750
6500,750
8855,1000
5210,750
5510,950
8310,830
6310,1050
3350,1000
3330,900
8250,830
9210 Communicator,1300
3310,900
8890,830
8210,650
8850,830
8810,600
6250,1200
6210,1050
7110,600
9110i Communicator,1100
6150,600
6130,600
6110,600
5110,600
3110,400
8110,400
2110,550
G,4000
7.3,4000
9.3 PureView,5000
Galaxy S24 Ultra,5000
Galaxy S24+,4900
Galaxy S24,4000
Galaxy Xcover7,4050
Galaxy Tab Active5,5050
Galaxy A25,5000
Galaxy A15 5G,5000
Galaxy A15,5000
Galaxy Tab A9+,7040
Galaxy Tab A9,5100
Galaxy S23 FE,4500
Galaxy Tab S9 FE+,10090
Galaxy Tab S9 FE,8000
Galaxy A05s,5000
Galaxy A05,5000
Galaxy F34,6000
Galaxy Z Fold5,4400
Galaxy Z Flip5,3700
Galaxy Tab S9 Ultra,11200
Galaxy Tab S9+,10090
Galaxy Tab S9,8400
Galaxy Watch6 Classic,425
Galaxy Watch6,425
Galaxy M34 5G,6000
Galaxy F54,6000
Galaxy A24 4G,5000
Galaxy F14,6000
Galaxy M54,6000
Galaxy A54,5000
Galaxy A34,5000
Galaxy M14,6000
Galaxy S23 Ultra,5000
Galaxy S23+,4700
Galaxy S23,3900
Galaxy A14,5000
Galaxy A14 5G,5000
Galaxy F04,5000
Galaxy M04,5000
Galaxy Tab A7 10.4 (2022),7040
Galaxy A04e,5000
Galaxy Tab Active4 Pro,7600
Galaxy A04s,5000
Galaxy A04,5000
Galaxy Z Fold4,4400
Galaxy Z Flip4,3700
Galaxy Watch5 Pro,590
Galaxy Watch5,410
Galaxy A23 5G,5000
Galaxy M13 5G,5000
Galaxy M13 (India),6000
Galaxy A13 (SM-A137),5000
Galaxy Xcover6 Pro,4050
Galaxy F13,6000
Galaxy M13,5000
Galaxy Tab S6 Lite (2022),7040
Galaxy M53,5000
Galaxy S20 FE 2022,4500
Galaxy A73 5G,5000
Galaxy A53 5G,5000
Galaxy A33 5G,5000
Galaxy F23,5000
Galaxy M33,5000
Galaxy M23,5000
Galaxy A23,5000
Galaxy A13,5000
Galaxy S22 Ultra 5G,5000
Galaxy S22+ 5G,4500
Galaxy S22 5G,3700
Galaxy Tab S8 Ultra,11200
Galaxy Tab S8+,10090
Galaxy Tab S8,8000
Galaxy S21 FE 5G,4500
Galaxy Tab A8 10.5 (2021),7040
Galaxy A13 5G,5000
Galaxy A03,5000
Galaxy A03 Core,5000
Galaxy F42 5G,5000
Galaxy M52 5G,5000
Galaxy M22,5000
Galaxy M32 5G,5000
Galaxy A03s,5000
Galaxy A52s 5G,4500
Galaxy Z Fold3 5G,4400
Galaxy Z Flip3 5G,3300
Galaxy Watch4 Classic,361
Galaxy Watch4,361
Galaxy A12 (India),5000
Galaxy A12 Nacho,5000
Galaxy M21 2021,6000
Galaxy F22,6000
Galaxy M32,5000
Galaxy A22 5G,5000
Galaxy A22,5000
Galaxy Tab A7 Lite,5100
Galaxy Tab S7 FE,10090
Galaxy F52 5G,4500
Galaxy M42 5G,5000
Galaxy M12,5000
Galaxy Quantum 2,4500
Galaxy F12,6000
Galaxy F02s,5000
Galaxy A72,5000
Galaxy A52 5G,4500
Galaxy A52,4500
Galaxy Xcover 5,3000
Galaxy A32,5000
Galaxy M62,7000
Galaxy F62,7000
Galaxy M12 (India),6000
Galaxy S21 Ultra 5G,5000
Galaxy S21+ 5G,4800
Galaxy S21 5G,4000
Galaxy A32 5G,5000
Galaxy M02s,5000
Galaxy A12,5000
Galaxy M02,5000
Galaxy A02,5000
Galaxy A02s,5000
Galaxy M21s,6000
Galaxy M31 Prime,6000
Galaxy F41,6000
Galaxy Tab Active3,5050
Galaxy S20 FE 5G,4500
Galaxy S20 FE,4500
Galaxy A42 5G,5000
Galaxy Tab A7 10.4 (2020),7040
Galaxy M51,7000
Galaxy A51 5G UW,4500
Galaxy Z Fold2 5G,4500
Galaxy Note20 Ultra 5G,4500
Galaxy Note20 Ultra,4500
Galaxy Note20 5G,4300
Galaxy Note20,4300
Galaxy Watch3,340
Galaxy Tab S7+,10090
Galaxy Tab S7,8000
Galaxy Z Flip 5G,3300
Galaxy M31s,6000
Galaxy M01s,4000
Galaxy M01 Core,3000
Galaxy A01 Core,3000
Galaxy A71 5G UW,4500
Galaxy M01,4000
Galaxy A21s,5000
Galaxy J2 Core (2020),2600
Galaxy A Quantum,4500
Galaxy A71 5G,4500
Galaxy A51 5G,4500
Galaxy A21,4000
Galaxy Tab A 8.4 (2020),5000
Galaxy Tab S6 Lite,7040
Galaxy M11,5000
Galaxy A31,5000
Galaxy A41,3500
Galaxy M21,6000
Galaxy A11,4000
Galaxy M31,6000
Galaxy S20 Ultra 5G,5000
Galaxy S20 Ultra,5000
Galaxy S20+ 5G,4500
Galaxy S20+,4500
Galaxy S20 5G UW,4000
Galaxy S20 5G,4000
Galaxy S20,4000
Galaxy Z Flip,3300
Galaxy Tab S6 5G,7040
Galaxy Xcover Pro,4050
Galaxy Note10 Lite,4500
Galaxy S10 Lite,4500
Galaxy A01,3000
Galaxy A71,4500
Galaxy A51,4000
Galaxy Xcover FieldPro,4500
Galaxy A70s,4500
Galaxy A20s,4000
Galaxy M30s,6000
Galaxy M10s,4000
Galaxy Fold 5G,4235
Galaxy Fold,4380
Galaxy Tab Active Pro,7600
Galaxy A90 5G,4500
Galaxy A30s,4000
Galaxy A50s,4000
Galaxy Note10+ 5G,4300
Galaxy Note10+,4300
Galaxy Note10 5G,3500
Galaxy Note10,3500
Galaxy Watch Active2,340
Galaxy Watch Active2 Aluminum,340
Galaxy A10s,4000
Galaxy A10e,3000
Galaxy Tab S6,7040
Galaxy Tab A 8.0 (2019),5100
Galaxy Xcover 4s,2800
Galaxy A2 Core,2600
Galaxy Watch Active,230
Galaxy View2,12000
Galaxy S10 5G,4500
Galaxy S10+,4100
Galaxy S10,3400
Galaxy S10e,3100
Galaxy M40,3500
Galaxy M30,5000
Galaxy M20,5000
Galaxy M10,3400
Galaxy A80,3700
Galaxy A70,4500
Galaxy A60,3500
Galaxy A50,4000
Galaxy A40,3100
Galaxy A30,4000
Galaxy A20e,3000
Galaxy A20,4000
Galaxy A10,3400
Galaxy Tab S5e,7040
Galaxy Tab A 10.1 (2019),6150
Galaxy Tab A 8.0 & S Pen (2019),4200
Galaxy Tab Advanced2,7300
Galaxy Tab A 8.0 (2018),5000
Galaxy Tab S4 10.5,7300
Galaxy Tab A 10.5,7300
Galaxy A8s,3400
Galaxy A6s,3300
Galaxy A9 (2018),3800
Galaxy A7 (2018),3300
Galaxy Note9,4000
Galaxy Watch,472
Galaxy J6+,3300
Galaxy J4 Core,3300
Galaxy J4+,3300
Galaxy J2 Core,2600
Galaxy On6,3000
Galaxy J7 (2018),3300
Galaxy J3 (2018),2600
Galaxy A8 Star (A9 Star),3700
Galaxy S Light Luxury,3000
Galaxy J8,3500
Galaxy J6,3000
Galaxy J4,3000
Galaxy A6+ (2018),3500
Galaxy A6 (2018),3000
Galaxy J7 Duo,3000
Galaxy J7 Prime 2,3300
Galaxy S9+,3500
Galaxy S9,3000
Galaxy J2 Pro (2018),2600
Galaxy A8+ (2018),3500
Galaxy A8 (2018),3000
Galaxy J2 (2017),2000
Galaxy Tab Active 2,4450
Galaxy Tab A 8.0 (2017),5000
Galaxy C7 (2017),3000
Gear Sport,300
Galaxy Note8,3300
Galaxy S8 Active,4000
Galaxy J7 V,3300
Galaxy Note FE,3200
Galaxy J7 Max,3300
Galaxy J7 (2017),3600
Galaxy J7 Pro,3600
Galaxy J5 (2017),3000
Galaxy J3 (2017),2400
Galaxy Folder2,1950
Z4,2050
Galaxy S8,3000
Galaxy S8+,3500
Gear S3 classic LTE,380
Galaxy C5 Pro,2600
Galaxy Xcover 4,2800
Galaxy Tab S3 9.7,6000
Galaxy J1 mini prime,1500
Galaxy J3 Emerge,2600
Galaxy C7 Pro,3300
Galaxy A7 (2017),3600
Galaxy A5 (2017),3000
Galaxy A3 (2017),2350
Galaxy Grand Prime Plus,2600
Galaxy J2 Prime,2600
Galaxy C9 Pro,4000
Galaxy A8 (2016),3300
Galaxy On8,3300
Galaxy On7 (2016),3300
Gear S3 classic,380
Gear S3 frontier,380
Gear S3 frontier LTE,380
Galaxy J5 Prime,2400
Galaxy J7 Prime,3300
Z2,1500
Galaxy Note7 (USA),3500
Galaxy Note7,3500
Galaxy On7 Pro,3000
Galaxy On5 Pro,2600
Galaxy Tab J,4000
Galaxy J Max,4000
Galaxy J2 Pro (2016),2600
Galaxy J2 (2016),2600
Z3 Corporate,2600
Galaxy Xcover 3 G389F,2200
Galaxy S7 active,4000
Galaxy J3 Pro,2600
Galaxy C7,3300
Galaxy C5,2600
Galaxy A9 Pro (2016),5000
Galaxy J7 (2016),3300
Galaxy J5 (2016),3100
Galaxy Tab A 10.1 (2016),7300
Galaxy Tab A 7.0 (2016),4000
Galaxy S7,3000
Galaxy S7 edge,3600
Galaxy S7 edge (USA),3600
Galaxy S7 (USA),3000
Galaxy J1 Nxt,1500
Gear S2 classic 3G,300
Galaxy Tab E 8.0,5000
Galaxy J1 (2016),2050
Galaxy A9 (2016),4000
Galaxy A7 (2016),3300
Galaxy A5 (2016),2900
Galaxy A3 (2016),2300
Galaxy Express Prime,2600
Galaxy J3 (2016),2600
Galaxy View,5700
Galaxy On7,3000
Galaxy On5,2600
Z3,2600
Galaxy J1 Ace,1900
Gear S2 classic,250
Gear S2,250
Gear S2 3G,300
Galaxy Note5 (USA),3000
Galaxy Note5,3000
Galaxy Note5 Duos,3000
Galaxy S6 edge+ (USA),3000
Galaxy S6 edge+,3000
Galaxy S6 edge+ Duos,3000
Galaxy S5 Neo,2800
Galaxy S4 mini I9195I,1900
Galaxy Folder,1800
Galaxy Tab S2 9.7,5870
Galaxy Tab S2 8.0,4000
Galaxy A8 Duos,3050
Galaxy A8,3050
Galaxy V Plus,1500
Galaxy J7 Nxt,3000
Galaxy J7,3000
Galaxy J5,2600
Galaxy Tab 4 10.1 (2015),6800
Galaxy Tab E 9.6,5000
Guru Plus ,800
Metro 360,1000
Xcover 550,1500/1300
Galaxy S6 active,3500
Galaxy Tab 3 V,3600
Galaxy Tab A 9.7 & S Pen,6000
Galaxy Tab A 9.7,6000
Galaxy Tab A 8.0 & S Pen (2015),4200
Galaxy Tab A 8.0 (2015),4200
Galaxy Xcover 3,2200
Galaxy S6 edge (USA),2600
Galaxy S6 (USA),2550
Galaxy S6 edge,2600
Galaxy S6 Duos,2550
Galaxy S6,2550
Galaxy J1 4G,1850
Galaxy J2,2000
Galaxy J1,1850
Galaxy Tab 3 Lite 7.0 VE,3600
Z1,1500
Galaxy A7 Duos,2600
Galaxy A7,2600
Galaxy Grand Max,2500
Galaxy E7,2950
Galaxy E5,2400
Galaxy Core Prime,2000
Galaxy A5 Duos,2300
Galaxy A5,2300
Galaxy A3 Duos,1900
Galaxy A3,1900
Galaxy S5 Plus,2800
Galaxy Pocket 2,1200
Galaxy V,1500
Galaxy Grand Prime Duos TV,2600
Galaxy Grand Prime,2600
Galaxy Ace Style LTE G357,1900
Galaxy Note Edge,3000
Galaxy Note 4 Duos,3000
Galaxy Note 4 (USA),3220
Galaxy Note 4,3220
Galaxy Tab Active LTE,4450
Galaxy Tab Active,4450
Galaxy Mega 2,2800
Gear S,300
Gear 2 Neo,300
Gear Live,300
Gear 2,300
Galaxy Gear,315
Galaxy S5 LTE-A G901F,2800
Galaxy Alpha (S801),1860
Galaxy Alpha,1860
Galaxy S5 mini Duos,2100
Galaxy Avant,2100
Galaxy S Duos 3,1500
Guru Music 2,800
Metro 312,1000
Galaxy Tab 4 8.0 (2015),4450
Galaxy Ace NXT,1500
Galaxy Star 2 Plus,1800
Galaxy S5 mini,2100
Galaxy Ace 4 LTE G313,1800
Galaxy Ace 4,1500
Galaxy Young 2,1300
Galaxy Star 2,1300
Galaxy Core II,2000
Galaxy S5 Sport,2800
Galaxy S5 LTE-A G906S,2800
Galaxy Tab S 8.4 LTE,4900
Galaxy Tab S 8.4,4900
Galaxy Tab S 10.5 LTE,7900
Galaxy Tab S 10.5,7900
Galaxy Core Lite LTE,2000
I9301I Galaxy S3 Neo,2100
Galaxy W,3200
Z,2600
Galaxy S5 Active,2800
Galaxy K zoom,2430
Galaxy Beam2,2600
I9300I Galaxy S3 Neo,2100
Galaxy Ace Style,1500
ATIV SE,2600
Galaxy Tab 4 7.0,4000
Galaxy Tab 4 7.0 3G,4000
Galaxy Tab 4 7.0 LTE,4000
Galaxy Tab 4 8.0,4450
Galaxy Tab 4 8.0 3G,4450
Galaxy Tab 4 8.0 LTE,4450
Galaxy Tab 4 10.1,6800
Galaxy Tab 4 10.1 3G,6800
Galaxy Tab 4 10.1 LTE,6800
G3812B Galaxy S3 Slim,2100
I8200 Galaxy S III mini VE,1500
Galaxy S5 Duos,2800
Galaxy S5 (octa-core),2800
Galaxy S5 (USA),2800
Galaxy S5,2800
Galaxy Core LTE G386W,2100
Galaxy Core LTE,2100
S5611,1000
E1272,800
Galaxy Star Trios S5283,1300
Galaxy Note 3 Neo Duos,3100
Galaxy Note 3 Neo,3100
Galaxy Tab 3 Lite 7.0 3G,3600
Galaxy Tab 3 Lite 7.0,3600
Galaxy Grand Neo,2100
Galaxy Note Pro 12.2 LTE,9500
Galaxy Note Pro 12.2 3G,9500
Galaxy Note Pro 12.2,9500
Galaxy Tab Pro 12.2 LTE,9500
Galaxy Tab Pro 12.2 3G,9500
Galaxy Tab Pro 12.2,9500
Galaxy Tab Pro 10.1 LTE,8220
Galaxy Tab Pro 10.1,8220
Galaxy Tab Pro 8.4 3G/LTE,4800
Galaxy Tab Pro 8.4,4800
Galaxy Camera 2 GC200,2000
Galaxy Core Advance,2000
Galaxy S4 Active LTE-A,2600
Galaxy J,2600
Galaxy Win Pro G3812,2100
Galaxy S Duos 2 S7582,1500
Galaxy Grand 2,2600
I9230 Galaxy Golden,1820
C3590,800
Galaxy Express 2,2100
I9506 Galaxy S4,2600
Galaxy Light,1800
Galaxy Round G910S,2800
Galaxy Fresh S7390,1500
Galaxy Core Plus,1800
Galaxy Fame Lite Duos S6792L,1300
Galaxy Fame Lite S6790,1300
Galaxy Star Pro S7260,1500
Galaxy Note 10.1 (2014),8220
Galaxy Note 3,3200
Ch@t 333,1200
Galaxy Prevail 2,1750
Gravity Q T289,1000
ATIV S Neo,2000
Galaxy S4 zoom,2330
Galaxy S II TV,1500
Galaxy Ace 3,1800/1500
I9190 Galaxy S4 mini,1900
I9295 Galaxy S4 Active,2600
Galaxy Tab 3 8.0,4450
Galaxy Tab 3 10.1 P5220,6800
Galaxy Tab 3 10.1 P5200,6800
Galaxy Tab 3 10.1 P5210,6800
Galaxy Exhibit T599,1500
Galaxy Core I8260,1800
Galaxy Tab 3 7.0 WiFi,4000
Galaxy Tab 3 7.0,4000
Galaxy Mega 6.3 I9200,3200
Galaxy Mega 5.8 I9150,2600
Galaxy Trend II Duos S7572,1500
Galaxy Win I8550,2000
Galaxy Pocket Neo S5310,1200
Galaxy Star S5280,1200
I9505 Galaxy S4,2600
I9500 Galaxy S4,2600
I9502 Galaxy S4,2600
Galaxy S4 CDMA,2600
Galaxy Note 8.0,4600
Galaxy Note 8.0 Wi-Fi,4600
Galaxy Y Plus S5303,1200
Rex 90 S5292,1000
Rex 80 S5222R,1000
Rex 70 S3802,1000
Rex 60 C3312R,1000
Metro E2202,1000
E1282T,1000
E1207T,800
Galaxy Young S6310,1300
Galaxy Fame S6810,1300
Galaxy Express I8730,2000
S7710 Galaxy Xcover 2,1700
Ativ Odyssey I930,2100
I9105 Galaxy S II Plus,1650
Galaxy Grand I9082,2100
Galaxy Grand I9080,2100
Star Deluxe Duos S5292,1000
Galaxy Note LTE 10.1 N8020,7000
A997 Rugby III,1300
Galaxy Axiom R830,2100
Galaxy Stratosphere II I415,1800
Galaxy Discover S730M,1300
Galaxy Pop SHV-E220,2100
Galaxy Premier I9260,2100
Google Nexus 10 P8110,9000
Ativ Tab P8510,8200
Comment 2 R390C,1000
I8190 Galaxy S III mini,1500
Galaxy Music Duos S6012,1300
Galaxy Music S6010,1300
Galaxy Rugby Pro I547,1850
Galaxy Express I437,2000
Ch@t 357,1000
I9305 Galaxy S III,2100
Galaxy Victory 4G LTE L300,2100
Champ Neo Duos C3262,1000
Galaxy S Relay 4G T699,1800
Galaxy Pocket Duos S5302,1200
Galaxy Note II N7100,3100
Galaxy Note II CDMA,3100
Ativ S I8750,2300
Galaxy Camera GC100,1650
Galaxy Rush M830,1750
Galaxy Stellar 4G I200,2100
Galaxy Reverb M950,1700
Galaxy Tab 2 7.0 I705,4000
Galaxy Note 10.1 N8000,7000
Galaxy Note 10.1 N8010,7000
Array M390,1000
Galaxy S Lightray 4G R940,1600
Galaxy S Duos S7562,1500
Manhattan E3300,800
E2262,1000
E1260B,800
E1200 Pusha,800
E2252,1000
Galaxy Chat B5330,1200
U485 Intensity III,1000
Galaxy I8250,1650
Galaxy Ace Advance S6800,1300
Galaxy Ace Duos S6802,1300
Galaxy Appeal I827,1300
Galaxy Tab 8.9 4G P7320T,6100
C3780,1000
C3782 Evan,1000
Galaxy Proclaim S720C,1500
I9500 Fraser,1750
Omnia M S7530,1500
Focus 2 I667,1750
Galaxy S III T999,2100
Galaxy S III I747,2100
Galaxy S III CDMA,2100
I9300 Galaxy S III,2100
E2350B,800
U380 Brightside,1000
Galaxy Player 70 Plus,2500
Galaxy Pocket plus S5301,1200
Galaxy Pocket S5300,1200
I8530 Galaxy Beam,2000
Galaxy Tab 2 10.1 CDMA,7000
Galaxy Tab 2 10.1 P5110,7000
Galaxy Tab 2 10.1 P5100,7000
Rugby Smart I847,1650
W999,1500
Galaxy Ace II X S7560M,1500
Galaxy Ace 2 I8160,1500
Galaxy mini 2 S6500,1300
Galaxy Ace Duos I589,1650
Galaxy Pop Plus S5570i,1200
Galaxy Tab 2 7.0 P3110,4000
Galaxy Tab 2 7.0 P3100,4000
I9070 Galaxy S Advance,1500
C3312 Duos,1000
Star 3 s5220,1000
Star 3 Duos S5222,1000
Galaxy Nexus I9250M,1750
Galaxy Attain 4G,1650
Galaxy S Blaze 4G T769,1750
Galaxy Tab 7.7 LTE I815,5100
Galaxy Nexus LTE L700,1850
Exhilarate i577,1750
Galaxy Note T879,2500
Galaxy Note I717,2500
Galaxy M Style M340S,1650
Galaxy Ace Plus S7500,1300
I929 Galaxy S II Duos,1800
Galaxy Y Duos S6102,1300
Galaxy Y Pro Duos B5512,1350
E2600,800
M370,1000
R680 Repp,1500
I110 Illusion,1500
E1050,800
E1232B,1000
E1230,800
Focus S I937,1650
Focus Flash I677,1500
Galaxy S II Skyrocket i727,1850
C3330 Champ 2,1000
Exhibit II 4G T679,1500
C3350,1300
C3520,800
Galaxy Nexus i515,1850
Galaxy Nexus I9250,1750
I9100G Galaxy S II,1650
I405 Stratosphere,1800
R730 Transfix,1500
i927 Captivate Glide,1650
DoubleTime I857,1200
M930 Transform Ultra,1500
P6210 Galaxy Tab 7.0 Plus,4000
P6200 Galaxy Tab 7.0 Plus,4000
Omnia W I8350,1500
Galaxy S II HD LTE,1850
Ch@t 527,1000
P6810 Galaxy Tab 7.7,5100
P6800 Galaxy Tab 7.7,5100
Galaxy Note N7000,2500
Galaxy S II I777,1650
Galaxy S II T989,1850
Galaxy S II Epic 4G Touch,1800
S8600 Wave 3,1500
Wave M S7250,1350
Wave Y S5380,1200
Galaxy S II LTE i727R,1850
Galaxy S II LTE I9210,1850
Galaxy Tab 8.9 LTE I957,6100
Galaxy W I8150,1500
Galaxy M Pro B7800,1350
Galaxy Y Pro B5510,1200
Galaxy Y TV S5367,1200
Galaxy Y S5360,1200
Gravity TXT T379,1000
S5610,1000
S3770,1000
S5690 Galaxy Xcover,1500
Galaxy S II 4G I9100M,1700
I9103 Galaxy R,1650
R720 Admire,1600
Convoy 2,1300
Conquer 4G,1500
R640 Character,1000
R380 Freeform III,1000
Trender,1000
Gravity SMART,1500
Exhibit 4G,1500
E1195,800
E1190,800
C3560,800
Dart T499,1200
C3322,1000
R260 Chrono,800
E2232,1000
E1182,1000
I9001 Galaxy S Plus,1650
DuosTV I6712,1200
C6712 Star II DUOS,1200
Ch@t 222,1000
Ch@t 220,1000
M580 Replenish,1160
Galaxy Prevail,1500
M220L Galaxy Neo,1500
Google Nexus S I9020A,1500
Google Nexus S I9023,1500
E2230,1000
P1010 Galaxy Tab Wi-Fi,4000
P7500 Galaxy Tab 10.1 3G,7000
Galaxy Tab 10.1 LTE I905,6800
Galaxy Tab 10.1 P7510,7000
Galaxy Tab 8.9 P7300,6000
Galaxy Tab 8.9 P7310,6000
Google Nexus S 4G,1500
M260 Factor,800
S3850 Corby II,1000
Galaxy Pro B7510,1350
I9100 Galaxy S II,1650
E2652W Champ Duos,1000
E2652 Champ Duos,1000
Galaxy S WiFi 5.0,2500
P7100 Galaxy Tab 10.1v,6860
S5780 Wave 578,1200
Ch@t 350,960
E3213 Hero,800
E3210,800
E2330,800
I9003 Galaxy SL,1650
Galaxy Ace S5830I,1350
Galaxy Ace S5830,1350
Galaxy Fit S5670,1350
Galaxy Gio S5660,1350
Galaxy Mini S5570,1200
Galaxy Pop i559,1200
Galaxy S 4G T959,1650
S5260 Star II,1000
I997 Infuse 4G,1750
R910 Galaxy Indulge,1500
Droid Charge I510,1600
Google Nexus S,1500
M190S Galaxy S Hoppin,1500
C3630,900
C3530,960
I9010 Galaxy S Giorgio Armani,1650
A817 Solstice II,1000
A667 Evergreen,1000
E2530,800
R710 Suede,1080
U750 Zeal,880
Ch@t 322 Wi-Fi,1000
Ch@t 322,1000
E1252,1000
Breeze B209,1000
Hero Plus B159,800
W169 Duos,1000
Mpower Muzik 219,1000
Mpower Txt M369,1000
Mpower TV S239,960
E1225 Dual Sim Shift,800
Guru E1081T,800
Focus,1500
I8700 Omnia 7,1500
S5750 Wave575,1200
S8530 Wave II,1500
M210S Wave2,1500
Galaxy Tab T-Mobile T849,4000
P1000 Galaxy Tab,4000
Galaxy Tab CDMA P100,4000
Galaxy Tab 4G LTE,4000
T249,800
R580 Profile,1140
R570 Messenger III,1140
I909 Galaxy S,1500
A200K Nori F,880
A220 F Nori,1000
M130K Galaxy K,1500
Mesmerize i500,1500
M920 Transform,1500
R360 Freeform II,1000
Galaxy 551,1200
R900 Craft,1500
Xcover 271,1300
C3752,900
C3750,800
S7230E Wave 723,1200
M130L Galaxy U,1500
E2152,1000
S5530,800
U360 Gusto,1000
Fascinate,1500
Vibrant,1500
T669 Gravity T,1000
T479 Gravity 3,1000
:) Smiley,1000
C5010 Squash,800
i897 Captivate,1500
B7350 Omnia PRO 4,1500
B6520 Omnia PRO 5,1500
U320 Haven,1000
U460 Intensity II,1000
M350 Seek,1500
Epic 4G,1500
Acclaim,1500
Intercept,1500
R360 Messenger Touch,1000
i225 Exec,1500
M570 Restore,1160
R351 Freeform,1000
T369,1000
S5330 Wave533,1200
S5250 Wave525,1200
I5500 Galaxy 5,1200
I5801 Galaxy Apollo,1500
I5800 Galaxy 3,1500
B7722,1200
A847 Rugby II,1300
C3300K Champ,1000
W960 AMOLED 3D,1150
M110S Galaxy S,1500
Galaxy A,1500
I9000 Galaxy S,1500
S3370,1000
I6500U Galaxy,1500
E1170,1000
Corby TV F339,960
S3650W Corby,960
W9705,1000
A687 Strive,1000
A697 Sunburst,1000
S8500 Wave,1500
I8520 Galaxy Beam,1800
B3410W Ch@t,960
M3710 Corby Beat,960
E2370 Xcover,2000
E2550 Monte Slider,800
C3200 Monte Bar,1000
S5620 Monte,1000
S5550 Shark 2,960
S3550 Shark 3,800
E1150,800
S5350 Shark,900
C6112,960
M2520 Beat Techno,800
C3510 Genoa,960
M5650 Lindy,960
S7070 Diva,960
C3730C,960
S5150 Diva folder,800
C5130,1000
B5722,1200
M3310L,960
M3310,960
A897 Mythic,1150
S5500 Eco,960
T139,800
A797 Flight,1000
B3410,960
M715 T*OMNIA II,1500
A886 Forever,1000
S5560 Marvel,960
S5630C,960
I5700 Galaxy Spica,1500
E1390,1000
E1160,1000
E2130,1000
E1130B,1000
B7620 Giorgio Armani,1500
T939 Behold 2,1500
W880 AMOLED 12M,1080
Vodafone 360 H1,1500
Vodafone 360 M1,1500
B5310 CorbyPRO,960
B3210 CorbyTXT,800
F480i,1000
B7330 OmniaPRO,1500
E1085T,800
E1080T,800
S5510,800
S5230W Star WiFi,1000
S7550 Blue Earth,1080
S3650 Corby,960
T659 Scarlet,800
B3310,800
C3212,1000
U450 DoubleTake,960
i220 Code,1440
R860 Caliber,1080
R520 Trill,880
M900 Moment,1440
i350 Intrepid,1480
M850 Instinct HD,1440
U450 Intensity,960
U960 Rogue,960
S3100,800
A887 Solstice,1000
E2120,1000
S5233T,1000
I6220 Star TV,1000
S9110,630
T469 Gravity 2,1000
T559 Comeback,960
T746 Impact,1200
S5600v Blade,1000
S6700,880
C5510,960
M2510,800
M2310,800
W850,1200
S8000 Jet,1100
I8000 Omnia II,1500
B7610 OmniaPRO,1500
B7320 OmniaPRO,1480
B7300 OmniaLITE,1500
M8910 Pixon12,1000
E1107 Crest Solar,800
M2710 Beat Twist,800
S5050,800
S5200,800
i637 Jack,1480
S3310,880
C3060R,960
A167,800
A177,800
I7500 Galaxy,1500
J165,800
E1360,800
E1210,800
A657,1420
A877 Impression,1000
A257 Magnet,800
Propel Pro,1000
B2100 Xplorer,1000
S5230 Star,1000
S5600 Preston,1000
i8910 Omnia HD,1500
S8300 UltraTOUCH,880
M7600 Beat DJ,960
M6710 Beat DISC,880
S7220 Ultra b,960
C5220,960
S3500,800
P250,800
i7410,1440
T929 Memoir,1000
C3050 Stratus,800
C3010,800
C3110,880
C6625,1300
E1310,880
E1120,800
E1100,750
E1070,750
E2210B,800
E1125,800
E2100B,800
B520,800
B5702,1200
C5212,1000
W259 Duos,1140
SCH-W699,1200
W299 Duos,1140
S9402 Ego,960
S3030 Tobi,800
A867 Eternity,1330
A777,880
E2510,800
T219,800
E1410,1000
T119,1000
E1117,1000
E1110,1000
C6620,1300
i907 Epix,1800
A767 Propel,1000
i7110,1200
F275,960
F270 Beat,960
M8800 Pixon,1000
S3600,880
M7500 Emporio Armani,960
M3200 Beat s,800
T339,880
T229,800
A637,800
C510,800
A837 Rugby,1000
A237,800
B320,800
B210,850
M3510 Beat b,800
B2700,1300
F268,880
T109,800
E200 ECO,770
D980,1200
B510,800
B130,750
i8510 INNOV8,1200
S7330,880
i740,1500
M150,800
M140,800
L700,960
i900 Omnia,1440
L870,1000
M620,800
B300,800
Impact b,800
D780,1200
F110,800
U900 Soul,880
L810v Steel,880
F480,1000
G810,1200
B200,1000
B110,800
A827 Access,1300
P960,1200
P220,960
P180,880
F400,960
J700,800
L770,880
A727,1000
A717,1000
A437,900
A127,800
A117,800
SPH-i325 Ace,1300
i640,1000
L170,880
T819,1000
F490,880
C500,800
Serenata,1000
D880 Duos,1200
i780,1480
i550,1200
F250,800
Armani,880
J610,800
J400,820
P260,960
J750,800
A517,800
T639,880
T509,800
T439,800
T429,800
T409,880
T739 Katalyst,960
T729 Blast,800
T539 Beat,800
L600,500
Z630,800
G600,880
M610,800
M600,800
M110,1000
B100,1000
S730i,800
S720i,800
F700,1000
E950,800
F210,750
i620,1200
A411,1000
ZV60,960
Z240,900
Z170,880
J600,800
U700,690
U600,690
U300,690
U100,690
i710,1200
i520,950
E840,690
E830,800
E740,880
E590,800
E230,750
E210,800
E200,800
C520,750
C450,800
C270,750
C260,750
C250,800
i600,1200
i617 BlackJack II,1700
i607 BlackJack,1200
F500,900
F300,720
P930,950
E790,800
E490,850
E480,800
E390,750
X540,800
E250,750
X520,750
X530,750
C300,800
M300,700
E690,800
E570,750
E420,750
X830,800
E890,880
P310,550
Z720,900
Z650i,900
Z620,900
Z370,900
Z360,900
P200,800
S501i,750
S401i,800
X510,800
X500,750
D840,700
C400,750
C240,750
C180,730
C170,730
C160,800
C140,800
D830,630
D900i,800
D900,800
X820,630
C130,750
E500,800
E380,750
E900,800
i320,1000
ZV50,900
ZV40,800
Z560,900
P920,1000
P900,800
D520,800
D300,800
Z710,880
Z230,900
Z310,950
Z150,900
X680,800
X630,800
X300,800
X160,750
E870,800
E780,800
i300x,1000
D820,800
D810,800
D800,850
Z540,880
Z510,800
P300,800
E770,800
E370,800
E360,800
ZV30,1000
ZV10,1000
S500i,800
E860,800
Serene,800
D600,950
P850,950
E730,800
D510,900
X700,800
X670,800
X660,800
X650,800
X490,850
X200,800
X150,800
Z500,960
Z300,950
Z130,1000
Z140,1000
D550,820
D730,1000
i750,800
D720,900
E760,800
E750,800
E720,800
E880,800
i300,1000
E350,800
E640,820
E620,800
E530,820
E340,800
X810,800
X800,800
C120,800
C230,800
C210,800
X640,800
X480,800
X620,800
X140,800
S410i,800
S342i,800
SCH-B100,1360
D500,800
P730,800
D428,820
D488,800
E850,800
E630,800
E810,800
E800,800
Z110,1300
C200,700
i500,1100
i700,1100
X610,800
X460,800
X120,830
E330,800
E310,800
E300,820
C110,830
Z107,960
Z105,1000
E610,800
E600,900
P510,1000
E410,900
X450,720
X430,720
P705,780
D410,900
X600,900
X100,900
E715,800
E700,780
C100,780
D700,800
P500,900
E105,780
E100,720
X410,900
X400,620
S200,700
E400,900
D100,800
Watch Phone,400
V200,720
Z100,850
P100,780
P400,900
S500,800
T500,800
S300,570
T400,800
T200,700
Q300,800
A800,750
T100,720
Q200,650
N620,800
Q105,900
N300,900
A300,900
Galaxy A04 Core,5000
Galaxy S21,4000
Galaxy A72 5G,5000
Galaxy A91,4500
Galaxy S9 Active,4000
Galaxy On5 (2016),2600
Galaxy J5 Prime (2017),2500
Galaxy S6 Plus,3000
Galaxy C10,4000
M8920,1500
Xperia 5 V,5000
Xperia 1 V,5000
Xperia 10 V,5000
Xperia 5 IV,5000
Xperia 1 IV,5000
Xperia 10 IV,5000
Xperia Pro-I,4500
Xperia 10 III Lite,4500
Xperia 1 III,4500
Xperia 5 III,4500
Xperia 10 III,4500
Xperia Pro,4000
Xperia 5 II,4000
Xperia 1 II,4000
Xperia 10 II,3600
Xperia L4,3580
Xperia 5,3140
Xperia 1,3330
Xperia 10 Plus,3000
Xperia 10,2870
Xperia L3,3300
Xperia XA2 Plus,3580
Xperia XZ3,3300
Xperia XZ2 Premium,3540
Xperia XZ2,3180
Xperia XZ2 Compact,2870
Xperia XA2 Ultra,3580
Xperia XA2,3300
Xperia L2,3300
Xperia R1 (Plus),2620
Xperia XZ1,2700
Xperia XA1 Plus,3430
Xperia XZ1 Compact,2700
Xperia L1,2620
Xperia XZs,2900
Xperia XZ Premium,3230
Xperia XA1 Ultra,2700
Xperia XA1,2300
Xperia X Compact,2700
Xperia XZ,2900
Xperia E5,2300
Xperia XA Ultra,2700
Xperia X Performance,2700
Xperia X,2620
Xperia XA Dual,2300
Xperia XA,2300
Xperia Z5 Premium Dual,3430
Xperia Z5 Premium,3430
Xperia Z5 Dual,2900
Xperia Z5,2900
Xperia Z5 Compact,2700
Xperia M5 Dual,2600
Xperia M5,2600
Xperia C5 Ultra Dual,2930
Xperia C5 Ultra,2930
Xperia Z4v,3000
Xperia Z3+ dual,2930
Xperia Z3+,2930
Xperia C4 Dual,2600
Xperia C4,2600
Xperia M4 Aqua Dual,2400
Xperia M4 Aqua,2400
Xperia Z4 Tablet WiFi,6000
Xperia Z4 Tablet LTE,6000
Xperia E4g,2300
Xperia E4g Dual,2300
Xperia E4 Dual,2300
Xperia E4,2300
Xperia E3 Dual,2330
Xperia E3,2330
Xperia Z3 Tablet Compact,4500
Xperia Z3 Dual,3100
Xperia Z3v,3200
Xperia Z3,3100
Xperia M2 Aqua,2300
Xperia Z3 Compact,2600
Xperia C3 Dual,2500
Xperia C3,2500
Xperia Z2a,3000
Xperia T3,2500
SmartWatch 3 SWR50,420
SmartWatch 2 SW2,225
Xperia M2,2300
Xperia M2 dual,2300
Xperia Z2 Tablet LTE,6000
Xperia Z2 Tablet Wi-Fi,6000
Xperia Z2,3200
Xperia E1 dual,1750
Xperia E1,1700
Xperia T2 Ultra dual,3000
Xperia T2 Ultra,3000
Xperia Z1s,3000
Xperia Z1 Compact,2300
Xperia Z1,3000
Xperia Z Ultra,3050
Xperia C,2390
Xperia M,1750
Xperia ZR,2300
Xperia L,1750
Xperia SP,2370
Xperia Tablet Z Wi-Fi,6000
Xperia Tablet Z LTE,6000
Xperia Z,2330
Xperia ZL,2370
Xperia E dual,1530
Xperia E,1530
Xperia T LTE,1850
Xperia Tablet S 3G,6000
Xperia Tablet S,6000
Xperia V,1750
Xperia J,1750
Xperia TX,1750
Xperia T,1850
Xperia SL,1750
Xperia tipo dual,1500
Xperia tipo,1500
Xperia miro,1500
Xperia go,1305
Xperia acro S,1910
Xperia SX SO-05D,1500
Xperia GX SO-04D,1700
Xperia acro HD SO-03D,1910
Xperia acro HD SOI12,1900
Xperia neo L,1500
Xperia sola,1320
Xperia U,1320
Xperia P,1305
Xperia S,1750
Xperia ion HSPA,1900
Xperia ion LTE,1900
Tablet P,3080
Tablet P 3G,3080
Xperia LT29i Hayabusa,1700
CMD MZ5,620
CMD Z5,500
CMD CD5,500
CMD C1,500
CMD Z1 plus,600
CMD Z1,730
CM-DX 2000,1800
CM-DX 1000,1350
Xperia 5 Plus,4000
Xperia X Ultra,3050
Xperia H8541,3420
Xperia M Ultra,4280
Xperia Z4 Ultra,4000
Xperia Z4 Compact,3000
Redmi Note 13 Pro 4G,5000
Redmi Note 13 4G,5000
Redmi Note 13 Pro+,5000
Redmi Note 13 Pro,5100
Redmi Note 13,5000
Poco X6 Pro,5000
Poco X6,5100
Poco M6 Pro,5000
Poco M6,5000
Redmi 13R,5000
Redmi 13C 5G,5000
Redmi K70 Pro,5000
Redmi K70,5000
Redmi K70E,5500
Redmi Watch 4,470
Redmi Note 13R Pro,5000
Redmi 13C,5000
Poco C65,5000
14 Pro,4880
14,4610
13T Pro,5000
13T,5000
Watch 2 Pro,495
Redmi Note 13 (China),5000
Redmi Pad SE,8000
Redmi K60 Ultra,5000
Mix Fold 3,4800
Pad 6 Max 14,10000
Poco M6 Pro 5G,5000
Redmi Watch 3 Active,289
Redmi 12 5G,5000
Redmi Note 12R,5000
Redmi Note 12R Pro,5000
Redmi 12,5000
Redmi Note 12T Pro,5080
Civi 3,4500
Poco F5 Pro,5160
Poco F5,5000
13 Ultra,5000
Pad 6 Pro,8600
Pad 6,8840
Poco C51,5000
Redmi Note 12S,5000
Redmi Note 12 Pro 4G,5000
Redmi Note 12 Turbo,5000
Redmi A2+,5000
Redmi A2,5000
Redmi Note 12 4G,5000
13 Pro,4820
13,4500
13 Lite,4500
Poco C55,5000
Poco X5 Pro,5000
Poco X5,5000
Redmi Note 12,5000
Poco C50,5000
Redmi Note 12 Pro Speed,5000
Redmi K60 Pro,5000
Redmi K60E,5500
Redmi K60,5500
Redmi Watch 3,289
Watch S2,500
Redmi 12C,5000
Redmi Note 12 Discovery,4300
Redmi Note 12 Pro+,5000
Redmi Note 12 Pro,5000
Redmi Note 12 (China),5000
12T Pro,5000
12T,5000
Redmi Pad,8000
Redmi Note 11R,5000
Redmi A1+,5000
Civi 2,4500
Redmi 11 Prime,5000
Redmi 11 Prime 5G,5000
Redmi A1,5000
Poco M5s,5000
Poco M5,5000
Poco M5 (India),5000
Redmi Note 11 SE (India),5000
Poco M4 5G,5000
Watch S1 Pro,500
Redmi K50 Ultra,5000
Mix Fold 2,4500
Pad 5 Pro 12.4,10000
Redmi K50i,5080
12 Lite,4300
12S Ultra,4860
12S Pro,4600
12S,4500
12 Pro (Dimensity),5160
Poco F4,4500
Poco X4 GT,5080
Poco C40,6000
Redmi Note 11T Pro+,4400
Redmi Note 11T Pro,5080
Redmi Note 11SE,5000
Redmi 10 Prime 2022,6000
Poco M4 5G (India),5000
Poco F4 GT,4700
Poco Watch,225
Civi 1S,4500
Redmi 10 Power,6000
Black Shark 5 Pro,4650
Black Shark 5,4650
Black Shark 5 RS,4500
Redmi 10A,5000
Redmi Note 11S 5G,5000
Redmi 10 5G,5000
Redmi Note 11 Pro+ 5G,4500
Redmi K50 Pro,5000
Redmi K50,5500
Redmi K40S,4500
12 Pro,4600
12,4500
12X,4500
Watch S1 Active,470
Redmi 10 (India),6000
Redmi 10C,5000
Redmi Note 11 Pro+ 5G (India),5000
Redmi Note 11E Pro,5000
Redmi Note 11E,5000
Poco X4 Pro 5G,5000
Poco M4 Pro,5000
Redmi K50 Gaming,4700
Redmi 10 2022,5000
Redmi Note 11 Pro 5G,5000
Redmi Note 11 Pro,5000
Redmi Note 11S,5000
Redmi Note 11,5000
11i HyperCharge 5G,4500
11i,5160
Watch S1,470
Redmi Note 11T 5G,5000
Redmi Note 11 4G,5000
Poco M4 Pro 5G,5000
Redmi Note 11 Pro (China),5160
Redmi Note 11 (China),5000
Redmi Watch 2 Lite,262
Redmi Watch 2,225
Black Shark 4S Pro,4500
Black Shark 4S,4500
Redmi Note 10 Lite,5020
Civi,4500
Watch Color 2,470
Redmi 9i Sport,5000
Redmi 9A Sport,5000
Poco C31,5000
Redmi 9 Activ,5000
11T Pro,5000
11T,5000
11 Lite 5G NE,4250
Redmi 10 Prime,6000
Redmi 10,5000
Pad 5 Pro,8600
Pad 5,8720
Mix 4,4500
Poco X3 GT,5000
Poco F3 GT,5065
Redmi Note 10T 5G,5000
Mi Watch Revolve Active,420
Redmi Note 10 Pro (China),5000
Redmi Note 8 2021,4000
Poco M3 Pro 5G,5000
Redmi K40 Gaming,5065
Mi 11X Pro,4520
Mi 11X,4520
Poco M2 Reloaded,5000
Mi Mix Fold,5020
Mi 11 Ultra,5000
Mi 11 Pro,5000
Mi 11i,4520
Mi 11 Lite 5G,4250
Mi 11 Lite,4250
Black Shark 4 Pro,4500
Black Shark 4,4500
Poco X3 Pro,5160
Poco F3,4520
Mi 10S,4780
Redmi Note 10 Pro,5020
Redmi Note 10 5G,5000
Redmi Note 10S,5000
Redmi Note 10,5000
Redmi Note 10 Pro Max,5020
Redmi Note 10 Pro (India),5020
Redmi K40 Pro+,4520
Redmi K40 Pro,4520
Redmi K40,4520
Redmi Note 9T,5000
Redmi 9T,6000
Mi 10i 5G,4820
Mi 11,4600
Redmi 9 Power,6000
Mi Watch Lite,230
Redmi Note 9 Pro 5G,4820
Redmi Note 9 5G,5000
Redmi Note 9 4G,6000
Redmi Watch,230
Poco M3,6000
Redmi K30S,5000
Mi Watch Color Sports,420
Poco C3,5000
Mi 10T Pro 5G,5000
Mi 10T 5G,5000
Mi 10T Lite 5G,4820
Mi Watch,420
Mi Watch Revolve,420
Redmi 9AT,5000
Redmi 9i,5000
Poco M2,5000
Poco X3,6000
Poco X3 NFC,5160
Redmi 9 (India),5000
Mi 10 Ultra,4500
Redmi K30 Ultra,4500
Redmi 9 Prime,5020
Black Shark 3S,4729
Poco M2 Pro,5000
Redmi 9A,5000
Redmi 9C NFC,5000
Redmi 9C,5000
Redmi 9,5020
Redmi 10X Pro 5G,4520
Redmi 10X 5G,4520
Redmi 10X 4G,5020
Redmi K30i 5G,4500
Poco F2 Pro,4700
Redmi K30 5G Racing,4500
Redmi Note 9 Pro,5020
Redmi Note 9,5020
Mi Note 10 Lite,5260
Mi 10 Youth 5G,4160
Mi 10 Lite 5G,4160
Redmi K30 Pro Zoom,4700
Redmi K30 Pro,4700
Redmi Note 9S,5020
Redmi Note 9 Pro Max,5020
Redmi Note 9 Pro (India),5020
Black Shark 3 Pro,5000
Black Shark 3,4720
Mi 10 Pro 5G,4500
Mi 10 5G,4780
Redmi 8A Pro,5000
Redmi 8A Dual,5000
Poco X2,4500
Redmi K30,4500
Redmi K30 5G,4500
Redmi Note 8T,4000
Mi Note 10 Pro,5260
Mi Note 10,5260
Mi CC9 Pro,5260
Watch Color,420
Mi Watch (China),570/590
Redmi 8,5000
Redmi 8A,5000
Mi Mix Alpha,4050
Mi 9 Pro 5G,4000
Mi 9 Pro,4000
Redmi K20 Pro Premium,4000
Mi 9 Lite,4030
Redmi Note 8 Pro,4500
Black Shark 2 Pro,4000
Mi A3,4030
Redmi 7A,4000
Mi CC9e,4030
Mi CC9,4030
Redmi Note 8,4000
Mi 9T Pro,4000
Mi 9T,4000
Redmi K20,4000
Redmi K20 Pro,4000
Redmi Note 7S,4000
Redmi Y3,4000
Black Shark 2,4000
Redmi 7,4000
Redmi Note 7 Pro,4000
Mi Mix 3 5G,3800
Mi 9 Explorer,3300
Mi 9 SE,3070
Mi 9,3300
Redmi Go,3000
Redmi Note 7,4000
Mi Play,3000
Black Shark Helo,4000
Mi Mix 3,3200
Redmi Note 6 Pro,4000
Mi 8 Pro,3000
Mi 8 Lite,3350
Pocophone F1,4000
Mi A2 (Mi 6X),3000
Mi A2 Lite (Redmi 6 Pro),4000
Mi Max 3,5500
Mi Pad 4 Plus,8620
Mi Pad 4,6000
Redmi 6,3000
Redmi 6A,3000
Mi 8 Explorer,3000
Mi 8,3400
Mi 8 SE,3120
Redmi S2 (Redmi Y2),3080
Mi Mix 2S,3400
Redmi Note 5 AI Dual Camera,4000
Redmi Note 5 Pro,4000
Black Shark,4000
Redmi 5 Plus (Redmi Note 5),4000
Redmi 5,3300
Redmi 5A,3000
Redmi Y1 (Note 5A),3080
Redmi Y1 Lite,3080
Mi Note 3,3500
Mi Mix 2,3400
Mi A1 (Mi 5X),3080
Mi Max 2,5300
Redmi 4 (4X),4100
Mi 6,3350
Mi Pad 3,6600
Mi 5c,2860
Redmi Note 4X,4100
Redmi Note 4,4100
Redmi 4A,3120
Redmi 4 (China),4100
Mi 6 Plus,4500
Redmi 4 Prime,4100
Mi Mix,4400
Mi Note 2,4070
Mi 5s Plus,3800
Mi 5s,3200
Redmi Note 4 (MediaTek),4100
Redmi Pro,4050
Redmi 3x,4100
Redmi 3s Prime,4100
Redmi 3s,4100
Redmi 3 Pro,4100
Mi Max,4850
Mi 5,3000
Mi 4s,3260
Redmi Note 3,4050
Redmi 3,4100
Redmi Note Prime,3100
Mi Pad 2,6190
Redmi Note 3 (MediaTek),4000
Mi 4c,3080
Redmi Note 2,3060
Redmi 2 Pro,2200
Redmi 2 Prime,2200
Mi 4i,3120
Mi Note Pro,3000
Mi Note,3000
Redmi 2A,2200
Redmi 2,2200
Mi 4 LTE,3080
Redmi Note 4G,3100
Mi 4,3080
Mi Pad 7.9,6700
Redmi Note,3200/3100
Mi 3,3050
Redmi 1S,2000
Redmi,2000
Mi 2A,2030
Mi 2S,2000
Mi 2,2000
Mi 1S,1930
12 Lite NE,4500
Redmi 11,5000
Redmi 10 Prime+ 5G,5000
Poco X4 NFC,5160
Poco M3 Pro,5000
Redmi 20X,5000
Redmi 11A,5000
Mi 10 Lite Zoom,4160
Mi 9X,3300
Mi Max 4 Pro,5800
Mi Max 4,5800
Redmi Pro 2,3600
nubia Z60 Ultra,6000
nubia Red Magic 9 Pro+,5500
nubia Red Magic 9 Pro,6500
Blade V50 Design 4G,5000
Blade V50 Vita,5200
Blade V50,4800
Blade V50 Design,4500
Blade A54,5000
Blade A73,5000
Blade A73 5G,5000
nubia Neo,4500
nubia Z50S Pro,5100
nubia Red Magic Tablet,10000
nubia Red Magic 8S Pro+,5000
nubia Red Magic 8S Pro,6000
Blade A72s,5000
V70,5100
Axon 50 Ultra,5000
Axon Pad,10000
nubia Z50 Ultra,5000
nubia Pad 3D,9070
Blade V40,6000
Blade V40 Design,4500
nubia Red Magic 8 Pro+,5000
nubia Red Magic 8 Pro,6000
nubia Z50,5000
Blade V41 Vita,4500
Voyage 40 Pro+,4510
Axon 40 Ultra Space Edition,5000
Axon 40 SE,4500
Blade V40s,4500
Axon 30S,4200
nubia Z40S Pro,5000
nubia Red Magic 7S Pro,5000
nubia Red Magic 7S,4500
Blade V40 Pro,5100
Blade A72 5G,4000
Blade A72,6000
Blade A52 Lite,4000
Blade A52,5000
Axon 40 Pro,5000
Axon 40 Ultra,5000
nubia Z40 Pro,5000
Blade V40 Vita,6000
nubia Red Magic 7 Pro,5000
nubia Red Magic 7,4500
Blade A3 Plus,2050
Blade A7P,3200
Voyage 20 Pro,5100
Avid 589,3000
Blade A71,4000
Blade A31 Plus,3000
Blade A31,3000
Blade A31 Lite,2000
Blade A51,3200
Blade L9,2000
nubia Red Magic 6s Pro,5050
nubia Red Magic 6s,5050
Axon 30 5G,4200
Blade V30 Vita,5000
Blade V30,5000
nubia Red Magic 6R,4200
nubia Z30 Pro,4200
Blade 11 Prime,4000
Axon 30 Ultra 5G,4600
Axon 30 Pro 5G,4200
S30 Pro,4200
S30,4000
S30 SE,6000
nubia Red Magic 6 Pro,5050
nubia Red Magic 6,5050
Watch GT,420
Red Magic Watch,420
Link II,1600
Blade X1 5G,4000
Blade 20 Pro 5G,4000
Cymbal U,1600
Blade V2020 5G,4000
Blade A7s 2020,4000
Blade 20 5G,4000
Blade A3Y,2660
Blade A5 2020,3200
Axon 20 5G Extreme,4220
Axon 20 5G,4220
Axon 20 4G,4220
Quest 5,2000
Gabb Z2,2650
nubia Watch,420
nubia Red Magic 5S,4500
Avid 579,2660
nubia Red Magic 5G Lite,5100
Axon 11 SE 5G,4000
Blade A3 Joy,2650
Blade A3 Prime,2660
nubia Play,5100
Axon 11 4G,4000
Axon 11 5G,4000
nubia Red Magic 5G,4500
Axon 10s Pro 5G,4000
Cymbal 2,1600
Blade Max View,4000
Blade A7 Prime,3200
Blade 10 Prime,3200
Blade Vantage 2,2050
Blade 20,5000
nubia Red Magic 3s,5000
nubia Z20,4000
Blade A5 (2019),2600
Blade A3 (2019),2000
Blade L8,2000
nubia Red Magic 3,5000
Avid 559,2200
nubia Alpha,500
Axon 10 Pro 5G,4000
Axon 10 Pro,4000
Blade V10,3200
Blade V10 Vita,3200
nubia Red Magic Mars,3800
nubia X,3800
nubia Z18,3450
Axon 9 Pro,4000
nubia Red Magic,3800
Blade A7 Vita,3200
Blade A7,3200
nubia Z18 mini,3450
nubia V18,4000
nubia N3,5000
Blade V9 Vita,3200
Blade V9,3100
Tempo Go,2200
Blade A3,4000
Blade A6,5000
Maven 2,2300
Blade X,3000
Axon M,3180
nubia Z17s,3100
nubia Z17 miniS,3200
nubia Z17 lite,3200
Blade Z Max,4080
Blade Force,3000
Tempo X,2200
Blade A601,4000
Grand X View 2,4620
Blade V7 Plus,2540
Quartz,500
nubia N2,5000
nubia M2,3630
nubia M2 lite,3000
nubia M2 Play,3000
nubia Z17,3200
Axon 7s,3400
Max XL,3990
nubia Z17 mini,2950
Blade A520,2400
nubia N1 lite,3000
Blade V8 Mini,2800
Blade V8 Lite,2500
Blade A2 Plus,5000
Hawkeye,3000
Blade V8 Pro,3140
Blade V8,2730
Axon 7 Max,4100
Grand X4,3140
Blade V7 Max,3000
nubia Z11 mini S,3000
Axon 7 mini,2705
Warp 7,3000
Zmax Pro,3400
nubia N1,5000
nubia Z11 Max,4000
Axon 7,3250
nubia Z11,3000
Blade L110 (A110),1400
Grand X Max 2,3400
nubia Z11 mini,2800
Blade L5 Plus,2150
Blade V Plus,3000
Blade A610,4000
Blade A512,2540
Blade A452,4000
Blade V7,2500
Blade A910,2540
Blade A2,2500
Blade V7 Lite,2500
Axon Max,4140
nubia Prague S,2200
Grand X 3,3080
Avid Plus,2300
Blade X9,3000
Blade X5,2400
Blade X3,4000
Axon Watch,300
Axon,3000
Blade S7,2500
Axon mini,2800
Zmax 2,3000
Axon Elite,3000
nubia My Prague,2200
Axon Lux,3000
Boost Max+,3400
Blade A460,2200
Blade D6,2200
Axon Pro,3000
Blade A410,1500
Obsidian,1800
Grand X2,2480
Sonata 2,1650
Blade Apex 3,2000
Maven,2100
Blade Q Pro,1800
Blade Qlux 4G,2200
nubia Z9,2900
Blade S6 Plus,3000
nubia Z9 Max,2900
nubia Z9 mini,2900
Open L,2200
Grand S3,3100
Blade L3 Plus,2000
Blade L3,2000
Blade G Lux,1850
Blade G,1200
V5 Lux,2400
Blade S6,2400
Imperial II,2300
Grand X Max+,3200
Star 2,2400
Grand X Plus Z826,2300
Speed,2000
Grand S II,2500
Grand S Pro,2300
Zinger,1500
Grand Xmax,3200
Zmax,3400
Blade Vec 4G,2300
Blade Vec 3G,2300
Kis 3 Max,1850
nubia Z5S mini NX405H,2000
nubia Z7,3000
nubia Z7 Max,3100
nubia Z7 mini,2300
Blade L2,2000
Kis 3,1400
Blade G2,2000
Redbull V5 V9180,2400
Star 1,2300
nubia X6,4250
Grand Memo II LTE,3200
Open C,1400
Open II,1150
Iconic Phablet,3200
Sonata 4G,1780
Grand S II S291,3100
nubia Z5S,2300
nubia Z5S mini NX403A,2000
Grand S Flex,2300
Blade Q Maxi,2000
Blade Q,1800
Blade Q Mini,1500
Warp 4G,2070
Blade V,1800
Blade G V880G,2000
Reef,1650
Imperial,2500
Vital N9810,2500
Grand X Pro,2000
Grand X2 In,2000
Grand X Quad V987,2500
Blade III Pro,1600
Geek V975,2300
Grand Memo V9815,3200
Open,1200
Blade C V807,1600
Director,1500
V81,3700
Grand S,1780
Avid 4G,1730
V889M,1650
V887,2000
Kis III V790,1200
Groove X501,1500
nubia Z5,2300
Flash,1780
Anthem 4G,1780
Warp Sequent,1650
Grand Era U895,1800
Blade III,1600
Grand X IN,1650
N880E,1650
Grand X LTE T82,1900
Grand X V970,1600
Score M,1500
Light Tab 3 V9S,4000
PF112 HD,1650
Skate Acqua,1600
Orbit,1600
Kis V788,1400
V880E,1650
Nova 4 V8000,1900
Blade II V880+,1200
Optik,4000
Light Tab 2 V9A,3400
Light Tab V9C,3400
FTV Phone,1250
Chorus,1000
Memo,1150
Tania,1400
Warp,1600
Score,1200
Avail,1800
V9,3400
N721,1100
Skate,1400
Racer II,1100
Blade,1250
N290,1500
R230,720
R228 Dual SIM,1000
R228,700
R221,1000
R220,720
S213,650
E N72,1300
Racer,1100
F951,1250
Raise,1250
Xiang,1300
S302,1000
F233,830
F912,1000
F952,1250
F928,900
F870,1250
F600,800
F103,1000
F101,1000
F100,1000
Coral200 Sollar,690
Blade V20,5000
nubia X 5G,3800
