phone,GPU
1B (2022),PowerVR GE8300
1L Pro (2021),IMG8322
1 (2021),PowerVR GE8100
3L (2021),PowerVR GE8320
1S (2021),PowerVR GE8320
1L (2021),PowerVR GE8320
1V (2021),PowerVR GE8320
1SE (2020),IMG8322
Go Flip 4,Adreno 308
Go Flip 3,Adreno 304
Go Flip V,Adreno 304
3X (2020),PowerVR GE8320
3L (2020),PowerVR GE8320
1S (2020),PowerVR GE8320
1V (2020),PowerVR GE8320
1B (2020),Adreno 308
3v (2019),PowerVR GE8320
3x (2019),Mali-G71 MP2
1v (2019),IMG8322
Smart Tab 7,IMG GE8300
3T 10,PowerVR GE8100
3L,PowerVR GE8100 - EuropeAdreno 504
3 (2019),Adreno 505
1s,IMG8322
1x (2019),PowerVR GE8100
1,PowerVR GE8100
Tetra,PowerVR GE8100
7,Mali-G71 MP2
5v,PowerVR GE8320
5,Mali-T860MP2
3v,Mali-T720MP2
3x (2018),PowerVR GE8100
3,PowerVR GE8100
1x,PowerVR GE8100
3c,Mali-400
1T 10,Mali-400
1T 7,Mali-400
Idol 5s,Mali-T880MP2
Idol 5,Mali-T720MP3
A7 XL,Mali-T860MP2
A7,Mali-T860MP2
U5 HD,Mali-T720MP2
Pulsemix,Mali-T860MP2
Idol 5s (USA),Adreno 506
Flash (2017),Mali-T880 MP4
U5,Mali-T720MP2
A5 LED,Mali-T720MP3
A3,Mali-T720MP2
A3 XL,Mali-T720MP2
Shine Lite,Mali-T720MP2
Pixi 4 Plus Power,Mali-400 MP2
Fierce 4,Adreno 304
X1,Adreno 405
Flash Plus 2,Mali-T860MP2
Pop 4S,Mali-T860MP2
Pop 4+,Adreno 304
Pop 4,Adreno 304
Idol 4s Windows,Adreno 530
Idol 4s,Adreno 510
Idol 4,Adreno 405
Fierce XL (Windows),Adreno 304
Pixi 4 (7),Mali-400
Pixi 4 (6),Adreno 304
Pixi 4 (4),Mali-400MP2
Pixi 4 (3.5),Mali-400
Pixi 3 (8) LTE,Adreno 304
Fierce XL,Adreno 304
Flash 2,Mali-T720MP3
Idol 3C,Adreno 405
Pixi 3 (10),Mali-450MP4
Pop Up,Adreno 405
Pop Star LTE,Mali-T720MP2
Pop Star,Mali-400MP2
Go Play,Adreno 306
Flash Plus,Mali-T760MP2
Pop Astro,Mali-T760MP2
Flash,Mali-450MP4
Idol 3 (5.5),Adreno 405
Idol 3 (4.7),Adreno 306
Pixi 3 (5.5),Mali-400MP2
Pixi 3 (8) 3G,Mali-400
Pixi 3 (7) LTE,Adreno 304
Pixi 3 (7) 3G,Mali-400
Pixi 3 (7),Mali-450MP4
Pop 10,Adreno 306
Pixi 3 (5),Mali-400
Pixi 3 (4.5),Mali-400Mali-T720MP2
Pixi 3 (4),Mali-400Adreno 304
Pixi 3 (3.5) Firefox,Mali-400
Pixi 3 (3.5),Mali-400
Pop 2 (4.5) Dual SIM,Adreno 306
Pop 2 (4.5),Adreno 306
Pop 8S,Adreno 306
Hero 8,Mali-450MP4
Hero 2,Mali-450MP4
Pop 7S,Adreno 305
Pixi 7,PowerVR SGX544
Idol X+,Mali-450MP4
Pop 8,Mali-400MP2
Pop 7,Mali-400
Fierce,PowerVR SGX544
Evolve,PowerVR SGX531
Pop C3,Mali-400
Idol Alpha,PowerVR SGX544
Hero,PowerVR SGX544
Idol S,PowerVR SGX531u
Idol Mini,Mali-400
One Touch T10,Vivante GC800
One Touch Snap,PowerVR SGX544
Idol X,PowerVR SGX544
One Touch Fire,Adreno 200
One Touch Star,PowerVR SGX531u
One Touch Scribe Easy,Adreno 203
One Touch Idol Ultra,PowerVR SGX531T
One Touch Idol,PowerVR SGX531u
One Touch T'Pop,PowerVR SGX531
One Touch S'Pop,PowerVR SGX531
One Touch M'Pop,PowerVR SGX531
One Touch X'Pop,PowerVR SGX531u
One Touch Scribe HD-LTE,PowerVR SGX544
One Touch Scribe X,PowerVR SGX544
One Touch Scribe HD,PowerVR SGX544
OT-997D,PowerVR SGX531u
OT-997,PowerVR SGX531u
OT-992D,PowerVR SGX531u
OT-993,PowerVR SGX531
OT-903,PowerVR SGX531
OT-986,PowerVR SGX540
OT-991,PowerVR SGX531
OT-916,PowerVR SGX531
OT-985,PowerVR SGX531
OT-995,Adreno 205
OT-918,PowerVR SGX531
OT-918D,PowerVR SGX531
iPhone 15 Pro Max,Apple GPU (6-core graphics)
iPhone 15 Pro,Apple GPU (6-core graphics)
iPhone 15 Plus,Apple GPU (5-core graphics)
iPhone 15,Apple GPU (5-core graphics)
Watch Ultra 2,PowerVR
Watch Series 9,PowerVR
Watch Series 9 Aluminum,PowerVR
iPad Pro 12.9 (2022),Apple GPU (10-core graphics)
iPad Pro 11 (2022),Apple GPU (10-core graphics)
iPad (2022),Apple GPU (4-core graphics)
iPhone 14 Pro Max,Apple GPU (5-core graphics)
iPhone 14 Pro,Apple GPU (5-core graphics)
iPhone 14 Plus,Apple GPU (5-core graphics)
iPhone 14,Apple GPU (5-core graphics)
Watch Ultra,PowerVR
Watch Series 8,PowerVR
Watch Series 8 Aluminum,PowerVR
Watch SE (2022),PowerVR
iPhone SE (2022),Apple GPU (4-core graphics)
iPad Air (2022),Apple GPU (8-core graphics)
iPhone 13 Pro Max,Apple GPU (5-core graphics)
iPhone 13 Pro,Apple GPU (5-core graphics)
iPhone 13,Apple GPU (4-core graphics)
iPhone 13 mini,Apple GPU (4-core graphics)
iPad mini (2021),Apple GPU (5-core)
iPad 10.2 (2021),Apple GPU (4-core graphics)
Watch Edition Series 7,PowerVR
Watch Series 7,PowerVR
Watch Series 7 Aluminum,PowerVR
iPad Pro 12.9 (2021),Apple GPU (8-core graphics)
iPad Pro 11 (2021),Apple GPU (8-core graphics)
iPhone 12 Pro Max,Apple GPU (4-core graphics)
iPhone 12 Pro,Apple GPU (4-core graphics)
iPhone 12,Apple GPU (4-core graphics)
iPhone 12 mini,Apple GPU (4-core graphics)
iPad Air (2020),Apple GPU (4-core graphics)
iPad 10.2 (2020),Apple GPU (4-core graphics)
Watch SE,PowerVR
Watch Series 6 Aluminum,PowerVR
Watch Series 6,PowerVR
Watch Edition Series 6,PowerVR
iPhone SE (2020),Apple GPU (4-core graphics)
iPad Pro 12.9 (2020),Apple GPU (8-core graphics)
iPad Pro 11 (2020),Apple GPU (8-core graphics)
iPhone 11 Pro Max,Apple GPU (4-core graphics)
iPhone 11 Pro,Apple GPU (4-core graphics)
iPhone 11,Apple GPU (4-core graphics)
iPad 10.2 (2019),PowerVR Series7XT Plus (six-core graphics)
Watch Edition Series 5,PowerVR
Watch Series 5,PowerVR
Watch Series 5 Aluminum,PowerVR
iPad Air (2019),Apple GPU (4-core graphics)
iPad mini (2019),Apple GPU (4-core graphics)
iPad Pro 12.9 (2018),Apple GPU (7-core graphics)
iPad Pro 11 (2018),Apple GPU (7-core graphics)
iPhone XS Max,Apple GPU (4-core graphics)
iPhone XS,Apple GPU (4-core graphics)
iPhone XR,Apple GPU (4-core graphics)
Watch Series 4,PowerVR
Watch Series 4 Aluminum,PowerVR
iPad 9.7 (2018),PowerVR Series7XT Plus (six-core graphics)
iPhone X,Apple GPU (three-core graphics)
iPhone 8 Plus,Apple GPU (three-core graphics)
iPhone 8,Apple GPU (three-core graphics)
Watch Edition Series 3,PowerVR
Watch Series 3,PowerVR
Watch Series 3 Aluminum,PowerVR
iPad Pro 12.9 (2017),PowerVR Series 7 (12-core graphics)
iPad Pro 10.5 (2017),PowerVR Series 7 (12-core graphics)
iPad 9.7 (2017),PowerVR GT7600 (six-core graphics)
Watch Edition Series 2 42mm,PowerVR G6200
Watch Edition Series 2 38mm,PowerVR G6200
Watch Series 2 42mm,PowerVR G6200
Watch Series 2 38mm,PowerVR G6200
Watch Series 2 Aluminum 42mm,PowerVR G6200
Watch Series 1 Aluminum 42mm,PowerVR G6200
Watch Series 2 Aluminum 38mm,PowerVR G6200
Watch Series 1 Aluminum 38mm,PowerVR G6200
iPhone 7 Plus,PowerVR Series7XT Plus (six-core graphics)
iPhone 7,PowerVR Series7XT Plus (six-core graphics)
iPad Pro 9.7 (2016),PowerVR Series 7 (12-core graphics)
iPhone SE,PowerVR GT7600 (six-core graphics)
iPhone 6s Plus,PowerVR GT7600 (six-core graphics)
iPhone 6s,PowerVR GT7600 (six-core graphics)
iPad Pro 12.9 (2015),PowerVR Series 7 (12-core graphics)
iPad mini 4 (2015),PowerVR GX6450 (quad-core graphics)
Watch Edition 42mm (1st gen),PowerVR SGX543
Watch Edition 38mm (1st gen),PowerVR SGX543
Watch 42mm (1st gen),PowerVR SGX543
Watch 38mm (1st gen),PowerVR SGX543
Watch Sport 42mm (1st gen),PowerVR SGX543
Watch Sport 38mm (1st gen),PowerVR SGX543
iPad Air 2,PowerVR GXA6850 (octa-core graphics)
iPad mini 3,PowerVR G6430 (quad-core graphics)
iPhone 6 Plus,PowerVR GX6450 (quad-core graphics)
iPhone 6,PowerVR GX6450 (quad-core graphics)
iPad Air,PowerVR G6430 (quad-core graphics)
iPad mini 2,PowerVR G6430 (quad-core graphics)
iPhone 5s,PowerVR G6430 (quad-core graphics)
iPhone 5c,PowerVR SGX 543MP3 (triple-core graphics)
iPad mini Wi-Fi,PowerVR SGX543MP2
iPad mini Wi-Fi + Cellular,PowerVR SGX543MP2
iPad 4 Wi-Fi,PowerVR SGX554MP4 (quad-core graphics)
iPad 4 Wi-Fi + Cellular,PowerVR SGX554MP4 (quad-core graphics)
iPhone 5,PowerVR SGX 543MP3 (triple-core graphics)
iPad 3 Wi-Fi + Cellular,PowerVR SGX543MP4 (quad-core graphics)
iPad 3 Wi-Fi,PowerVR SGX543MP4 (quad-core graphics)
iPhone 4s,PowerVR SGX543MP2
iPad 2 Wi-Fi + 3G,PowerVR SGX543MP2
iPad 2 Wi-Fi,PowerVR SGX543MP2
iPad 2 CDMA,PowerVR SGX543MP2
iPhone 4,PowerVR SGX535
iPhone 4 CDMA,PowerVR SGX535
iPad Wi-Fi + 3G,PowerVR SGX535
iPad Wi-Fi,PowerVR SGX535
iPhone 3GS,PowerVR SGX535
iPhone 3G,PowerVR MBX
iPhone,PowerVR MBX
ROG Phone 8 Pro,Adreno 750
ROG Phone 8,Adreno 750
Zenfone 10,Adreno 740
ROG Phone 7 Ultimate,Adreno 740
ROG Phone 7,Adreno 740
ROG Phone 6D Ultimate,Mali-G710 MC10
ROG Phone 6D,Mali-G710 MC10
ROG Phone 6 Diablo Immortal Edition,Adreno 730
ROG Phone 6 Batman Edition,Adreno 730Mali-G710 MC10
Zenfone 9,Adreno 730
ROG Phone 6 Pro,Adreno 730
ROG Phone 6,Adreno 730
ROG Phone 5s Pro,Adreno 660
ROG Phone 5s,Adreno 660
Smartphone for Snapdragon Insiders,Adreno 660
Zenfone 8 Flip,Adreno 660
Zenfone 8,Adreno 660
ROG Phone 5 Ultimate,Adreno 660
ROG Phone 5 Pro,Adreno 660
ROG Phone 5,Adreno 660
Zenfone 7 Pro,Adreno 650
Zenfone 7,Adreno 650
ROG Phone 3,Adreno 650
ROG Phone 3 Strix,Adreno 650
ROG Phone II ZS660KL,Adreno 640 (700 MHz)
Zenfone 6 ZS630KL,Adreno 640
ZenFone Live (L2),Adreno 308Adreno 505
Zenfone Max Plus (M2) ZB634KL,Adreno 506
Zenfone Max Shot ZB634KL,Adreno 506
Zenfone Max Pro (M2) ZB631KL,Adreno 512
Zenfone Max (M2) ZB633KL,Adreno 506
Zenfone Max (M1) ZB556KL,Adreno 505
ZenFone Lite (L1) ZA551KL,Adreno 505
ROG Phone ZS600KL,Adreno 630
ZenFone Live (L1) ZA550KL,Adreno 308
Zenfone Max Pro (M1) ZB601KL/ZB602K,Adreno 509
Zenfone 5z ZS620KL,Adreno 630
Zenfone 5 ZE620KL,Adreno 509
Zenfone 5 Lite ZC600KL,Adreno 508Adreno 505
Zenfone Max (M1) ZB555KL,Adreno 308Adreno 505
Zenfone Max Plus (M1) ZB570TL,Mali-T860MP2
Zenfone V V520KL,Adreno 530
Zenfone 4 Pro ZS551KL,Adreno 540
Zenfone 4 ZE554KL,Adreno 508Adreno 512
Zenfone 4 Selfie Lite ZB553KL,Adreno 308
Zenfone 4 Selfie ZB553KL,Adreno 505
Zenfone 4 Selfie Pro ZD552KL,Adreno 506
Zenfone 4 Selfie ZD553KL,Adreno 505
Zenfone 4 Max ZC520KL,Adreno 308
Zenfone 4 Max Pro ZC554KL,Adreno 308Adreno 505
Zenfone 4 Max Plus ZC554KL,Adreno 308
Zenfone 4 Max ZC554KL,Adreno 505
Zenpad Z8s ZT582KL,Adreno 510
Zenpad 3s 8.0 Z582KL,Adreno 510
Zenfone Go ZB552KL,Adreno 306
Zenfone Live ZB501KL,Adreno 306
Zenfone 3s Max ZC521TL,Mali-T860MP2
Zenpad 3S 10 Z500KL,Adreno 510
Zenfone AR ZS571KL,Adreno 530
Zenfone 3 Zoom ZE553KL,Adreno 506
Zenpad 3 8.0 Z581KL,Adreno 510
Zenfone Go ZB500KL,Adreno 306
Zenfone 3 Max ZC553KL,Adreno 505
Zenfone 3 Deluxe 5.5 ZS550KL,Adreno 506
Zenpad Z10 ZT500KL,Adreno 510
Zenwatch 3 WI503Q,Adreno 304
Zenpad 3S 10 Z500M,PowerVR GX6250
Zenfone 3 Max ZC520TL,Mali-T720MP2
Zenfone 3 Laser ZC551KL,Adreno 505
Zenfone 3 ZE520KL,Adreno 506
Zenfone Pegasus 3,Mali-T720MP2
Zenpad Z8,Adreno 510
Zenfone 3 Ultra ZU680KL,Adreno 510
Zenfone 3 Deluxe ZS570KL,Adreno 530
Zenfone 3 ZE552KL,Adreno 506
Zenfone Max ZC550KL (2016),Adreno 405
Zenfone Go ZB450KL,Adreno 306
Zenfone Go ZB452KG,Adreno 302
Zenfone Go ZB551KL,Adreno 305
Zenfone Go T500,Adreno 306
Zenfone Go ZC451TG,Mali-400MP2
Live G500TG,Mali-400MP2
Zenwatch 2 WI501Q,Adreno 305
Zenwatch 2 WI502Q,Adreno 305
Zenwatch WI500Q,Adreno 305
Zenfone 2 Laser ZE551KL,Adreno 405
Zenfone Zoom ZX551ML,PowerVR G6430
Zenpad 8.0 Z380M,Mali-T720MP2
Zenpad 10 Z300M,Mali-T720MP2
Zenpad 10 Z300C,Mali-450MP4
Zenfone Go ZC500TG,Mali-400MP2
Zenfone Max ZC550KL,Adreno 306
Zenfone 2 Deluxe ZE551ML,PowerVR G6430
Zenfone 2 Laser ZE601KL,Adreno 405
Zenfone 2 Laser ZE600KL,Adreno 405
Zenfone 2 Laser ZE550KL,Adreno 306Adreno 405
Zenfone 2 Laser ZE500KG,Adreno 306
Zenfone 2 Laser ZE500KL,Adreno 306
Zenpad 7.0 Z370CG,Mali-450MP4
Zenfone 2E,PowerVR SGX544MP2
Pegasus 2 Plus,Adreno 405
Zenpad S 8.0 Z580CA,PowerVR G6430
Zenpad S 8.0 Z580C,PowerVR G6430
Zenpad 8.0 Z380KL,Adreno 306Adreno 405
Zenpad 8.0 Z380C,Mali-450MP4
Zenpad C 7.0 Z170MG,Mali-400MP2
Zenpad C 7.0,Mali-450MP4
Zenfone Selfie ZD551KL,Adreno 405
Zenfone 2 ZE500CL,PowerVR SGX544MP2
Zenfone 2 ZE550ML,PowerVR G6430
Zenfone 2 ZE551ML,PowerVR G6430
Fonepad 7 FE375CL,PowerVR G6430
Zenfone C ZC451CG,PowerVR SGX544MP2
Fonepad 7 FE171CG,PowerVR SGX544MP2
Zenfone Zoom ZX550,PowerVR G6430
Pegasus,Mali-T760MP2
Zenfone 5 Lite A502CG (2014),PowerVR SGX544MP2
Memo Pad 10 ME103K,Adreno 320
PadFone X mini,PowerVR SGX544MP2
Memo Pad 7 ME572CL,PowerVR G6430
Memo Pad 7 ME572C,PowerVR G6430
Zenfone 5 A500KL (2014),Adreno 305
Zenfone 4 A450CG (2014),PowerVR SGX544MP2
Memo Pad 8 ME581CL,PowerVR G6430
Memo Pad 8 ME181C,Intel Gen 7 (Ivy Bridge)
Memo Pad 7 ME176C,Intel Gen 7 (Ivy Bridge)
Fonepad 8 FE380CG,PowerVR G6430
Fonepad 7 FE375CXG,PowerVR G6430
Fonepad 7 FE375CG,PowerVR G6430
Transformer Pad TF303CL,Intel Gen 7 (Ivy Bridge)
Transformer Pad TF103C,Intel Gen 7 (Ivy Bridge)
Fonepad 7 (2014),PowerVR SGX544MP2
PadFone X,Adreno 330
PadFone S,Adreno 330
PadFone Infinity Lite,Adreno 320
PadFone E,Adreno 305
Zenfone 6 A601CG (2014),PowerVR SGX544MP2
Zenfone 6 A600CG (2014),PowerVR SGX544MP2
Zenfone 5 A501CG (2015),PowerVR SGX544MP2
Zenfone 5 A500CG (2014),PowerVR SGX544MP2
Zenfone 4 (2014),PowerVR SGX544MP2
PadFone mini 4G (Intel),PowerVR SGX544MP2
PadFone mini (Intel),PowerVR SGX544MP2
PadFone mini,Adreno 305
PadFone Infinity 2,Adreno 330
Fonepad 7,PowerVR SGX544MP2
Google Nexus 7 (2013),Adreno 320
Fonepad Note FHD6,PowerVR SGX544MP2
Transformer Pad TF701T,ULP GeForce
Memo Pad FHD10,PowerVR SGX544MP2
Memo Pad HD7 8 GB,PowerVR SGX544
Memo Pad HD7 16 GB,PowerVR SGX544
Fonepad,PowerVR SGX540
PadFone Infinity,Adreno 320
Memo Pad Smart 10,ULP GeForce
Memo Pad ME172V,Mali-400
Google Nexus 7 Cellular,ULP GeForce
VivoTab RT TF600T,ULP GeForce
PadFone 2,Adreno 320
Google Nexus 7,ULP GeForce
Transformer Pad Infinity 700 LTE,Adreno 225
Transformer Pad Infinity 700 3G,Adreno 225
Transformer Pad TF300TG,ULP GeForce
Transformer Pad TF300T,ULP GeForce
Transformer Pad Infinity 700,ULP GeForce
Memo,Adreno 220
Transformer Prime TF700T,ULP GeForce
Transformer Prime TF201,ULP GeForce
PadFone,Adreno 225
Transformer TF101,ULP GeForce
Wildfire E star,Mali-T820 MP1
U23,Adreno 644
U23 Pro,Adreno 644
A103 Plus,PowerVR GE8320
A103,PowerVR GE8320
A102,Mali-G52 MC2
A101,Mali G52 MP2
Wildfire E2 Play,Mali-G57 MP1
Wildfire E3 lite,IMG8322
Wildfire E plus,PowerVR GE8100
Desire 22 Pro,Adreno 619
Wildfire E2 Plus,Mali-G52 MP2
Wildfire E3,PowerVR GE8320
Desire 21 Pro 5G,Adreno 619
Desire 20+,Adreno 618
Wildfire E1 lite,PowerVR GE8320
Wildfire E2,PowerVR GE8320
Wildfire E1 plus,Mali-G71 MP2
Wildfire E1,Mali-G71 MP2
Wildfire E,IMG8322
U20 5G,Adreno 620
Desire 20 Pro,Adreno 610
Desire 19s,PowerVR GE8320
Exodus 1s,Adreno 505
Wildfire X,PowerVR GE8320
U19e,Adreno 616
Desire 19+,PowerVR GE8320
Desire 12s,Adreno 505
Exodus 1,Adreno 630
U12 life,Adreno 509
U12+,Adreno 630
Desire 12+,Adreno 506
Desire 12,PowerVR GE8100
U11 Eyes,Adreno 510
U11+,Adreno 540
U11 Life,Adreno 508
U11,Adreno 540
One X10,Mali-T860MP2
U Ultra,Adreno 530
U Play,Mali-T860MP2
10 evo,Adreno 430
Desire 650,Adreno 305
Desire 10 Pro,Mali-T860MP2
Desire 10 Compact,Mali-T720
One A9s,Mali-T860MP2
Desire 10 Lifestyle,Adreno 305
Desire 728 Ultra,Mali-T720MP3
Desire 628,Mali-T720MP3
One M9 Prime Camera,PowerVR G6200
Desire 830,PowerVR G6200
One S9,PowerVR G6200
10 Lifestyle,Adreno 510
10,Adreno 530
Desire 825,Adreno 305
Desire 630,Adreno 305
Desire 530,Adreno 304
Desire 625,Adreno 304
One X9,PowerVR G6200
One M9s,PowerVR G6200
Desire 828 dual sim,Mali-T720MP3
Desire 728 dual sim,Mali-T720MP3
One E9s dual sim,Mali-T760MP2
Butterfly 3,Adreno 430
One M9+ Supreme Camera,PowerVR G6200
One A9,Adreno 405
Desire 626 (USA),Adreno 304
Desire 626s,Adreno 304
Desire 526,Adreno 304
Desire 520,Adreno 304
One ME,PowerVR G6200
Desire 820G+ dual sim,Mali-450MP4
One M9+,PowerVR G6200
One M8s,Adreno 405
One E9+,PowerVR G6200
One E9,PowerVR G6200
One M9,Adreno 430
Desire 820s dual sim,Mali-T760MP2
Desire 626G+,Mali-450MP4
Desire 626,Mali-T760MP2Adreno 306
Desire 826 dual sim,Adreno 405
Desire 620G dual sim,Mali-450MP4
Desire 620,Adreno 306
Nexus 9,Kepler DX1
Desire 816G dual sim,Mali-400MP2 - India model
One (M8 Eye),Adreno 330
Desire Eye,Adreno 330
Desire 612,Adreno 305
Desire 820q dual sim,Adreno 306
Desire 820 dual sim,Adreno 405
Desire 820,Adreno 405
One (E8) CDMA,Adreno 330
Desire 510,Adreno 306 - EU modelAdreno 305 - USA model
One (M8) for Windows,Adreno 330
One (M8) for Windows (CDMA),Adreno 330
Butterfly 2,Adreno 330
One Remix,Adreno 305
One (M8) dual sim,Adreno 330
Desire 516 dual sim,Adreno 302
One (E8),Adreno 330
One mini 2,Adreno 305
Desire 616 dual sim,Mali-450MP4
Desire 210 dual sim,Mali-400
One (M8) CDMA,Adreno 330
One (M8),Adreno 330
Desire 310 dual sim,Mali-400MP2
Desire 310,Mali-400MP2
Desire 816 dual sim,Adreno 305
Desire 816,Adreno 305
Desire 610,Adreno 305
Desire 501 dual sim,Mali-400
Desire 700,Mali-400
Desire 700 dual sim,Mali-400
Desire 601 dual sim,Broadcom VideoCore IV
One Max,Adreno 320
Desire 300,Adreno 203
Desire 601,Adreno 305
Desire 500,Adreno 203
One mini,Adreno 305
Desire L,Adreno 203
Desire Q,Adreno 200
8XT,Adreno 305
Butterfly S,Adreno 320
Desire 600 dual sim,Adreno 203
First,Adreno 305
One Dual Sim,Adreno 320
One,Adreno 320
Butterfly,Adreno 320
DROID DNA,Adreno 320
One SV,Adreno 305
Desire SV,Adreno 203
One VX,Adreno 305
One X+,ULP GeForce 2
Windows Phone 8X,Adreno 225
Windows Phone 8S,Adreno 305
Desire X,Adreno 203
Desire VT,Adreno 200
Desire VC,Adreno 200
Desire V,Adreno 200
Desire C,Adreno 200
DROID Incredible 4G LTE,Adreno 225
Evo 4G LTE,Adreno 225
One X,ULP GeForce
One X AT&T,Adreno 225
One XL,Adreno 225
One S C2,Adreno 220
One S,Adreno 225
One V,Adreno 205
Velocity 4G Vodafone,Adreno 220
Velocity 4G,Adreno 220
Rezound,Adreno 220
Vivid,Adreno 220
EVO Design 4G,Adreno 205
Sensation XL,Adreno 205
Explorer,Adreno 200
Amaze 4G,Adreno 220
Rhyme,Adreno 205
Hero S,Adreno 205
Rhyme CDMA,Adreno 205
Sensation XE,Adreno 220
Jetstream,Adreno 220
Titan,Adreno 205
Radar,Adreno 205
Panache,Adreno 205
Status,Adreno 200
Glacier,Adreno 205
Trophy,Adreno 200
DROID Incredible 2,Adreno 205
Sensation 4G,Adreno 220
EVO 3D,Adreno 220
Sensation,Adreno 220
EVO 3D CDMA,Adreno 220
HD7S,Adreno 200
Incredible S,Adreno 205
Desire S,Adreno 205
Wildfire S,Adreno 200
Salsa,Adreno 200
Flyer,Adreno 205
Flyer Wi-Fi,Adreno 205
Inspire 4G,Adreno 205
ThunderBolt 4G,Adreno 205
EVO Shift 4G,Adreno 205
Gratia,Adreno 200
HD7,Adreno 200
7 Pro,Adreno 200
7 Surround,Adreno 200
7 Mozart,Adreno 200
7 Trophy,Adreno 200
Arrive,Adreno 200
Desire HD,Adreno 205
Desire Z,Adreno 205
Evo 4G+,Adreno 220
Aria,Adreno 200
HD mini,Adreno 200
Desire,Adreno 200
Legend,Adreno 200
Rider,Adreno 220
Google Nexus One,Adreno 200
HD2,Adreno 200
Evo 4G,Adreno 200
Droid Incredible,Adreno 200
Pure,Adreno 130
Hero CDMA,Adreno 130
Hero,Adreno 130
Schubert,Adreno 200
Magic,Adreno 130
Touch Pro2 CDMA,Adreno 130
Tilt2,Adreno 130
Touch Pro2,Adreno 130
Touch Diamond2 CDMA,Adreno 130
Touch Diamond2,Adreno 130
Dream,Adreno 130
MAX 4G,Adreno 130
Touch HD T8285,Adreno 130
Touch HD,Adreno 130
Touch Pro CDMA,Adreno 130
Touch Pro,Adreno 130
Touch Diamond CDMA,Adreno 130
Touch Diamond,Adreno 130
Touch Cruise,Adreno 130
Touch Dual,Adreno 130
P6500,Adreno 130
S730,Adreno 130
TyTN II,Adreno 130
Wildfire R70,Mali-G71 MP2
One (M8i),Adreno 405
Desire HD2,Adreno 205
A12,Adreno 306
nova Y72,Mali-G51 MP4
nova 12 Ultra,Maleoon 910 MP4
nova 12 Pro,Maleoon 910 MP4
nova 12 Lite,Adreno 642L
Enjoy 70,Mali-G51 MP4
MatePad Pro 11 (2024),Maleoon 910 MP4
nova 11 SE,Adreno 610
MatePad Pro 13.2,Maleoon 910 MP4
Mate 60 RS Ultimate,Maleoon 910 MP4
Mate 60 Pro+,Maleoon 910 MP4
Mate X5,Maleoon 910 MP4
Mate 60 Pro,Maleoon 910 MP4
Mate 60,Maleoon 910 MP4
MatePad 11.5,Adreno 644
MatePad Air,Adreno 660
nova Y91,Adreno 610
Watch 4,Adreno 702
nova 11i,Adreno 610
nova Y71,Mali-G51 MP4
Enjoy 60X,Adreno 610
nova 11 Ultra,Adreno 642L
nova 11 Pro,Adreno 642L
nova 11,Adreno 642L
Mate X3,Adreno 730
P60 Pro,Adreno 730
P60,Adreno 730
P60 Art,Adreno 730
MatePad 11 (2023),Adreno 650
nova 10 Youth,Adreno 610
Pocket S,Adreno 642L
MatePad C5e,Mali-G51 MP4
nova 10 SE,Adreno 610
Mate 50 RS Porsche Design,Adreno 730
Mate 50 Pro,Adreno 730
Mate 50E,Adreno 642L
Mate 50,Adreno 730
MatePad Pro 11 (2022),"Adreno 650 - GOT-W29Adreno 660 - GOT-W09, GOT-AL09, GOT-AL19"
nova 10 Pro,Adreno 642L
nova 10,Adreno 642L
nova Y90,Adreno 610
MatePad 10.4 (2022),Mali-G57 (6-core)
Mate Xs 2,Adreno 660
MatePad SE,Mali-G51 MP4
nova 9 SE 5G,Adreno 619
nova Y70 Plus,Mali-G51 MP4
P50E,Adreno 642L
nova 9 SE,Adreno 610
P50 Pocket,Adreno 660
nova 8 SE 4G,Mali-G51 MP4
nova Y60,PowerVR GE8320
Enjoy 20e,PowerVR GE8320Mali-G51 MP4 - 128GB 6GB RAM only
nova 9 Pro,Adreno 642L
nova 9,Adreno 642L
nova 8,Mali-G57 (6-core)
P50 Pro,Mali-G78 MP24Adreno 660
P50,Adreno 660
nova 8 SE Youth,Mali-G51 MP4
nova 8i,Adreno 610
Mate 40 Pro 4G,Mali-G78 MP24
Mate 40E 4G,Mali-G76 MP14
Mate X2 4G,Mali-G78 MP24
MatePad Pro 12.6 (2021),Mali-G78 MP22 - Wi-Fi modelMali-G78 MP24 - 5G model
MatePad Pro 10.8 (2021),Adreno 650
MatePad 11 (2021),Adreno 650
nova 8 Pro 4G,Mali-G77 (8-core)
MatePad T 10,Mali-G51 MP4
Mate 40E,Mali-G76 MP14
P40 4G,Mali-G76 MP16
Mate X2,Mali-G78 MP24
nova 8 Pro 5G,Mali-G77 (8-core)
nova 8 5G,Mali-G77 (8-core)
Enjoy 20 SE,Mali-G51 MP4
nova 8 SE,Mali-G57 MC3
Mate 40 RS Porsche Design,Mali-G78 MP24
Mate 40 Pro+,Mali-G78 MP24
Mate 40 Pro,Mali-G78 MP24
Mate 40,Mali-G78 MP22
Mate 30E Pro 5G,Mali-G76 MP14
nova 7 SE 5G Youth,Mali-G57 MC3
Y7a,Mali-G51 MP4
P smart 2021,Mali-G51 MP4
MatePad 5G,Mali-G57 (6-core)
Y9a,Mali-G52 MC2
Enjoy 20 Plus 5G,Mali-G57 MC2
Enjoy 20 5G,Mali-G57 MC2
MatePad 10.8,Mali-G76 MP16
MatePad T 10s,Mali-G51 MP4
Enjoy Tablet 2,Mali-G51 MP4
Enjoy 20 Pro,Mali-G57MP4
Enjoy Z 5G,Mali-G57MP4
P Smart S,Mali-G51 MP4
Y8p,Mali-G51 MP4
P40 lite 5G,Mali-G57 (6-core)
P30 Pro New Edition,Mali-G76 MP10
MatePad T8,PowerVR GE8320
Y8s,Mali-G51 MP4
Y6p,PowerVR GE8320
Y5p,PowerVR GE8320
P smart 2020,Mali-G51 MP4
nova 7 Pro 5G,Mali-G77 (8-core)
nova 7 5G,Mali-G77 (8-core)
nova 7 SE,Mali-G57 (6-core)
MatePad 10.4,Mali-G52 MP6
Enjoy 10e,PowerVR GE8320
P40 Pro+,Mali-G76 MP16
P40 Pro,Mali-G76 MP16
P40,Mali-G76 MP16
P40 lite E,Mali-G51 MP4
P40 lite,Mali-G52 MP6
MatePad Pro 10.8 5G (2019),Mali-G76 MP16
Mate Xs,Mali-G76 MP16
P30 lite New Edition,Mali-G51 MP4
Y7p,Mali-G51 MP4
nova 7i,Mali-G52 MP6
Y6s (2019),PowerVR GE8320
P smart Pro 2019,Mali-G51 MP4
nova 6 5G,Mali-G76 MP16
nova 6,Mali-G76 MP16
nova 6 SE,Mali-G52 MP6
MatePad Pro 10.8 (2019),Mali-G76 MP16
Mate X,Mali-G76 MP10
Y9s,Mali-G51 MP4
nova 5z,Mali-G52 MP6
Enjoy 10s,Mali-G51 MP4
Enjoy 10,Mali-G51 MP4
Mate 30 RS Porsche Design,Mali-G76 MP16
Mate 30 Pro 5G,Mali-G76 MP16
Mate 30 Pro,Mali-G76 MP16
Mate 30 5G,Mali-G76 MP16
Mate 30,Mali-G76 MP16
nova 5i Pro,Mali-G52 MP6
Enjoy 10 Plus,Mali-G51 MP4
nova 5T,Mali-G76 MP10
MediaPad M6 10.8,Mali-G76 MP10
MediaPad M6 Turbo 8.4,Mali-G76 MP10
MediaPad M6 8.4,Mali-G76 MP10
nova 5 Pro,Mali-G76 MP10
nova 5,Mali-G52 MP6
nova 5i,Mali-G51 MP4
Y9 Prime (2019),Mali-G51 MP4
P20 lite (2019),Mali-G51 MP4
P Smart Z,Mali-G51 MP4
Mate 20 X (5G),Mali-G76 MP10
P30 Pro,Mali-G76 MP10
P30,Mali-G76 MP10
P30 lite,Mali-G51 MP4
nova 4e,Mali-G51 MP4
Y5 (2019),PowerVR GE8320
Enjoy 9e,PowerVR GE8320
Enjoy 9s,Mali-G51 MP4
Y Max,Adreno 512
MediaPad M5 Lite 8,Mali-G51 MP4
Y6 Pro (2019),PowerVR GE8320
Y6 (2019),PowerVR GE8320
Y7 (2019),Adreno 506
Y7 Prime (2019),Adreno 506
Y7 Pro (2019),Adreno 506
Y5 lite (2018),PowerVR GE8100
nova 4,Mali-G72 MP12
P smart 2019,Mali-G51 MP4
Enjoy 9,Adreno 506
Mate 20 RS Porsche Design,Mali-G76 MP10
Mate 20 X,Mali-G76 MP10
Mate 20 Pro,Mali-G76 MP10
Mate 20,Mali-G76 MP10
MediaPad T5,Mali-T830 MP2
MediaPad M5 lite,Mali-T830 MP2
Y9 (2019),Mali-G51 MP4
Mate 20 lite,Mali-G51 MP4
P Smart+ 2019,Mali-G51 MP4
nova 3i,Mali-G51 MP4
nova 3,Mali-G72 MP12
Watch 2 2018,Adreno 304
Y5 Prime (2018),PowerVR GE8100
Y3 (2018),Mali-T720MP2
Y6 Prime (2018),Adreno 308
Y6 (2018),Adreno 308
Mate RS Porsche Design,Mali-G72 MP12
P20 Pro,Mali-G72 MP12
P20,Mali-G72 MP12
P20 lite,Mali-T830 MP2
Y7 Pro (2018),Adreno 505
Y7 Prime (2018),Adreno 505
Y7 (2018),Adreno 505
Y9 (2018),Mali-T830 MP2
MediaPad M5 10,Mali-G71
MediaPad M5 8,Mali-G71
P smart,Mali-T830 MP2
nova 2s,Mali-G71 MP8
Mate 10 Porsche Design,Mali-G72 MP12
Mate 10 Pro,Mali-G72 MP12
Mate 10,Mali-G72 MP12
Watch 2 Pro,Adreno 304
Mate 10 Lite,Mali-T830 MP2
P9 lite mini,Adreno 308
Y7 Prime,Adreno 505
MediaPad M3 Lite 8,Adreno 505
MediaPad T3 10,Adreno 308
MediaPad M3 Lite 10,Adreno 505
nova 2 plus,Mali-T830 MP2
nova 2,Mali-T830 MP2
Y6II Compact,Mali-T720MP2
MediaPad T3 8.0,Adreno 308
MediaPad T3 7.0,Mali-450MP4
Y7,Adreno 505
Y6 (2017),Mali-T720MP2
Y5 (2017),Mali-T720MP2
Y3 (2017),Mali-T720MP2Mali-400MP2 - CRO-U00
Watch 2 Classic,Adreno 304
Watch 2,Adreno 304
P10 Plus,Mali-G71 MP8
P10,Mali-G71 MP8
P10 Lite,Mali-T830 MP2
P8 Lite (2017),Mali-T830MP2
Enjoy 6s,Adreno 505
Mate 9 Pro,Mali-G71 MP8
Mate 9 Porsche Design,Mali-G71 MP8
Mate 9,Mali-G71 MP8
Enjoy 6,Mali-T860MP2
MediaPad M3 8.4,Mali-T880 MP4
nova plus,Adreno 506
nova,Adreno 506
MediaPad T2 10.0 Pro,Adreno 405
MediaPad T2 7.0 Pro,Adreno 405
G9 Plus,Adreno 506
MediaPad M2 7.0,Adreno 405
Y3II,Mali-T720MP2 - 4G modelMali-400MP2 - 3G model
Y5II,Mali-T720MP2 - 4G modelMali-400MP2 - 3G model
P9 lite,Mali-T830MP2
P9 Plus,Mali-T880 MP4
P9,Mali-T880 MP4
MediaPad M2 10.0,Mali-T628 MP4
Watch,Adreno 305
Enjoy 5s,Mali-T720MP3
Mate 8,Mali-T880 MP4
G7 Plus,Adreno 405
Y6 Pro,Mali-T720MP2
Nexus 6P,Adreno 430
Mate S,Mali-T628 MP4
Y6,Adreno 304
G8,Adreno 405
MediaPad M2 8.0,Mali-T628 MP4
Y560,Adreno 304
Y625,Adreno 302
P8lite ALE-L04,Adreno 405
P8lite,Mali-450MP4
P8max,Mali-T628 MP4
P8,Mali-T628 MP4
SnapTo,Adreno 305
MediaPad X2,Mali-T628 MP4
Y635,Adreno 306
Y360,Mali-400MP2
Ascend Y540,Mali-400
Ascend G628,Mali-T760
Ascend Y520,Mali-400
Ascend Y221,Mali-400
Ascend GX1,Adreno 306
Ascend Mate7 Monarch,Mali-T628 MP4
MediaPad T1 10,Adreno 306
MediaPad T1 8.0,Adreno 302
Ascend G620s,Adreno 306
Ascend Y550,Adreno 306
Ascend G7,Adreno 306
Ascend P7 Sapphire Edition,Mali-450MP4
Ascend Mate7,Mali-T628MP4
Ascend G535,Adreno 305
Ascend G630,Adreno 302
Ascend Y330,Mali-400
Ascend P7,Mali-450MP4
Ascend P7 mini,Adreno 305
Ascend G730,Mali-450MP2
Ascend Y600,Mali-400
Ascend G6 4G,Adreno 305
MediaPad M1,Mali-450MP4
MediaPad X1,Mali-450MP4
Ascend Y530,Adreno 302
Ascend Mate2 4G,Adreno 305
Ascend Y320,Mali-400
Ascend Y220,Mali-400
Ascend G740,Adreno 305
Ascend Y511,Mali-400
Ascend W2,Adreno 305
Ascend G700,PowerVR SGX544
G610s,PowerVR SGX544
U8687 Cronos,Adreno 200
Ascend G525,Adreno 203
MediaPad 7 Vogue,Vivante GC4000
Ascend P6,Vivante GC4000
Ascend Y300,Adreno 203
Premia 4G M931,Adreno 225
Ascend Y210D,Adreno 200
Ascend P2,Vivante GC4000
Ascend G615,Vivante GC4000
Ascend G350,Adreno 203
Ascend W1,Adreno 305
Ascend Mate,Vivante GC4000
Ascend D2,Vivante GC4000
Ascend G510,Adreno 203
Ascend G500,PowerVR SGX531
MediaPad 10 Link,Vivante GC4000
Ascend Y,Adreno 200
Summit,Adreno 200
Ascend P1 LTE,Adreno 225
Fusion 2 U8665,Adreno 200
Ascend G330,Adreno 203
Ascend Y100,Adreno 200
Ascend Y200,Adreno 200
Ascend G330D U8825D,Adreno 203
Ascend G300,Adreno 200
Ascend P1 XL U9200E,PowerVR SGX540
Ascend P1,PowerVR SGX540
Ascend D1 XL U9500E,PowerVR SGX540
Ascend D1,PowerVR SGX540
Ascend D quad XL,Vivante GC4000
Ascend D quad,Vivante GC4000
Ascend P1s,PowerVR SGX540
M886 Mercury,Adreno
MediaPad,Adreno 220
MediaPad S7-301w,Adreno 220
U8520 Duplex,Adreno 200
Impulse 4G,Adreno 205
U8850 Vision,Adreno 205
U8800 Pro,Adreno 205
U9000 IDEOS X6,Adreno 205
U8800 IDEOS X5,Adreno 205
U8510 IDEOS X3,Adreno 200
IDEOS S7,Adreno 200
U8230,Adreno 130
Mate 30 Lite,Mali-G52 MP6
Mulan,Mali-T624MP4
Smart 8 Plus,PowerVR GE8320
Smart 8 Pro,PowerVR GE8320
Smart 8 (India),PowerVR GE8320
Smart 8 HD,Mali-G57 MP1
Hot 40 Pro,Mali-G57 MC2
Hot 40,Mali-G52 MC2
Hot 40i,Mali-G57 MP1
Smart 8,Mali-G57 MP1
Zero 30 4G,Mali-G57 MC2
Zero 30,Mali-G77 MC9
GT 10 Pro,Mali-G77 MC9
Hot 30 5G,Mali-G57 MC2
Note 30 VIP,Mali-G77 MC9
Hot 30 Play NFC,PowerVR GE8320
Note 30 Pro,Mali-G57 MC2
Note 30,Mali-G57 MC2
Note 30 5G,Mali-G57 MC2
Note 30i,Mali-G52 MC2
Hot 30i,Mali-G57 MP1
Hot 30,Mali-G52 MC2
Smart 7 (India),IMG8322
Zero 5G 2023,Mali-G68 MC4
Hot 20 Play,PowerVR GE8320
Hot 20S,Mali-G57 MC2
Hot 20,Mali-G52 MC2
Note 12 (2023),Mali-G57 MC2
Zero Ultra,Mali-G68 MC4
Hot 20 5G,Mali-G57 MC2
Hot 20i,PowerVR GE8320
Zero 20,Mali-G57 MC2
Note 12i 2022,Mali-G52 MC2
Hot 12 Pro,Mali-G57 MP1
Smart 6 Plus (India),PowerVR GE8320
Note 12 Pro,Mali-G57 MC2
Note 12 Pro 5G,Mali-G57 MC2
Note 12 5G,Mali-G57 MC2
Hot 11s NFC,Mali-G52 MC2
Hot 12 Play,PowerVR GE8320 - X6816Mali-G52 MP2 - X6816C
Hot 12 Play NFC,Mali-G52 MP2
Note 12 VIP,Mali-G57 MC2
Note 12 G96,Mali-G57 MC2
Note 12i,Mali-G52 MC2
Note 12,Mali-G52 MC2
Hot 12,Mali-G52 MC2
Smart 6 HD,IMG8322
Hot 11 2022,Mali-G52 MP2
Hot 12i,PowerVR GE8320
Zero 5G,Mali-G68 MC4
Smart 5 Pro,IMG8322
Hot 11 Play,PowerVR GE8320
Note 11i,Mali-G52 MC2
Note 11s,Mali-G57 MC2
Note 11,Mali-G52 MC2
Smart 6,IMG8322
Note 11 Pro,Mali-G57 MC2
Hot 11s,Mali-G52 MC2
Hot 11,Mali-G52 2EEMC2
Zero X Pro,Mali-G76 MC4
Zero X,Mali-G76 MC4
Zero X Neo,Mali-G76 MC4
Hot 10i,Mali-G52 MC2
Note 10 Pro NFC,Mali-G76 MC4
Note 10 Pro,Mali-G76 MC4
Note 10,Mali-G52 MC2
Hot 10T,Mali-G52 2EEMC2
Hot 10s NFC,Mali-G52 MC2
Hot 10s,Mali-G52 MC2
Smart 5 (India),PowerVR GE8320
Hot 10 Play,PowerVR GE8320
Smart HD 2021,PowerVR GE8320
Zero 8i,Mali-G76 MC4
Note 8,Mali-G52 MC2
Note 8i,Mali-G52 MC2
Hot 10 Lite,PowerVR GE8320
Hot 10,Mali-G52 2EEMC2
Zero 8,Mali-G76 MC4
Smart 5,PowerVR GE8320
Hot 9 Play,PowerVR GE8300PowerVR GE8320
Note 7,Mali-G52 2EEMC2
Note 7 Lite,Mali-G52 2EEMC2
Hot 9 Pro,PowerVR GE8320
Hot 9,PowerVR GE8320
S5 Pro (16+32),PowerVR GE8320
S5 Pro (48+40),PowerVR GE8320
S5 Pro,PowerVR GE8320
S5 lite,PowerVR GE8320
Smart 4,PowerVR GE8320
Smart 4c,PowerVR GE8320
S5,PowerVR GE8320
Hot 8,PowerVR GE8320
Note 6,PowerVR GE8320
Smart3 Plus,PowerVR GE8320
S4,PowerVR GE8320
Hot 7 Pro,Mali-T880MP2PowerVR GE8320
Zero 6 Pro,Adreno 509
Zero 6,Adreno 509
Hot 6X,Adreno 308
Note 5 Stylus,Mali-G71 MP2
S3X,Adreno 505
Note 5,Mali-G71 MP2
Hot 6 Pro,Adreno 308
Hot S3,Adreno 505
Zero 5 Pro,Mali-T880MP2
Zero 5,Mali-T880MP2
Hot 5 Lite,Mali-400MP2
Hot 5,Mali-400MP2
Note 4 Pro,Mali-T720MP3
Note 4,Mali-T720MP3
Smart,Mali-400MP2
Zero 4 Plus,Mali-T880 MP4
Zero 4,Mali-T720MP3
S2 Pro,Mali-T720MP3
Hot 4 Pro,Mali
Hot 4,Mali-400MP2
Note 3 Pro,Mali-T720MP3
Note 3,Mali-T720MP3
Hot S,Mali-T720MP3
Tab M11,Mali-G52 MC2
Legion Y700 (2023),Adreno 730
Tab P12,Mali-G68 MC4
Tab M10,Adreno 619
Tab Extreme,Mali-G710 MC10
Tab M9,Mali-G52 MC2
Tab M8 (4th Gen),PowerVR GE8320
Tab P11 Gen 2,Mali-G57 MC2
Tab P11 Pro Gen 2,Mali-G77 MC9
Tab M10 Gen 3,Mali-G52 MP2
Pad Pro 2022,Mali-G77 MC9
Legion Y70,Adreno 730
Tab M10 Plus (3rd Gen),Adreno 610 - LTE modelMali-G52 MC2 - Wi-Fi only model
Legion Y700,Adreno 650
Legion Y90,Adreno 730
K14 Plus,Mali G52
Tab K10,PowerVR GE8320
Tab P12 Pro,Adreno 650
Tab P11 5G,Adreno 619
K13 Pro,Adreno 610
K13,IMG8322
Yoga Tab 11,Mali-G76 MC4
Tab P11 Plus,Mali-G76 MC4
Tab M8 (3rd Gen),PowerVR GE8320
K13 Note,Adreno 610
Yoga Tab 13,Adreno 650
Pad Pro,Adreno 650
Pad Plus,Adreno 619
Pad,Adreno 610
Legion 2 Pro,Adreno 660
Legion Duel 2,Adreno 660
K12 Pro,Adreno 610
K12 (China),Adreno 610
A8 2020,PowerVR GE8320
Tab P11 Pro,Adreno 618
Tab P11,Adreno 610
Tab M10 HD Gen 2,PowerVR GE8320
Legion Duel,Adreno 650
Legion Pro,Adreno 650
A7,IMG8322
M10 Plus,PowerVR GE8320
M10 FHD REL,Adreno 506
Yoga Smart Tab,Adreno 505
K10 Plus,Adreno 506
K10 Note,Adreno 616
A6 Note,PowerVR GE8320
Tab M8 (FHD),PowerVR GE8320
Tab M8 (HD),PowerVR GE8320
Tab M7,Mali-400
Z6,Adreno 618
Z6 Pro 5G,Adreno 640
Z6 Youth,Adreno 616
Z6 Pro,Adreno 640
K6 Enjoy,PowerVR GE8320
Tab V7,Adreno 506
S5 Pro GT,Adreno 512
Z5s,Adreno 616
Z5 Pro GT,Adreno 640
Z5 Pro,Adreno 616
S5 Pro,Adreno 509
K5 Pro,Adreno 509
K9,PowerVR GE8320
Z5,Adreno 509
K5 Note (2018),Adreno 506
A5,PowerVR GE8100
K5 play,Adreno 505
K5,Mali-T860MP2
S5,Adreno 506
K320t,Mali-400
moto tab,Adreno 506
Tab 7 Essential,"PowerVR GE8300 (Wi-Fi), Mali-T720MP2 (LTE)"
Tab 7,Mali-T720MP2
K8 Plus,Mali-T880MP2
K8,Mali-T880MP2
K8 Note,Mali-T880 MP4
Tab 4 10 Plus,Adreno 506
Tab 4 10,Adreno 306
Tab 4 8 Plus,Adreno 506
Tab 4 8,Adreno 306
Tab3 8 Plus,Adreno 506
ZUK Edge,Adreno 530
A6600 Plus,Mali-T720MP2
A6600,Mali-T720MP2
B,Mali-T720MP2
A Plus,Mali-400MP2
P2,Adreno 506
K6 Note,Adreno 505
K6 Power,Adreno 505
K6,Adreno 505
Yoga Tab 3 10,Adreno 304
Yoga Tab 3 Plus,Adreno 506 - 3G/LTE modelAdreno 510 - Wi-Fi model
Vibe A,Mali-400MP2
C2 Power,Mali-T720MP2
C2,Mali-T720MP2
Phab2 Plus,Mali-T720MP3
Phab2,Mali-T720MP2
Phab2 Pro,Adreno 510
ZUK Z2,Adreno 530
Vibe C,Adreno 304
ZUK Z2 Pro,Adreno 530
Tab3 10,Mali-T720MP2
Tab3 8,Mali-T720MP2
Tab3 7,Mali-T720MP2
Vibe K5 Plus,Adreno 405
Vibe K5,Adreno 405
A7000 Turbo,Mali-T760MP2
Vibe P1 Turbo,Adreno 405
K5 Note,Mali-T860MP2
Lemon 3,Adreno 405
Vibe S1 Lite,Mali-T760MP2
Vibe K4 Note,Mali-T720MP3
Vibe X3 c78,Mali-T720MP3
Vibe X3,Adreno 418
A3690,Mali-T720MP2
Yoga Tab 3 8.0,Adreno 304
A1000,Mali-400MP2
Phab,Adreno 306
Phab Plus,Adreno 405
Vibe P1,Adreno 405
A6010 Plus,Adreno 306
A6010,Adreno 306
Vibe P1m,Mali-T720MP2
Vibe S1,Mali-T760MP2
ZUK Z1,Adreno 330
A2010,Mali-T720MP2
A616,Mali-T760MP2
A3900,Mali-T760MP2
S60,Adreno 306
A6000 Plus,Adreno 306
A1900,Mali-400
K3 Note,Mali-T760MP2
Vibe Shot,Adreno 405
A7000 Plus,Mali-T760MP2
A7000,Mali-T760MP2
A5000,Mali-400MP2
Tab 2 A10-70,Mali-T760
Tab 2 A8-50,Mali-T720MP2
P70,Mali-T760MP2
Tab 2 A7-30,Mali-400MP2
Tab 2 A7-20,Mali-450MP4
Tab 2 A7-10,Mali-450MP4
A6000,Adreno 306
P90,PowerVR G6430
Vibe X2 Pro,Adreno 405
K3,Adreno 306
Golden Warrior Note 8,Mali-T760
A916,Mali-450MP4
A319,Mali-400
S856,Adreno 305
S580,Adreno 302
S90 Sisley,Adreno 306
A606,Mali-400MP2
Yoga Tablet 2 Pro,Intel Gen 7 (Ivy Bridge)
Yoga Tablet 2 10.1,Intel Gen 7 (Ivy Bridge)
Yoga Tablet 2 8.0 ,Intel Gen 7 (Ivy Bridge)
Tab S8,Intel Gen 7 (Ivy Bridge)
Vibe X2,PowerVR G600
Vibe Z2,Adreno 306
A850+,Mali-450MP4
Vibe Z2 Pro,Adreno 330
Golden Warrior A8,Mali-450MP4
Golden Warrior S8,Mali-450MP4
S939,Mali-450MP4
S750,PowerVR SGX544
A889,Mali-400MP2
A680,Mali-400MP2
A316i,Mali-400
A328,Mali-400MP2
A536,Mali-400MP2
A526,Mali-400MP2
A10-70 A7600,Mali-400MP2
A8-50 A5500,Mali-400MP2
A7-50 A3500,Mali-400MP2
A7-30 A3300,Mali-400MP2
Yoga Tablet 10 HD+,Adreno 305
S860,Mali-400MP2
S850,Mali-400MP2
S660,Mali-400MP2
A880,Mali-400MP2
A859,Mali-400MP2
S930,Mali-400MP2
S650,Mali-400MP2
Vibe Z K910,Adreno 330
Yoga Tablet 10,PowerVR SGX544
Yoga Tablet 8,PowerVR SGX544
A630,PowerVR SGX531u
A516,Mali-400
Vibe X S960,PowerVR SGX544MP2
S5000,PowerVR SGX544
A850,Mali-400MP2
A706,Adreno 203
P780,PowerVR SGX544
S820,PowerVR SGX544
A390,PowerVR SGX531u
A369i,Mali-400
A269i,Mali-400
S920,PowerVR SGX544
IdeaTab S6000H,PowerVR SGX544
IdeaTab S6000F,PowerVR SGX544MP2
IdeaTab S6000L,PowerVR SGX544MP2
IdeaTab S6000,PowerVR SGX544MP2
IdeaTab A3000,PowerVR SGX544
IdeaTab A1000,PowerVR SGX531u
K900,PowerVR SGX544MP2
S890,PowerVR SGX531u
IdeaTab A2107,PowerVR SGX531
A830,PowerVR SGX544
A820,PowerVR SGX544
A800,PowerVR SGX531
A789,PowerVR SGX531u
A690,PowerVR SGX531
S720,PowerVR SGX531u
P770,PowerVR SGX531u
A60+,PowerVR SGX531
S560,PowerVR SGX531u
S880,PowerVR SGX531
A660,PowerVR SGX531u
K860,Mali-400MP4
P700i,PowerVR SGX531u
A65,PowerVR SGX531
A60,PowerVR SGX531
K800,PowerVR SGX540
IdeaPad S2,Adreno 225
LePad S2010,Adreno 220
LePad S2007,Adreno 220
LePad S2005,Adreno 220
IdeaPad K1,ULP GeForce
K12,PowerVR GE8320
K7,IMG8322
ZUK Z1 mini,Mali-T860MP2
Vibe Z3 Pro,Adreno 430
Ultra Tab,Adreno 610
W41 Pro,PowerVR GE8320
W41+,PowerVR GE8320
W41,PowerVR GE8320
W31+,PowerVR GE8320
W31,PowerVR GE8320
W11,PowerVR GE8320
K92 5G,Adreno 619L
K62,PowerVR GE8320
Q52,PowerVR GE8320
K52,PowerVR GE8320
K42,PowerVR GE8320
K71,PowerVR GE8320
Wing 5G,Adreno 620
K22,Adreno 308
Q92 5G,Adreno 620
Q31,PowerVR GE8320
K31,PowerVR GE8320
Velvet 5G UW,Adreno 620
Q61,PowerVR GE8320
Stylo 6,PowerVR GE8320
Velvet,Adreno 630
Velvet 5G,Adreno 620
V60 ThinQ 5G UW,Adreno 650
V60 ThinQ 5G,Adreno 650
Q51,PowerVR GE8320
W10 Alpha,IMG8322
K61,PowerVR GE8320
K51S,PowerVR GE8320
K41S,PowerVR GE8320
G Pad 5 10.1,Adreno 530
V50S ThinQ 5G,Adreno 640
G8X ThinQ,Adreno 640
Q70,Adreno 612
K30 (2019),Adreno 308
K20 (2019),PowerVR GE8100
K40S,PowerVR GE8320
K50S,PowerVR GE8320
W30 Pro,Adreno 506
W30,PowerVR GE8320
W10,PowerVR GE8320
Stylo 5,Adreno 506
V50 ThinQ 5G,Adreno 640
G8S ThinQ,Adreno 640
G8 ThinQ,Adreno 640
Q60,PowerVR GE8320
K50,PowerVR GE8320
K40,PowerVR GE8320
Q9,Adreno 530
V40 ThinQ,Adreno 630
Watch W7,Adreno 304
Tribute Empire,Mali-T860MP2
G7 Fit,Adreno 530
G7 One,Adreno 540
Q8 (2018),Adreno 506
K11 Plus,Mali-T860MP2
Q Stylo 4,Adreno 506
Q Stylus,Mali-T860MP2 - Q Stylus/Q Stylus α
V35 ThinQ,Adreno 630
Q7,"Mali-T860MP2 - Q7, Q7αAdreno 506 - Q7+"
G7 ThinQ,Adreno 630
V30S ThinQ,Adreno 540
Zone 4,Adreno 308
X power 3,Adreno 308
K30,Adreno 308
K10 (2018),Mali-T860MP2
K8 (2018),Adreno 304Adreno 308
Aristo 2,Adreno 308
X4+,Adreno 308
V30,Adreno 540
Q8 (2017),Adreno 530
Q6,Adreno 505
G Pad IV 8.0 FHD,Adreno 505
X venture,Adreno 505
G6,Adreno 530
X power2,Mali-T860MP2Adreno 308
Watch Sport,Adreno 304
Watch Style,Adreno 304
Stylo 3 Plus,Adreno 505
Stylus 3,Mali-T860MP2 - M400DKAdreno 505 - LS777
Harmony,Adreno 308
K20 plus,Adreno 308
K10 (2017),Mali-T860MP2
K8 (2017),Adreno 308Mali-T720MP2
K7 (2017),Mali-T720MP2
K4 (2017),Adreno 304
K3 (2017),Adreno 304
G Pad III 10.1 FHD,Adreno 405
V20,Adreno 530
X max,Mali-T720MP2
X mach,Adreno 418
G Pad III 8.0 FHD,Adreno 405
G Pad X 8.0,Adreno 405
X power,"Mali-T720Mali-T860MP2 - LS755Adreno 304 - US610, K450"
X style,Adreno 304
Stylus 2 Plus,Adreno 505
Stylo 2,Adreno 306
K5,Mali-400MP2
K3,Mali-T720MP2Adreno 304
G5 SE,Adreno 510
G5,Adreno 530
X cam,Mali-T720MP3
X screen,Adreno 306
K8,Mali-T720MP2
Stylus 2,Adreno 306
K10,"Adreno 306 - K420NMali-T720MP3 - K430DS, K430DSF, K430DSY"
K7,Mali-400MP2Adreno 304
K4,"Mali-T720MP2 - K120E, K130EAdreno 304 - K121"
G Pad II 8.3 LTE,Adreno 405
Ray,Mali-450MP4
G Vista 2,Adreno 405
G Watch R W110,Adreno 305
Watch Urbane W150,Adreno 305
Watch Urbane 2nd Edition LTE,Adreno 305
V10,Adreno 418
Nexus 5X,Adreno 418
Zero,Adreno 306
G Pad II 10.1,Adreno 330
G Pad II 8.0 LTE,Adreno 305
Tribute 2,Adreno 306
G4 Beat,Adreno 405
G4c,Adreno 306
G4 Dual,Adreno 418
G4,Adreno 418
G Stylo,Adreno 306
G4 Stylus,"Adreno 306 - H631, H635, H630D, MS631Mali-450MP4 - H540"
AKA,Adreno 305
Watch Urbane LTE,Adreno 305
G Watch W100,Adreno 305
Magna,Mali-400MP2 - H502 model
Spirit,Adreno 306Mali-400MP2
Leon,Adreno 306
Joy,Adreno 302
G Flex2,Adreno 430
Tribute,Adreno 305
G3 Dual-LTE,Adreno 330
F60,Adreno 306
L60,Adreno 305
L60 Dual,Adreno 305
G3 Stylus,Mali-400MP2
L Bello,Mali-400MP2
L Fino,Adreno 302
G Pad 8.0 LTE,Adreno 305
G Vista,Adreno 305
G3 A,Adreno 330
G Pad 7.0 LTE,Adreno 305
L50,Mali-400
L30,Mali-400
L20,Mali-400
G3 LTE-A,Adreno 420
G3 S Dual,Adreno 305
G3 S,Adreno 305
L65 D280,Adreno 302
G3 (CDMA),Adreno 330
G3,Adreno 330
L35,Adreno 302
Volt,Adreno 305
G Pad 10.1,Adreno 305
G Pad 8.0,Adreno 305
G Pad 7.0,Adreno 305
L80 Dual,Adreno 302
L65 Dual D285,Adreno 302
G Pad 8.3 LTE,Adreno 320
F70 D315,Adreno 305
G2 mini LTE (Tegra),ULP GeForce (60 cores)
G2 mini LTE,Adreno 305
G2 mini,Adreno 305
L90 Dual D410,Adreno 305
L90 D405,Adreno 305
L70 D320N,Adreno 302
L70 Dual D325,Adreno 302
L40 D160,Adreno 302
L40 Dual D170,Adreno 302
G Pro 2,Adreno 330
Optimus L4 II Tri E470,PowerVR SGX531
Optimus L1 II Tri E475,Adreno 200
Optimus F3Q,Adreno 305
GX F310L,Adreno 320
Nexus 5,Adreno 330
G Flex,Adreno 330
Fireweb,Adreno 200
G Pro Lite,PowerVR SGX531
G Pro Lite Dual,PowerVR SGX531
Optimus L2 II E435,Adreno 200
Vu 3 F300L,Adreno 330
G Pad 8.3,Adreno 320
G2,Adreno 330
Optimus L9 II,Adreno 305
Enact VS890,Adreno 305
Optimus GJ E975W,Adreno 320
Optimus L4 II Dual E445,PowerVR SGX531
Optimus L4 II E440,PowerVR SGX531
Optimus F3,Adreno 305
Lucid2 VS870,Adreno 225
Optimus F6,Adreno 305
Optimus F5,Adreno 225
Optimus G Pro E985,Adreno 320
Optimus L7 II Dual P715,Adreno 203
Optimus L7 II P710,Adreno 203
Optimus L5 II Dual E455,PowerVR SGX531
Optimus L5 II E460,PowerVR SGX531
Optimus L3 II Dual E435,Adreno 200
Optimus L3 II E430,Adreno 200
Optimus L1 II E410,Adreno 200
Nexus 4 E960,Adreno 320
Spectrum II 4G VS930,Adreno 225
Mach LS860,Adreno 225
Optimus Vu II,Adreno 225
Optimus Vu II F200,Adreno 225
Optimus G E970,Adreno 320
Optimus G LS970,Adreno 320
Optimus G E975,Adreno 320
Splendor US730,Adreno 205
Escape P870,Adreno 225
Optimus L5 Dual E615,Adreno 200
Optimus L9 P760,PowerVR SGX540
Motion 4G MS770,Adreno 225
Optimus Vu P895,ULP GeForce
Optimus L3 E405,Adreno 200
Optimus Elite LS696,Adreno 205
Optimus LTE2,Adreno 225
Optimus True HD LTE P936,Adreno 220
Lucid 4G VS840,Adreno 220
Optimus M+ MS695,Adreno 200
Optimus 4X HD P880,ULP GeForce
Optimus 3D Max P720,PowerVR SGX540
Optimus L7 P700,Adreno 200
Optimus L5 E610,Adreno 200
Optimus Vu F100S,Adreno 220
Optimus L3 E400,Adreno 200
Connect 4G MS840,Adreno 220
Viper 4G LTE LS840,Adreno 220
Spectrum VS920,Adreno 220
Prada 3.0,PowerVR SGX540
Nitro HD,Adreno 220
Optimus 4G LTE P935,Adreno 220
Enlighten VS700,Adreno 200
Jil Sander Mobile,Adreno 200
Optimus LTE SU640,Adreno 220
Optimus LTE LU6200,Adreno 220
Optimus EX SU880,ULP GeForce
Optimus Q2 LU6500,ULP GeForce
Optimus Hub E510,Adreno 200
Optimus Sol E730,Adreno 205
Optimus Net Dual,Adreno 200
Optimus Net,Adreno 200
Esteem MS910,Adreno 205
Optimus Black (White version),PowerVR SGX530
Optimus Pro C660,Adreno 200
A290,Mediatek MT6253
Optimus Big LU6800,PowerVR SGX530
US760 Genesis,Adreno 200
Phoenix P505,Adreno 200
Thrive P506,Adreno 200
Thrill 4G P925,PowerVR SGX540
Optimus 3D P920,PowerVR SGX540
Optimus Pad V900,ULP GeForce
Optimus Me P350,Adreno 200
Optimus Black P970,PowerVR SGX530
Optimus 2X SU660,ULP GeForce
Optimus 2X,ULP GeForce
Optimus Mach LU3000,PowerVR SGX530
Revolution,Adreno 205
Axis,Adreno 200
Apex,Adreno 200
Quantum,Adreno 200
C900 Optimus 7Q ,Adreno 200
E900 Optimus 7,Adreno 200
Optimus One P500,Adreno 200
GW910,Adreno 200
C710 Aloha,Adreno 200
Fathom VS750,Adreno 200
Optimus Z,Adreno 200
Optimus Q LU2300,Adreno 200
KU2100,Adreno 130
GW820 eXpo,Adreno 200
GM750,Adreno 130
GM730 Eigen,Adreno 130
CT810 Incite,Adreno 130
KS20,Adreno 130
G4 Pro,Adreno 530
C210,Adreno 610
G310,Adreno 619
G42,Adreno 619
C300,Adreno 610
C110,PowerVR GE8320
XR21,Adreno 619
C12 Plus,IMG8322
C12 Pro,IMG8322
C32,IMG8322
C22,IMG8322
G22,Mali-G57 MP1
C12,IMG8322
2780 Flip,Adreno 308
X30,Adreno 619
G100,Adreno 610
G60,Adreno 619
C31,IMG8322
T21,Mali-G57
G400,Adreno 619
T10,Mali-G57 MP1
G11 Plus,Mali-G57 MP1
C200,PowerVR GE8320
C100,PowerVR GE8320
C21 Plus,IMG8322
C21,IMG8322
G11,Mali-G57 MP1
G21,Mali-G57 MP1
X100,Adreno 619
G300,Adreno 619
T20,Mali-G52 MP2
G50,Adreno 619
XR20,Adreno 619
C30,IMG8322
C1 2nd Edition,Mali-400 MP2
C20 Plus,IMG8322
C01 Plus,IMG8322
X20,Adreno 619
X10,Adreno 619
G20,PowerVR GE8320
G10,PowerVR GE8320
C20,IMG8322
C10,Mali-400 MP2
1.4,Adreno 308
5.4,Adreno 610
8000 4G,Adreno 304
6300 4G,Adreno 304
8 V 5G UW,Adreno 620
2 V Tella,PowerVR GE8320
3.4,Adreno 610
2.4,PowerVR GE8320
C3,IMG8322
C5 Endi,PowerVR GE8320
C2 Tennen,PowerVR GE8320
C2 Tava,PowerVR GE8320
8.3 5G,Adreno 620
5.3,Adreno 610
1.3,Adreno 308
2.3,PowerVR GE8320
7.2,Adreno 512
6.2,Adreno 509
800 Tough,Adreno 304
2720 V Flip,Adreno 304
2720 Flip,Adreno 304
3.1 C,Adreno 504
3.1 A,Adreno 504
2.2,PowerVR GE8320
X71,Adreno 512
9 PureView,Adreno 630
4.2,Adreno 505
3 V,Adreno 504
3.2,Adreno 504
1 Plus,PowerVR GE8100
8.1 (Nokia X7),Adreno 616
3.1 Plus,PowerVR GE8320 - GlobalAdreno 505 - USA
7.1,Adreno 509
6.1 Plus (Nokia X6),Adreno 509
5.1 Plus (Nokia X5),Mali-G72 MP3
5.1,Mali-T860MP2
3.1,Mali-T860MP2
2.1,Adreno 308
8110 4G,Adreno 304
8 Sirocco,Adreno 540
7 plus,Adreno 512
6.1,Adreno 508
1,Mali-T720MP1
2,Adreno 304
7,Adreno 508
8,Adreno 540
3,Mali-T720MP1
5,Adreno 505
6,Adreno 505
Lumia 638,Adreno 305
N1,PowerVR G6430
Lumia 730 Dual SIM,Adreno 305
Lumia 735,Adreno 305
Lumia 830,Adreno 305
Lumia 530 Dual SIM,Adreno 302
Lumia 530,Adreno 302
X2 Dual SIM,Adreno 302
Lumia 930,Adreno 330
Lumia 635,Adreno 305
Lumia 630 Dual SIM,Adreno 305
Lumia 630,Adreno 305
XL,Adreno 203
X+,Adreno 203
X,Adreno 203
Lumia Icon,Adreno 330
Lumia 525,Adreno 305
Lumia 1520,Adreno 330
Lumia 1320,Adreno 305
Lumia 2520,Adreno 330
Lumia 625,Adreno 305
Lumia 1020,Adreno 225
Lumia 925,Adreno 225
Lumia 928,Adreno 225
Lumia 720,Adreno 305
Lumia 520,Adreno 305
Lumia 505,Adreno 200
Lumia 620,Adreno 305
Lumia 822,Adreno 225
Lumia 510,Adreno 200
Lumia 810,Adreno 225
Lumia 920,Adreno 225
Lumia 820,Adreno 225
Lumia 610 NFC,Adreno 200
808 PureView,Broadcom BCM2763
800c,Adreno 205
Lumia 610,Adreno 200
Lumia 900,Adreno 205
Lumia 900 AT&T,Adreno 205
Lumia 800,Adreno 205
Lumia 710 T-Mobile,Adreno 205
Lumia 710,Adreno 205
N9,PowerVR SGX530
N950,PowerVR SGX530
Oro,Broadcom BCM2727
X7-00,Broadcom BCM2727
C7 Astound,Broadcom BCM2727
E7,Broadcom BCM2727
C6-01,Broadcom BCM2727
C7,Broadcom BCM2727
N8,Broadcom BCM2727
N900,PowerVR SGX530
N82,3D Graphics HW Accelerator
N95 8GB,3D Graphics HW Accelerator
N93i,3D Graphics HW Accelerator
N95,3D Graphics HW Accelerator
N93,3D Graphics HW Accelerator
G,Adreno 610
7.3,Adreno 619L
9.3 PureView,Adreno 650
Galaxy S24 Ultra,Adreno 750 (1 GHz)
Galaxy S24+,Adreno 750 (1 GHz) - USA/Canada/ChinaXclipse 940 - International
Galaxy S24,Adreno 750 (1 GHz) - USA/Canada/ChinaXclipse 940 - International
Galaxy Xcover7,Mali-G57 MC2
Galaxy A25,Mali-G68
Galaxy A15 5G,Mali-G57 MC2
Galaxy A15,Mali-G57 MC2
Galaxy Tab A9+,Adreno 619
Galaxy Tab A9,Mali-G57 MC2
Galaxy S23 FE,Xclipse 920 - InternationalAdreno 730 - USA
Galaxy Tab S9 FE+,Mali-G68 MP5
Galaxy Tab S9 FE,Mali-G68 MP5
Galaxy A05s,Adreno 610
Galaxy A05,Mali-G52 MC2
Galaxy F34,Mali-G68
Galaxy Z Fold5,Adreno 740
Galaxy Z Flip5,Adreno 740
Galaxy Tab S9 Ultra,Adreno 740
Galaxy Tab S9+,Adreno 740
Galaxy Tab S9,Adreno 740
Galaxy Watch6 Classic,Mali-G68
Galaxy Watch6,Mali-G68
Galaxy M34 5G,Mali-G68
Galaxy F54,Mali-G68 MP5
Galaxy A24 4G,Mali-G57 MC2
Galaxy F14,Mali-G68 MP2
Galaxy M54,Mali-G68 MP5
Galaxy A54,Mali-G68 MP5
Galaxy A34,Mali-G68 MC4
Galaxy M14,Mali-G68 MP2
Galaxy S23 Ultra,Adreno 740
Galaxy S23+,Adreno 740
Galaxy S23,Adreno 740
Galaxy A14,Mali-G52 MC2
Galaxy A14 5G,Mali-G68 MP2 - SM-A146BMali-G57 MC2 - SM-A146P
Galaxy F04,PowerVR GE8320
Galaxy M04,PowerVR GE8320
Galaxy Tab A7 10.4 (2022),Mali G52 MP2
Galaxy A04e,PowerVR GE8320
Galaxy Tab Active4 Pro,Adreno 642L
Galaxy A04s,Mali-G52
Galaxy A04,PowerVR GE8320
Galaxy Z Fold4,Adreno 730
Galaxy Z Flip4,Adreno 730
Galaxy Watch5 Pro,Mali-G68
Galaxy Watch5,Mali-G68
Galaxy A23 5G,Adreno 619
Galaxy M13 5G,Mali-G57 MC2
Galaxy M13 (India),Mali-G52
Galaxy A13 (SM-A137),Mali-G52 MC2
Galaxy Xcover6 Pro,Adreno 642L
Galaxy F13,Mali-G52
Galaxy M13,Mali-G52
Galaxy Tab S6 Lite (2022),Adreno 618
Galaxy M53,Mali-G68 MC4
Galaxy S20 FE 2022,Adreno 650
Galaxy A73 5G,Adreno 642L
Galaxy A53 5G,Mali-G68
Galaxy A33 5G,Mali-G68
Galaxy F23,Adreno 619
Galaxy M33,Mali-G68
Galaxy M23,Adreno 619
Galaxy A23,Adreno 610
Galaxy A13,Mali-G52
Galaxy S22 Ultra 5G,Xclipse 920 - EuropeAdreno 730 - ROW
Galaxy S22+ 5G,Xclipse 920 - EuropeAdreno 730 - ROW
Galaxy S22 5G,Xclipse 920 - EuropeAdreno 730 - ROW
Galaxy Tab S8 Ultra,Adreno 730
Galaxy Tab S8+,Adreno 730
Galaxy Tab S8,Adreno 730
Galaxy S21 FE 5G,Adreno 660 - Version 1Mali-G78 MP14 - Version 2
Galaxy Tab A8 10.5 (2021),Mali G52 MP2
Galaxy A13 5G,Mali-G57 MC2
Galaxy A03,Mali-G57 MP1
Galaxy A03 Core,IMG8322
Galaxy F42 5G,Mali-G57 MC2
Galaxy M52 5G,Adreno 642L
Galaxy M22,Mali-G52 MC2
Galaxy M32 5G,Mali-G57 MC3
Galaxy A03s,PowerVR GE8320
Galaxy A52s 5G,Adreno 642L
Galaxy Z Fold3 5G,Adreno 660
Galaxy Z Flip3 5G,Adreno 660
Galaxy Watch4 Classic,Mali-G68
Galaxy Watch4,Mali-G68
Galaxy A12 (India),Mali-G52
Galaxy A12 Nacho,Mali-G52
Galaxy M21 2021,Mali-G72 MP3
Galaxy F22,Mali-G52 MC2
Galaxy M32,Mali-G52 MC2
Galaxy A22 5G,Mali-G57 MC2
Galaxy A22,Mali-G52 MC2
Galaxy Tab A7 Lite,PowerVR GE8320
Galaxy Tab S7 FE,Adreno 619 - 5G modelAdreno 642L - Wi-Fi model
Galaxy F52 5G,Adreno 619
Galaxy M42 5G,Adreno 619
Galaxy M12,Mali-G52
Galaxy Quantum 2,Adreno 640 (700 MHz)
Galaxy F12,Mali-G52
Galaxy F02s,Adreno 506
Galaxy A72,Adreno 618
Galaxy A52 5G,Adreno 619
Galaxy A52,Adreno 618
Galaxy Xcover 5,Mali-G52
Galaxy A32,Mali-G52 MC2
Galaxy M62,Mali-G76 MP12
Galaxy F62,Mali-G76 MP12
Galaxy M12 (India),Mali-G52
Galaxy S21 Ultra 5G,Mali-G78 MP14 - InternationalAdreno 660 - USA/China
Galaxy S21+ 5G,Mali-G78 MP14 - InternationalAdreno 660 - USA/China
Galaxy S21 5G,Mali-G78 MP14 - InternationalAdreno 660 - USA/China
Galaxy A32 5G,Mali-G57 MC3
Galaxy M02s,Adreno 506
Galaxy A12,PowerVR GE8320
Galaxy M02,PowerVR GE8100
Galaxy A02,PowerVR GE8100
Galaxy A02s,Adreno 506
Galaxy M21s,Mali-G72 MP3
Galaxy M31 Prime,Mali-G72 MP3
Galaxy F41,Mali-G72 MP3
Galaxy Tab Active3,Mali-G72 MP18
Galaxy S20 FE 5G,Adreno 650
Galaxy S20 FE,Mali-G77 MP11 - Version 1Adreno 650 - Version 2
Galaxy A42 5G,Adreno 619
Galaxy Tab A7 10.4 (2020),Adreno 610
Galaxy M51,Adreno 618
Galaxy A51 5G UW,Adreno 620
Galaxy Z Fold2 5G,Adreno 650
Galaxy Note20 Ultra 5G,Mali-G77 MP11 - GlobalAdreno 650 - USA
Galaxy Note20 Ultra,Mali-G77 MP11 - GlobalAdreno 650 - USA
Galaxy Note20 5G,Mali-G77 MP11 - GlobalAdreno 650 - USA
Galaxy Note20,Mali-G77 MP11 - GlobalAdreno 650 - USA
Galaxy Watch3,Mali-T720
Galaxy Tab S7+,Adreno 650
Galaxy Tab S7,Adreno 650
Galaxy Z Flip 5G,Adreno 650
Galaxy M31s,Mali-G72 MP3
Galaxy M01s,PowerVR GE8320
Galaxy M01 Core,PowerVR GE8100
Galaxy A01 Core,PowerVR GE8100
Galaxy A71 5G UW,Adreno 620
Galaxy M01,Adreno 505
Galaxy A21s,Mali-G52
Galaxy J2 Core (2020),Adreno 308
Galaxy A Quantum,Mali-G76 MP5
Galaxy A71 5G,Mali-G76 MP5
Galaxy A51 5G,Mali-G76 MP5
Galaxy A21,PowerVR GE8320
Galaxy Tab A 8.4 (2020),Mali-G71 MP2
Galaxy Tab S6 Lite,Mali-G72 MP3
Galaxy M11,Adreno 506
Galaxy A31,Mali-G52 MC2
Galaxy A41,Mali-G52 MC2
Galaxy M21,Mali-G72 MP3
Galaxy A11,Adreno 506
Galaxy M31,Mali-G72 MP3
Galaxy S20 Ultra 5G,Mali-G77 MP11 - GlobalAdreno 650 - USA
Galaxy S20 Ultra,Mali-G77 MP11Adreno 650
Galaxy S20+ 5G,Mali-G77 MP11 - GlobalAdreno 650 - USA
Galaxy S20+,Mali-G77 MP11 - GlobalAdreno 650 - USA
Galaxy S20 5G UW,Adreno 650
Galaxy S20 5G,Mali-G77 MP11 - GlobalAdreno 650 - USA
Galaxy S20,Mali-G77 MP11 - GlobalAdreno 650 - USA
Galaxy Z Flip,Adreno 640 (700 MHz)
Galaxy Tab S6 5G,Adreno 640 (700 MHz)
Galaxy Xcover Pro,Mali-G72 MP3
Galaxy Note10 Lite,Mali-G72 MP18
Galaxy S10 Lite,Adreno 640
Galaxy A01,Adreno 505
Galaxy A71,Adreno 618
Galaxy A51,Mali-G72 MP3
Galaxy Xcover FieldPro,Mali-G72 MP18
Galaxy A70s,Adreno 612
Galaxy A20s,Adreno 506
Galaxy M30s,Mali-G72 MP3
Galaxy M10s,Mali-G71 MP2
Galaxy Fold 5G,Adreno 640
Galaxy Fold,Adreno 640
Galaxy Tab Active Pro,Adreno 616
Galaxy A90 5G,Adreno 640
Galaxy A30s,Mali-G71 MP2
Galaxy A50s,Mali-G72 MP3
Galaxy Note10+ 5G,Mali-G76 MP12 - EMEA/LATAMAdreno 640 - USA/China
Galaxy Note10+,Mali-G76 MP12 - EMEA/LATAMAdreno 640 - USA/China
Galaxy Note10 5G,Mali-G76 MP12 - EMEA/LATAMAdreno 640 - USA/China
Galaxy Note10,Mali-G76 MP12 - EMEA/LATAMAdreno 640 - USA/China
Galaxy Watch Active2,Mali-T720
Galaxy Watch Active2 Aluminum,Mali-T720
Galaxy A10s,PowerVR GE8320
Galaxy A10e,Mali-G71 MP2
Galaxy Tab S6,Adreno 640
Galaxy Tab A 8.0 (2019),Adreno 504
Galaxy Xcover 4s,Mali-G71 MP2
Galaxy A2 Core,Mali-T830 MP1
Galaxy Watch Active,Mali-T720
Galaxy View2,Mali-G71 MP2
Galaxy S10 5G,Mali-G76 MP12 - GlobalAdreno 640 - USA
Galaxy S10+,Mali-G76 MP12 - EMEA/LATAMAdreno 640 - USA/China
Galaxy S10,Mali-G76 MP12 - EMEA/LATAMAdreno 640 - USA/China
Galaxy S10e,Mali-G76 MP12 - EMEA/LATAMAdreno 640 - USA/China
Galaxy M40,Adreno 612
Galaxy M30,Mali-G71 MP2
Galaxy M20,Mali-G71 MP2
Galaxy M10,Mali-T830 MP1
Galaxy A80,Adreno 618
Galaxy A70,Adreno 612
Galaxy A60,Adreno 612
Galaxy A50,Mali-G72 MP3
Galaxy A40,Mali-G71 MP2
Galaxy A30,Mali-G71 MP2
Galaxy A20e,Mali-G71 MP2
Galaxy A20,Mali-G71 MP2
Galaxy A10,Mali-G71 MP2
Galaxy Tab S5e,Adreno 615
Galaxy Tab A 10.1 (2019),Mali-G71 MP2
Galaxy Tab A 8.0 & S Pen (2019),Mali-G71 MP2
Galaxy Tab Advanced2,Mali-T830 MP1
Galaxy Tab A 8.0 (2018),Adreno 308
Galaxy Tab S4 10.5,Adreno 540
Galaxy Tab A 10.5,Adreno 506
Galaxy A8s,Adreno 616
Galaxy A6s,Adreno 512
Galaxy A9 (2018),Adreno 512
Galaxy A7 (2018),Mali-G71
Galaxy Note9,"Mali-G72 MP18 - EMEAAdreno 630 - USA/LATAM, China"
Galaxy Watch,Mali-T720
Galaxy J6+,Adreno 308
Galaxy J4 Core,Adreno 308
Galaxy J4+,Adreno 308
Galaxy J2 Core,Mali-T720
Galaxy On6,Mali-T830 MP1
Galaxy J7 (2018),Mali-T830 MP1
Galaxy J3 (2018),Mali-T720
Galaxy A8 Star (A9 Star),Adreno 512
Galaxy S Light Luxury,Adreno 512
Galaxy J8,Adreno 506
Galaxy J6,Mali-T830 MP1
Galaxy J4,Mali-T720 MP2
Galaxy A6+ (2018),Adreno 506
Galaxy A6 (2018),Mali-T830 MP1
Galaxy J7 Duo,Mali-G71
Galaxy J7 Prime 2,Mali-T830 MP1
Galaxy S9+,"Mali-G72 MP18 - EMEAAdreno 630 - USA/LATAM, China"
Galaxy S9,"Mali-G72 MP18 - EMEAAdreno 630 - USA/LATAM, China"
Galaxy J2 Pro (2018),Adreno 308
Galaxy A8+ (2018),Mali-G71
Galaxy A8 (2018),Mali-G71
Galaxy J2 (2017),Mali-T720
Galaxy Tab Active 2,Mali-T830 MP1
Galaxy Tab A 8.0 (2017),Adreno 308
Gear Sport,Mali-400MP2
Galaxy Note8,Mali-G71 MP20 - EMEAAdreno 540 - USA & China
Galaxy S8 Active,Adreno 540
Galaxy J7 V,Adreno 506
Galaxy Note FE,Mali-T880 MP12
Galaxy J7 Max,Mali-T880MP2
Galaxy J7 (2017),Mali-T830 MP1
Galaxy J7 Pro,Mali-T830 MP1
Galaxy J5 (2017),Mali-T830 MP1
Galaxy J3 (2017),Mali-T720 MP2
Galaxy Folder2,Adreno 308
Galaxy S8,Mali-G71 MP20 - EMEAAdreno 540 - USA & China
Galaxy S8+,Mali-G71 MP20 - EMEAAdreno 540 - USA & China
Galaxy C5 Pro,Adreno 506
Galaxy Xcover 4,Mali-T720 MP2
Galaxy Tab S3 9.7,Adreno 530
Galaxy J1 mini prime,Mali-400MP2
Galaxy J3 Emerge,"Adreno 505 - SprintAdreno 308 - BoostMobile, Cricket, T-Mobile"
Galaxy C7 Pro,Adreno 506
Galaxy A7 (2017),Mali-T830MP3
Galaxy A5 (2017),Mali-T830MP3
Galaxy A3 (2017),Mali-T830 MP1
Galaxy Grand Prime Plus,Mali-T720MP2
Galaxy J2 Prime,Mali-T720MP2
Galaxy C9 Pro,Adreno 510
Galaxy A8 (2016),Mali-T760MP8
Galaxy On8,Mali-T720MP2
Galaxy On7 (2016),Adreno 506
Galaxy J5 Prime,Mali-T720 MP2
Galaxy J7 Prime,Mali-T830 MP1
Z2,Mali-400MP2
Galaxy Note7 (USA),Adreno 530
Galaxy Note7,Mali-T880 MP12
Galaxy On7 Pro,Adreno 306
Galaxy On5 Pro,Mali-T720
Galaxy Tab J,Mali-400MP2
Galaxy J Max,Mali-400MP2
Galaxy J2 Pro (2016),Mali-400MP2
Galaxy J2 (2016),Mali-400MP2
Z3 Corporate,Adreno 306
Galaxy Xcover 3 G389F,Mali-T720
Galaxy S7 active,Adreno 530
Galaxy J3 Pro,Adreno 306
Galaxy C7,Adreno 506
Galaxy C5,Adreno 405
Galaxy A9 Pro (2016),Adreno 510
Galaxy J7 (2016),Adreno 405Mali-T830 MP1
Galaxy J5 (2016),Adreno 306
Galaxy Tab A 10.1 (2016),Mali-T830 MP1
Galaxy Tab A 7.0 (2016),Adreno 306Mali-400MP2
Galaxy S7,Mali-T880 MP12
Galaxy S7 edge,"Adreno 530 - G9350Mali-T880 MP12 - G935FD, G935F, G935W8"
Galaxy S7 edge (USA),Adreno 530
Galaxy S7 (USA),Adreno 530
Galaxy J1 Nxt,Mali-400MP2
Gear S2 classic 3G,Mali-400MP2
Galaxy Tab E 8.0,Adreno 306
Galaxy J1 (2016),Mali-400
Galaxy A9 (2016),Adreno 510
Galaxy A7 (2016),Mali-T720MP2Adreno 405 - China
Galaxy A5 (2016),Mali-T720MP2Adreno 405 - China only
Galaxy A3 (2016),Mali-T720MP2Adreno 306
Galaxy Express Prime,Mali-T720
Galaxy J3 (2016),Mali-400Mali-T720 - USA
Galaxy View,Mali-T720MP2
Galaxy On7,Adreno 306
Galaxy On5,Mali-T720
Z3,Mali-400
Galaxy J1 Ace,Mali-400MP2Vivante GC7000 UL - J110L
Gear S2 classic,Mali-400MP2
Gear S2,Mali-400MP2
Galaxy Note5 (USA),Mali-T760MP8
Galaxy Note5,Mali-T760MP8
Galaxy Note5 Duos,Mali-T760MP8
Galaxy S6 edge+ (USA),Mali-T760MP8
Galaxy S6 edge+,Mali-T760MP8
Galaxy S6 edge+ Duos,Mali-T760MP8
Galaxy S5 Neo,Mali-T720MP2
Galaxy S4 mini I9195I,Adreno 306
Galaxy Tab S2 9.7,"Mali-T760 MP6 - T810, T815Adreno 510 - T813N, T819N"
Galaxy Tab S2 8.0,"Mali-T760 MP6 - T710, T715Adreno 510 - T719N"
Galaxy A8 Duos,Adreno 405 - A800YMali-T628 MP6 - A800F
Galaxy A8,Adreno 405
Galaxy J7 Nxt,Mali-T830 MP1
Galaxy J7,Adreno 405Mali-T720MP2
Galaxy J5,Adreno 306
Galaxy Tab 4 10.1 (2015),Adreno 306
Galaxy S6 active,Mali-T760MP8
Galaxy Xcover 3,Vivante GC7000
Galaxy S6 edge (USA),Mali-T760MP8
Galaxy S6 (USA),Mali-T760MP8
Galaxy S6 edge,Mali-T760MP8
Galaxy S6 Duos,Mali-T760MP8
Galaxy S6,Mali-T760MP8
Galaxy J2,Mali-T720
Galaxy J1,Mali-400
Galaxy Tab 3 Lite 7.0 VE,Mali-400MP
Z1,Mali-400
Galaxy A7 Duos,Adreno 405
Galaxy A7,Adreno 405 - A700FDMali-T628 MP6 - A700F
Galaxy Grand Max,Adreno 306
Galaxy E7,Adreno 306
Galaxy E5,Adreno 306
Galaxy Core Prime,Adreno 306
Galaxy A5 Duos,Adreno 306
Galaxy A5,Adreno 306
Galaxy A3 Duos,Adreno 306
Galaxy A3,Adreno 306
Galaxy S5 Plus,Adreno 420
Galaxy Pocket 2,Mali-400
Galaxy Grand Prime Duos TV,Adreno 306
Galaxy Grand Prime,Adreno 306Mali-400 (Value Edition)
Galaxy Ace Style LTE G357,Adreno 306
Galaxy Note Edge,Adreno 420
Galaxy Note 4 Duos,Adreno 420
Galaxy Note 4 (USA),Adreno 420
Galaxy Note 4,Adreno 420 (Snapdragon 805)Mali-T760 MP6 (Exynos 5433)
Galaxy Tab Active LTE,Adreno 305
Galaxy Tab Active,Adreno 305
Galaxy Mega 2,Mali-400MP4 (SM-G750F)Adreno 306 (SM-G7508)
Gear S,Adreno 305
Gear 2 Neo,Mali-400MP2
Gear Live,Adreno 305
Gear 2,Mali-400MP2
Galaxy S5 LTE-A G901F,Adreno 420
Galaxy Alpha (S801),Adreno 330
Galaxy Alpha,Mali-T628 MP6
Galaxy Avant,Adreno 305
Galaxy Tab 4 8.0 (2015),Adreno 306
Galaxy S5 mini,Mali-400MP4
Galaxy S5 Sport,Adreno 330
Galaxy S5 LTE-A G906S,Adreno 420
Galaxy Tab S 8.4 LTE,Adreno 330 (S800)Mali-T628MP6 (Exynos 5420)
Galaxy Tab S 8.4,Mali-T628 MP6
Galaxy Tab S 10.5 LTE,Adreno 330 (S800)Mali-T628MP6 (Exynos 5420)
Galaxy Tab S 10.5,Mali-T628 MP6
I9301I Galaxy S3 Neo,Adreno 305
Galaxy S5 Active,Adreno 330
Galaxy K zoom,Mali-T624 MP4
I9300I Galaxy S3 Neo,Adreno 305
ATIV SE,Adreno 330
Galaxy Tab 4 7.0 3G,Vivante GC1000
Galaxy Tab 4 7.0 LTE,Mali-400MP4
Galaxy Tab 4 8.0,Adreno 305
Galaxy Tab 4 10.1,Adreno 305
Galaxy S5 Duos,Adreno 330
Galaxy S5 (octa-core),Mali-T628 MP6
Galaxy S5 (USA),Adreno 330
Galaxy S5,Adreno 330
Galaxy Star Trios S5283,Adreno 200
Galaxy Note 3 Neo Duos,Adreno 305
Galaxy Note 3 Neo,Mali-T624 MP4
Galaxy Tab 3 Lite 7.0 3G,Vivante GC1000
Galaxy Tab 3 Lite 7.0,Vivante GC1000
Galaxy Grand Neo,Broadcom VideoCore IVMali-400MP2 - GT-I9060I
Galaxy Note Pro 12.2 LTE,Adreno 330
Galaxy Note Pro 12.2 3G,Mali-T628 MP6
Galaxy Note Pro 12.2,Mali-T628 MP6
Galaxy Tab Pro 12.2 LTE,Adreno 330
Galaxy Tab Pro 12.2 3G,Mali-T628 MP6
Galaxy Tab Pro 12.2,Mali-T628 MP6
Galaxy Tab Pro 10.1 LTE,Adreno 330
Galaxy Tab Pro 10.1,Mali-T628 MP6
Galaxy Tab Pro 8.4 3G/LTE,Adreno 330
Galaxy Tab Pro 8.4,Adreno 330
Galaxy S4 Active LTE-A,Adreno 330
Galaxy J,Adreno 330
Galaxy S Duos 2 S7582,Broadcom VideoCore IV
Galaxy Grand 2,Adreno 305
I9230 Galaxy Golden,Adreno 305
Galaxy Express 2,Adreno 305
I9506 Galaxy S4,Adreno 330
Galaxy Round G910S,Adreno 330
Galaxy Note 10.1 (2014),Adreno 330 (LTE model)
Galaxy Note 3,"Adreno 330 - N9005, N9002Mali-T628 MP6 - N9000"
Galaxy Prevail 2,Adreno 205
Galaxy S4 zoom,Mali-400
Galaxy Ace 3,Broadcom VideoCore IV (3G) / Adreno 305 (LTE)
I9190 Galaxy S4 mini,Adreno 305
I9295 Galaxy S4 Active,Adreno 320
Galaxy Tab 3 8.0,Mali-400MP4
Galaxy Tab 3 10.1 P5220,PowerVR SGX544MP2
Galaxy Tab 3 10.1 P5200,PowerVR SGX544MP2
Galaxy Tab 3 10.1 P5210,PowerVR SGX544MP2
Galaxy Exhibit T599,Mali-400MP4
Galaxy Core I8260,Adreno 203
Galaxy Tab 3 7.0 WiFi,PowerVR SGX540
Galaxy Tab 3 7.0,PowerVR SGX540
Galaxy Mega 6.3 I9200,Adreno 305
Galaxy Win I8550,Adreno 203
Galaxy Star S5280,Mali-300
I9505 Galaxy S4,Adreno 320
I9500 Galaxy S4,PowerVR SGX544MP3
I9502 Galaxy S4,PowerVR SGX544MP3
Galaxy S4 CDMA,Adreno 320
Galaxy Note 8.0,Mali-400MP4
Galaxy Note 8.0 Wi-Fi,Mali-400MP4
Galaxy Young S6310,Adreno 200
Galaxy Fame S6810,Broadcom VideoCore IV
Galaxy Express I8730,Adreno 305
S7710 Galaxy Xcover 2,Mali-400
Ativ Odyssey I930,Adreno 225
I9105 Galaxy S II Plus,Broadcom VideoCore IV
Galaxy Grand I9082,Broadcom VideoCore IV
Galaxy Grand I9080,Broadcom VideoCore IV
Galaxy Note LTE 10.1 N8020,Mali-400MP4
Galaxy Stratosphere II I415,Adreno 225
Galaxy Discover S730M,Adreno 200
Galaxy Pop SHV-E220,Mali-400MP4
Galaxy Premier I9260,PowerVR SGX544
Google Nexus 10 P8110,Mali-T604 MP4
Ativ Tab P8510,Adreno 305
I8190 Galaxy S III mini,Mali-400
Galaxy Rugby Pro I547,Adreno 305
Galaxy Express I437,Adreno 225
I9305 Galaxy S III,Mali-400MP4
Galaxy Victory 4G LTE L300,Adreno 225
Galaxy S Relay 4G T699,Adreno 225
Galaxy Note II N7100,Mali-400MP4
Galaxy Note II CDMA,Mali-400MP4
Ativ S I8750,Adreno 225
Galaxy Camera GC100,Mali-400MP4
Galaxy Rush M830,Adreno 205
Galaxy Stellar 4G I200,Adreno 225
Galaxy Reverb M950,Adreno 205
Galaxy Tab 2 7.0 I705,Adreno 225
Galaxy Note 10.1 N8000,Mali-400MP4
Galaxy Note 10.1 N8010,Mali-400MP4
Galaxy S Duos S7562,Adreno 200
Galaxy Appeal I827,Adreno 200
Galaxy Tab 8.9 4G P7320T,ULP GeForce
Focus 2 I667,Adreno 205
Galaxy S III T999,Adreno 225
Galaxy S III I747,Adreno 225
Galaxy S III CDMA,Adreno 225
I9300 Galaxy S III,Mali-400MP4
I8530 Galaxy Beam,Mali-400
Galaxy Tab 2 10.1 CDMA,Adreno 225
Galaxy Tab 2 10.1 P5110,PowerVR SGX540
Galaxy Tab 2 10.1 P5100,PowerVR SGX540
Rugby Smart I847,Adreno 205
W999,Adreno 220
Galaxy Ace 2 I8160,Mali-400
Galaxy mini 2 S6500,Adreno 200
Galaxy Pop Plus S5570i,Adreno 200
Galaxy Tab 2 7.0 P3110,PowerVR SGX540
Galaxy Tab 2 7.0 P3100,PowerVR SGX540
I9070 Galaxy S Advance,Mali-400
Galaxy Nexus I9250M,PowerVR SGX540
Galaxy S Blaze 4G T769,Adreno 220
Galaxy Tab 7.7 LTE I815,Mali-400MP4
Galaxy Note T879,Adreno 220
Galaxy Note I717,Adreno 220
Galaxy Ace Plus S7500,Adreno 200
I929 Galaxy S II Duos,Adreno 220
I110 Illusion,PowerVR SGX540
Galaxy S II Skyrocket i727,Adreno 220
Exhibit II 4G T679,Adreno 205
Galaxy Nexus i515,PowerVR SGX540
Galaxy Nexus I9250,PowerVR SGX540
I9100G Galaxy S II,PowerVR SGX540
i927 Captivate Glide,ULP GeForce
DoubleTime I857,Adreno 205
M930 Transform Ultra,Adreno 205
P6210 Galaxy Tab 7.0 Plus,Mali-400MP4
P6200 Galaxy Tab 7.0 Plus,Mali-400MP4
Omnia W I8350,Adreno 205
Galaxy S II HD LTE,Adreno 220
P6810 Galaxy Tab 7.7,Mali-400
P6800 Galaxy Tab 7.7,Mali-400
Galaxy Note N7000,Mali-400
Galaxy S II I777,Mali-400MP4
Galaxy S II X T989D,Adreno 220
Galaxy S II T989,Adreno 220
Galaxy S II Epic 4G Touch,Mali-400MP4
Galaxy S II LTE i727R,Adreno 220
Galaxy S II LTE I9210,Adreno 220
Galaxy W I8150,Adreno 205
Galaxy S II 4G I9100M,Mali-400MP4
I9103 Galaxy R,ULP GeForce
Exhibit 4G,PowerVR SGX540
I9001 Galaxy S Plus,Adreno 205
Google Nexus S I9020A,PowerVR SGX540
Google Nexus S I9023,PowerVR SGX540
P1010 Galaxy Tab Wi-Fi,PowerVR SGX530
P7500 Galaxy Tab 10.1 3G,ULP GeForce
Galaxy Tab 10.1 LTE I905,ULP GeForce
Galaxy Tab 10.1 P7510,ULP GeForce
Galaxy Tab 8.9 P7300,ULP GeForce
Galaxy Tab 8.9 P7310,ULP GeForce
Google Nexus S 4G,PowerVR SGX540
I9100 Galaxy S II,Mali-400MP4
P7100 Galaxy Tab 10.1v,ULP GeForce
I9003 Galaxy SL,PowerVR SGX530
Galaxy Ace S5830I,VideoCore IV
Galaxy Ace S5830,Adreno 200
Galaxy Gio S5660,Adreno 200
Galaxy Mini S5570,Adreno 200
Galaxy S 4G T959,PowerVR SGX540
Droid Charge I510,PowerVR SGX540
Google Nexus S,PowerVR SGX540
I9010 Galaxy S Giorgio Armani,PowerVR SGX540
Continuum I400,PowerVR SGX540
Focus,Adreno 200
I8700 Omnia 7,Adreno 200
S8530 Wave II,PowerVR SGX540
M210S Wave2,PowerVR SGX540
Galaxy Tab T-Mobile T849,PowerVR SGX540
P1000 Galaxy Tab,PowerVR SGX540
Galaxy Tab CDMA P100,PowerVR SGX540
Galaxy Tab 4G LTE,PowerVR SGX540
I909 Galaxy S,PowerVR SGX540
M130K Galaxy K,PowerVR SGX540
Mesmerize i500,PowerVR SGX540
Galaxy 551,Adreno 200
Fascinate,PowerVR SGX540
Vibrant,PowerVR SGX540
i897 Captivate,PowerVR SGX540
Epic 4G,PowerVR SGX540
M110S Galaxy S,PowerVR SGX540
Galaxy A,PowerVR SGX530
I9000 Galaxy S,PowerVR SGX540
S8500 Wave,PowerVR SGX540
Vodafone 360 H1,PowerVR SGX
Vodafone 360 M1,PowerVR SGX
B7320 OmniaPRO,Adreno 130 GPU
I7500 Galaxy,Adreno 130
i8910 Omnia HD,PowerVR SGX
G810,PowerVR MBX
i560,PowerVR MBX
i550,PowerVR MBX
i450,PowerVR MBX
i400,PowerVR MBX
i520,PowerVR MBX
Galaxy A04 Core,Mali-G52
Galaxy S21,Mali-G78 MP14 - InternationalAdreno 660
Galaxy A72 5G,Adreno 619
Galaxy A91,Adreno 640
Galaxy S9 Active,Adreno 630
Galaxy J5 Prime (2017),Mali-T720 MP2
Galaxy S7 mini,Adreno 530Mali-T880 MP12
Galaxy S6 Plus,Mali-T760MP8
Galaxy Grand 3,Adreno 306
Galaxy F,Adreno 420
Galaxy C10,Adreno 512
Xperia 5 V,Adreno 740
Xperia 1 V,Adreno 740
Xperia 10 V,Adreno 619
Xperia 5 IV,Adreno 730
Xperia 1 IV,Adreno 730
Xperia 10 IV,Adreno 619
Xperia Pro-I,Adreno 660
Xperia 10 III Lite,Adreno 619
Xperia 1 III,Adreno 660
Xperia 5 III,Adreno 660
Xperia 10 III,Adreno 619
Xperia Pro,Adreno 650
Xperia 5 II,Adreno 650
Xperia 1 II,Adreno 650
Xperia 10 II,Adreno 610
Xperia L4,PowerVR GE8320
Xperia 5,Adreno 640
Xperia 1,Adreno 640
Xperia 10 Plus,Adreno 509
Xperia 10,Adreno 508
Xperia L3,PowerVR GE8320
Xperia XA2 Plus,Adreno 508
Xperia XZ3,Adreno 630
Xperia XZ2 Premium,Adreno 630
Xperia XZ2,Adreno 630
Xperia XZ2 Compact,Adreno 630
Xperia XA2 Ultra,Adreno 508
Xperia XA2,Adreno 508
Xperia L2,Mali-T720MP2
Xperia R1 (Plus),Adreno 505
Xperia XZ1,Adreno 540
Xperia XA1 Plus,Mali-T880MP2
Xperia XZ1 Compact,Adreno 540
Xperia L1,Mali-T720MP2
Xperia XZs,Adreno 530
Xperia XZ Premium,Adreno 540
Xperia XA1 Ultra,Mali-T880MP2
Xperia XA1,Mali-T880MP2
Xperia X Compact,Adreno 510
Xperia XZ,Adreno 530
Xperia E5,Mali-T720MP2
Xperia XA Ultra,Mali-T860MP2
Xperia X Performance,Adreno 530
Xperia X,Adreno 510
Xperia XA Dual,Mali-T860MP2
Xperia XA,Mali-T860MP2
Xperia Z5 Premium Dual,Adreno 430
Xperia Z5 Premium,Adreno 430
Xperia Z5 Dual,Adreno 430
Xperia Z5,Adreno 430
Xperia Z5 Compact,Adreno 430
Xperia M5 Dual,PowerVR G6200
Xperia M5,PowerVR G6200
Xperia C5 Ultra Dual,Mali-T760MP2
Xperia C5 Ultra,Mali-T760MP2
Xperia Z4v,Adreno 430
Xperia Z3+ dual,Adreno 430
Xperia Z3+,Adreno 430
Xperia C4 Dual,Mali-T760MP2
Xperia C4,Mali-T760MP2
Xperia M4 Aqua Dual,Adreno 405
Xperia M4 Aqua,Adreno 405
Xperia Z4 Tablet WiFi,Adreno 430
Xperia Z4 Tablet LTE,Adreno 430
Xperia E4g,Mali-T760MP2
Xperia E4g Dual,Mali-T760MP2
Xperia E4 Dual,Mali-400MP2
Xperia E4,Mali-400MP2
Xperia E3 Dual,Adreno 305
Xperia E3,Adreno 305
Xperia Z3 Tablet Compact,Adreno 330
Xperia Z3 Dual,Adreno 330
Xperia Z3v,Adreno 330
Xperia Z3,Adreno 330
Xperia M2 Aqua,Adreno 305
Xperia Z3 Compact,Adreno 330
Xperia C3 Dual,Adreno 305
Xperia C3,Adreno 305
Xperia Z2a,Adreno 330
Xperia T3,Adreno 305
Xperia M2,Adreno 305
Xperia M2 dual,Adreno 305
Xperia Z2 Tablet LTE,Adreno 330
Xperia Z2 Tablet Wi-Fi,Adreno 330
Xperia Z2,Adreno 330
Xperia E1 dual,Adreno 302
Xperia E1,Adreno 302
Xperia T2 Ultra dual,Adreno 305
Xperia T2 Ultra,Adreno 305
Xperia Z1s,Adreno 330
Xperia Z1 Compact,Adreno 330
Xperia Z1,Adreno 330
Xperia Z Ultra,Adreno 330
Xperia C,PowerVR SGX544
Xperia M,Adreno 305
Xperia ZR,Adreno 320
Xperia L,Adreno 305
Xperia SP,Adreno 320
Xperia Tablet Z Wi-Fi,Adreno 320
Xperia Tablet Z LTE,Adreno 320
Xperia Z,Adreno 320
Xperia ZL,Adreno 320
Xperia E dual,Adreno 200
Xperia E,Adreno 200
Xperia T LTE,Adreno 225
Xperia Tablet S 3G,ULP GeForce
Xperia Tablet S,ULP GeForce
Xperia V,Adreno 225
Xperia J,Adreno 200
Xperia TX,Adreno 225
Xperia T,Adreno 225
Xperia SL,Adreno 220
Xperia tipo dual,Adreno 200
Xperia tipo,Adreno 200
Xperia miro,Adreno 200
Xperia go,Mali-400
Xperia acro S,Adreno 220
Xperia SX SO-05D,Adreno 225
Xperia GX SO-04D,Adreno 225
Xperia acro HD SO-03D,Adreno 220
Xperia acro HD SOI12,Adreno 220
Xperia neo L,Adreno 205
Xperia sola,Mali-400
Xperia U,Mali-400
Xperia P,Mali-400
Xperia S,Adreno 220
Xperia ion HSPA,Adreno 220
Xperia ion LTE,Adreno 220
Tablet P,ULP GeForce
Tablet P 3G,ULP GeForce
Tablet S 3G,ULP GeForce
Tablet S,ULP GeForce
Xperia LT29i Hayabusa,Adreno 225
Xperia 5 Plus,Adreno 640
Xperia X Ultra,Adreno 512
Xperia H8541,Adreno 540
Xperia M Ultra,Adreno 510
Xperia X Premium,Adreno 530
Xperia Z4 Ultra,Adreno 430
Xperia Z4 Compact,Adreno 430
D 2403,Adreno 305
Xperia C670X,Adreno 330
Redmi Note 13 Pro 4G,Mali-G57 MC2
Redmi Note 13 4G,Adreno 610
Redmi Note 13 Pro+,Mali-G610 MC4
Redmi Note 13 Pro,Adreno 710
Redmi Note 13,Mali-G57 MC2
Poco X6 Pro,Mali G615-MC6
Poco X6,Adreno 710
Poco M6 Pro,Mali-G57 MC2
Poco M6,Mali-G57 MC2
Redmi 13R,Mali-G57 MC2
Redmi 13C 5G,Mali-G57 MC2
Redmi K70 Pro,Adreno 750
Redmi K70,Adreno 740
Redmi K70E,Mali G615-MC6
Redmi Note 13R Pro,Mali-G57 MC2
Redmi 13C,Mali-G52 MC2
Poco C65,Mali-G52 MC2
14 Pro,Adreno 750
14,Adreno 750
13T Pro,Immortalis-G715 MC11
13T,Mali-G610 MC6
Redmi Note 13 (China),Mali-G57 MC2
Redmi Pad SE,Adreno 610
Redmi K60 Ultra,Immortalis-G715 MC11
Mix Fold 3,Adreno 740
Pad 6 Max 14,Adreno 730
Poco M6 Pro 5G,Adreno 613
Redmi 12 5G,Adreno 613
Redmi Note 12R,Adreno 613
Redmi Note 12R Pro,Adreno 619
Redmi 12,Mali-G52 MC2
Redmi Note 12T Pro,Mali-G610 MC6
Civi 3,Mali-G610 MC6
Poco F5 Pro,Adreno 730
Poco F5,Adreno 725
13 Ultra,Adreno 740
Pad 6 Pro,Adreno 730
Pad 6,Adreno 650
Poco C51,PowerVR GE8320
Redmi Note 12S,Mali-G57 MC2
Redmi Note 12 Pro 4G,Adreno 618
Redmi Note 12 Turbo,Adreno 725
Redmi A2+,PowerVR GE8320
Redmi A2,PowerVR GE8320
Redmi Note 12 4G,Adreno 610
13 Pro,Adreno 740
13,Adreno 740
13 Lite,Adreno 644
Poco C55,Mali-G52 MC2
Poco X5 Pro,Adreno 642L
Poco X5,Adreno 619
Redmi Note 12,Adreno 619
Poco C50,PowerVR GE8320
Redmi Note 12 Pro Speed,Adreno 642L
Redmi K60 Pro,Adreno 740
Redmi K60E,Mali-G610 MC6
Redmi K60,Adreno 730
Redmi 12C,Mali-G52 MC2
Redmi Note 12 Discovery,Mali-G68 MC4
Redmi Note 12 Pro+,Mali-G68 MC4
Redmi Note 12 Pro,Mali-G68 MC4
Redmi Note 12 (China),Adreno 619
12T Pro,Adreno 730
12T,Mali-G610 MC6
Redmi Pad,Mali-G57 MC2
Redmi Note 11R,Mali-G57 MC2
Redmi A1+,PowerVR GE8320
Civi 2,Adreno 644
Redmi 11 Prime,Mali-G57 MC2
Redmi 11 Prime 5G,Mali-G57 MC2
Redmi A1,PowerVR GE8320
Poco M5s,Mali-G76 MC4
Poco M5,Mali-G57 MC2
Poco M5 (India),Mali-G57 MC2
Redmi Note 11 SE (India),Mali-G76 MC4
Poco M4 5G,Mali-G57 MC2
Redmi K50 Ultra,Adreno 730
Mix Fold 2,Adreno 730
Pad 5 Pro 12.4,Adreno 650
Redmi K50i,Mali-G610 MC6
12 Lite,Adreno 642L
12S Ultra,Adreno 730
12S Pro,Adreno 730
12S,Adreno 730
12 Pro (Dimensity),Mali-G710 MC10
Poco F4,Adreno 650
Poco X4 GT,Mali-G610 MC6
Poco C40,Mali-G57 MC1
Redmi Note 11T Pro+,Mali-G610 MC6
Redmi Note 11T Pro,Mali-G610 MC6
Redmi Note 11SE,Mali-G57 MC2
Redmi 10 Prime 2022,Mali-G52 MC2
Poco M4 5G (India),Mali-G57 MC2
Poco F4 GT,Adreno 730
Civi 1S,Adreno 642L
Redmi 10 Power,Adreno 610
Black Shark 5 Pro,Adreno 730
Black Shark 5,Adreno 650
Black Shark 5 RS,Adreno 660
Redmi 10A,PowerVR GE8320
Redmi Note 11S 5G,Mali-G57 MC2
Redmi 10 5G,Mali-G57 MC2
Redmi Note 11 Pro+ 5G,Mali-G68 MC4
Redmi K50 Pro,Mali-G710 MC10
Redmi K50,Mali-G610
Redmi K40S,Adreno 650
12 Pro,Adreno 730
12,Adreno 730
12X,Adreno 650
Redmi 10 (India),Adreno 610
Redmi 10C,Adreno 610
Redmi Note 11 Pro+ 5G (India),Adreno 619
Redmi Note 11E Pro,Adreno 619
Redmi Note 11E,Mali-G57 MC2
Poco X4 Pro 5G,Adreno 619
Poco M4 Pro,Mali-G57 MC2
Redmi K50 Gaming,Adreno 730
Redmi 10 2022,Mali-G52 MC2
Redmi Note 11 Pro 5G,Adreno 619
Redmi Note 11 Pro,Mali-G57 MC2
Redmi Note 11S,Mali-G57 MC2
Redmi Note 11,Adreno 610
11i HyperCharge 5G,Mali-G68 MC4
11i,Mali-G68 MC4
Redmi Note 11T 5G,Mali-G57 MC2
Redmi Note 11 4G,Mali-G52 MC2
Poco M4 Pro 5G,Mali-G57 MC2
Redmi Note 11 Pro (China),Mali-G68 MC4
Redmi Note 11 (China),Mali-G57 MC2
Black Shark 4S Pro,Adreno 660
Black Shark 4S,Adreno 650
Redmi Note 10 Lite,Adreno 618
Civi,Adreno 642L
Redmi 9i Sport,PowerVR GE8320
Redmi 9A Sport,PowerVR GE8320
Poco C31,PowerVR GE8320
Redmi 9 Activ,PowerVR GE8320
11T Pro,Adreno 660
11T,Mali-G77 MC9
11 Lite 5G NE,Adreno 642L
Redmi 10 Prime,Mali-G52 MC2
Redmi 10,Mali-G52 MC2
Pad 5 Pro,Adreno 650
Pad 5,Adreno 640
Mix 4,Adreno 660
Poco X3 GT,Mali-G77 MC9
Poco F3 GT,Mali-G77 MC9
Redmi Note 10T 5G,Mali-G57 MC2
Redmi Note 10 Pro (China),Mali-G77 MC9
Redmi Note 8 2021,Mali-G52 MC2
Poco M3 Pro 5G,Mali-G57 MC2
Redmi K40 Gaming,Mali-G77 MC9
Mi 11X Pro,Adreno 660
Mi 11X,Adreno 650
Poco M2 Reloaded,Mali-G52 MC2
Mi Mix Fold,Adreno 660
Mi 11 Ultra,Adreno 660
Mi 11 Pro,Adreno 660
Mi 11i,Adreno 660
Mi 11 Lite 5G,Adreno 642
Mi 11 Lite,Adreno 618
Black Shark 4 Pro,Adreno 660
Black Shark 4,Adreno 650
Poco X3 Pro,Adreno 640
Poco F3,Adreno 650
Mi 10S,Adreno 650
Redmi Note 10 Pro,Adreno 618
Redmi Note 10 5G,Mali-G57 MC2
Redmi Note 10S,Mali-G76 MC4
Redmi Note 10,Adreno 612
Redmi Note 10 Pro Max,Adreno 618
Redmi Note 10 Pro (India),Adreno 618
Redmi K40 Pro+,Adreno 660
Redmi K40 Pro,Adreno 660
Redmi K40,Adreno 650
Redmi Note 9T,Mali-G57 MC3
Redmi 9T,Adreno 610
Mi 10i 5G,Adreno 619
Mi 11,Adreno 660
Redmi 9 Power,Adreno 610
Redmi Note 9 Pro 5G,Adreno 619
Redmi Note 9 5G,Mali-G57 MC3
Redmi Note 9 4G,Adreno 610
Poco M3,Adreno 610
Redmi K30S,Adreno 650
Poco C3,PowerVR GE8320
Mi 10T Pro 5G,Adreno 650
Mi 10T 5G,Adreno 650
Mi 10T Lite 5G,Adreno 619
Redmi 9AT,PowerVR GE8320
Redmi 9i,PowerVR GE8320
Poco M2,Mali-G52 MC2
Poco X3,Adreno 618
Poco X3 NFC,Adreno 618
Redmi 9 (India),PowerVR GE8320
Mi 10 Ultra,Adreno 650
Redmi K30 Ultra,Mali-G77 MC9
Redmi 9 Prime,Mali-G52 MC2
Black Shark 3S,Adreno 650
Poco M2 Pro,Adreno 618
Redmi 9A,PowerVR GE8320
Redmi 9C NFC,PowerVR GE8320
Redmi 9C,PowerVR GE8320
Redmi 9,Mali-G52 MC2
Redmi 10X Pro 5G,Mali-G57 MC5
Redmi 10X 5G,Mali-G57 MC5
Redmi 10X 4G,Mali-G52 MC2
Redmi K30i 5G,Adreno 620
Poco F2 Pro,Adreno 650
Redmi K30 5G Racing,Adreno 620
Redmi Note 9 Pro,Adreno 618
Redmi Note 9,Mali-G52 MC2
Mi Note 10 Lite,Adreno 618
Mi 10 Youth 5G,Adreno 620
Mi 10 Lite 5G,Adreno 620
Redmi K30 Pro Zoom,Adreno 650
Redmi K30 Pro,Adreno 650
Redmi Note 9S,Adreno 618
Redmi Note 9 Pro Max,Adreno 618
Redmi Note 9 Pro (India),Adreno 618
Black Shark 3 Pro,Adreno 650
Black Shark 3,Adreno 650
Mi 10 Pro 5G,Adreno 650
Mi 10 5G,Adreno 650
Redmi 8A Pro,Adreno 505
Redmi 8A Dual,Adreno 505
Poco X2,Adreno 618
Redmi K30,Adreno 618
Redmi K30 5G,Adreno 620
Redmi Note 8T,Adreno 610
Mi Note 10 Pro,Adreno 618
Mi Note 10,Adreno 618
Mi CC9 Pro,Adreno 618
Mi Watch (China),Adreno 304
Redmi 8,Adreno 505
Redmi 8A,Adreno 505
Mi Mix Alpha,Adreno 640 (700 MHz)
Mi 9 Pro 5G,Adreno 640 (700 MHz)
Mi 9 Pro,Adreno 640 (700 MHz)
Redmi K20 Pro Premium,Adreno 640 (700 MHz)
Mi 9 Lite,Adreno 616
Redmi Note 8 Pro,Mali-G76 MC4
Black Shark 2 Pro,Adreno 640 (700 MHz)
Mi A3,Adreno 610
Redmi 7A,Adreno 505
Mi CC9e,Adreno 610
Mi CC9,Adreno 616
Redmi Note 8,Adreno 610
Mi 9T Pro,Adreno 640
Mi 9T,Adreno 618
Redmi K20,Adreno 618
Redmi K20 Pro,Adreno 640
Redmi Note 7S,Adreno 512
Redmi Y3,Adreno 506
Black Shark 2,Adreno 640
Redmi 7,Adreno 506
Redmi Note 7 Pro,Adreno 612
Mi Mix 3 5G,Adreno 640
Mi 9 Explorer,Adreno 640
Mi 9 SE,Adreno 616
Mi 9,Adreno 640
Redmi Go,Adreno 308
Redmi Note 7,Adreno 512
Mi Play,PowerVR GE8320
Black Shark Helo,Adreno 630
Mi Mix 3,Adreno 630
Redmi Note 6 Pro,Adreno 509
Mi 8 Pro,Adreno 630
Mi 8 Lite,Adreno 512
Pocophone F1,Adreno 630
Mi A2 (Mi 6X),Adreno 512
Mi A2 Lite (Redmi 6 Pro),Adreno 506
Mi Max 3,Adreno 509
Mi Pad 4 Plus,Adreno 512
Mi Pad 4,Adreno 512
Redmi 6,PowerVR GE8320
Redmi 6A,PowerVR GE8320
Mi 8 Explorer,Adreno 630
Mi 8,Adreno 630
Mi 8 SE,Adreno 616
Redmi S2 (Redmi Y2),Adreno 506
Mi Mix 2S,Adreno 630
Redmi Note 5 AI Dual Camera,Adreno 509
Redmi Note 5 Pro,Adreno 509
Black Shark,Adreno 630
Redmi 5 Plus (Redmi Note 5),Adreno 506
Redmi 5,Adreno 506
Redmi 5A,Adreno 308
Redmi Y1 (Note 5A),Adreno 505
Redmi Y1 Lite,Adreno 308
Mi Note 3,Adreno 512
Mi Mix 2,Adreno 540
Mi A1 (Mi 5X),Adreno 506
Mi Max 2,Adreno 506
Redmi 4 (4X),Adreno 505
Mi 6,Adreno 540
Mi Pad 3,PowerVR GX6250
Mi 5c,Mali-T860MP4
Redmi Note 4X,Adreno 506
Redmi Note 4,Adreno 506
Redmi 4A,Adreno 308
Redmi 4 (China),Adreno 505
Mi 6 Plus,Adreno 540
Redmi 4 Prime,Adreno 506
Mi Mix,Adreno 530
Mi Note 2,Adreno 530
Mi 5s Plus,Adreno 530
Mi 5s,Adreno 530
Redmi Note 4 (MediaTek),Mali-T880 MP4
Redmi Pro,Mali-T880 MP4
Redmi 3x,Adreno 505
Redmi 3s Prime,Adreno 505
Redmi 3s,Adreno 505
Redmi 3 Pro,Adreno 405
Mi Max,Adreno 510
Mi 5,Adreno 530
Mi 4s,Adreno 418
Redmi Note 3,Adreno 510
Redmi 3,Adreno 405
Redmi Note Prime,Adreno 306
Mi Pad 2,Intel HD Graphics
Redmi Note 3 (MediaTek),PowerVR G6200
Mi 4c,Adreno 418
Redmi Note 2,PowerVR G6200
Redmi 2 Pro,Adreno 306
Redmi 2 Prime,Adreno 306
Mi 4i,Adreno 405
Mi Note Pro,Adreno 430
Mi Note,Adreno 330
Redmi 2A,Mali-T628 MP2
Redmi 2,Adreno 306
Mi 4 LTE,Adreno 330
Redmi Note 4G,Adreno 305
Mi 4,Adreno 330
Mi Pad 7.9,ULP GeForce Kepler (192 cores)
Redmi Note,Mali-450MP4
Mi 3,Adreno 330
Redmi 1S,Adreno 305
Redmi,PowerVR SGX544MP2
Mi 2A,Adreno 320
Mi 2S,Adreno 320
Mi 2,Adreno 320
Mi 1S,Adreno 220
12 Lite NE,Adreno 644
Redmi 11,Mali-G57 MC2
Redmi 10 Prime+ 5G,Mali-G57 MC2
Poco X4 NFC,Mali-G68 MC4
Poco M3 Pro,Mali-G57 MC2
Redmi 20X,Mali-G57 MC2
Mi 10 Lite Zoom,Adreno 620
Mi 9X,Adreno 612
Mi Max 4 Pro,Adreno 612
Mi Max 4,Adreno 512
Mi 6c,Mali-G71 MP12
Redmi Pro 2,Adreno 640
Mi Note Plus,Adreno 430
nubia Z60 Ultra,Adreno 750
nubia Red Magic 9 Pro+,Adreno 750
nubia Red Magic 9 Pro,Adreno 750
Blade V50 Design 4G,Mali-G57 MP1
Blade V50 Vita,Mali-G57 MP1
Blade V50 Design,Mali-G57
Blade A54,IMG8322
Blade A73,Mali-G57 MP1
Blade A73 5G,Mali-G57
nubia Neo,Mali-G57
nubia Z50S Pro,Adreno 740 (719 MHz)
nubia Red Magic Tablet,Adreno 730
nubia Red Magic 8S Pro+,Adreno 740 (719 MHz)
nubia Red Magic 8S Pro,Adreno 740 (719 MHz)
Blade A72s,Mali-G57 MP1
V70,Mali-G57 MC2
Axon 50 Ultra,Adreno 730
Axon Pad,Adreno 730
nubia Z50 Ultra,Adreno 740
nubia Pad 3D,Adreno 660
Blade V40,Mali-G57 MC2
Blade V40 Design,Mali-G57 MP1
nubia Red Magic 8 Pro+,Adreno 740
nubia Red Magic 8 Pro,Adreno 740
nubia Z50,Adreno 740
Blade V41 Vita,Mali-G57 MC2
Voyage 40 Pro+,Mali-G57 MC2
Axon 40 Ultra Space Edition,Adreno 730
Axon 40 SE,Mali-G52 MP2
Blade V40s,Mali-G52 MP2
Axon 30S,Adreno 650
nubia Z40S Pro,Adreno 730
nubia Red Magic 7S Pro,Adreno 730
nubia Red Magic 7S,Adreno 730
Blade V40 Pro,Mali G52 MP2
Blade A72 5G,Mali-G57 MC2
Blade A72,IMG8322 - version 1Mali-G57 MP1 - version 2
Blade A52,IMG8322
Axon 40 Pro,Adreno 650
Axon 40 Ultra,Adreno 730
nubia Z40 Pro,Adreno 730
Blade V40 Vita,Mali-G57 MP1
nubia Red Magic 7 Pro,Adreno 730
nubia Red Magic 7,Adreno 730
Blade A3 Plus,PowerVR GE8100
Blade A7P,PowerVR GE8320
Voyage 20 Pro,Mali-G57 MC3
Avid 589,PowerVR GE8320
Blade A71,IMG8322
Blade A31 Plus,IMG8322
Blade A31,IMG8322
Blade A31 Lite,Mali-T820 MP1
Blade A51,IMG8322
Blade L9,Mali-400 MP2
nubia Red Magic 6s Pro,Adreno 660
nubia Red Magic 6s,Adreno 660
Axon 30 5G,Adreno 650
Blade V30,Mali G52 MP2
nubia Red Magic 6R,Adreno 660
nubia Z30 Pro,Adreno 660
Blade 11 Prime,PowerVR GE8320
Axon 30 Ultra 5G,Adreno 660
Axon 30 Pro 5G,Adreno 660
S30 Pro,Adreno 620
S30,Adreno 618
S30 SE,Mali-G57 MC2
nubia Red Magic 6 Pro,Adreno 660
nubia Red Magic 6,Adreno 660
Link II,Adreno 308
Blade X1 5G,Adreno 620
Blade 20 Pro 5G,Adreno 620
Cymbal U,Adreno 308
Blade V2020 5G,Mali-G57MP4
Blade A7s 2020,IMG8322
Blade 20 5G,Mali-G57 MC3
Blade A3Y,PowerVR GE8320
Blade A5 2020,IMG8322
Axon 20 5G Extreme,Adreno 620
Axon 20 5G,Adreno 620
Axon 20 4G,Mali G52 MP2
Quest 5,PowerVR GE8100
Gabb Z2,PowerVR GE8320
nubia Watch,Adreno 304
nubia Red Magic 5S,Adreno 650
Avid 579,PowerVR GE8320
nubia Red Magic 5G Lite,Adreno 620
Axon 11 SE 5G,Mali-G57MP4
Blade A3 Joy,PowerVR GE8320
Blade A3 Prime,PowerVR GE8320
nubia Play,Adreno 620
Axon 11 4G,Mali-G72 MP3
Axon 11 5G,Adreno 620
nubia Red Magic 5G,Adreno 650
Axon 10s Pro 5G,Adreno 650
Cymbal 2,Adreno 308
Blade Max View,Adreno 505
Blade A7 Prime,PowerVR GE8320
Blade 10 Prime,Mali-G72 MP3
Blade Vantage 2,PowerVR GE8320
Blade 20,Mali-G72 MP3
nubia Red Magic 3s,Adreno 640 (700 MHz)
nubia Z20,Adreno 640 (700 MHz)
Blade A5 (2019),IMG8322
Blade A3 (2019),Mali-T820 MP1
Blade L8,Mali-T820 MP1
nubia Red Magic 3,Adreno 640
Avid 559,Adreno 304
nubia Alpha,Adreno 304
Axon 10 Pro 5G,Adreno 640
Axon 10 Pro,Adreno 640
Blade V10,Mali-G72 MP3
Blade V10 Vita,IMG8322
nubia Red Magic Mars,Adreno 630
nubia X,Adreno 630
nubia Z18,Adreno 630
Axon 9 Pro,Adreno 630
nubia Red Magic,Adreno 540
Blade A7 Vita,Adreno 308
Blade A7,Mali-G72 MP3
nubia Z18 mini,Adreno 512
nubia V18,Adreno 506
nubia N3,Adreno 506
Blade V9 Vita,Adreno 505
Blade V9,Adreno 506
Tempo Go,Adreno 304
Blade A3,Mali-T720MP2
Blade A6,Adreno 505
Maven 2,Adreno 304
Blade X,Adreno 308
Axon M,Adreno 530
nubia Z17s,Adreno 540
nubia Z17 miniS,Adreno 510
nubia Z17 lite,Adreno 510
Blade Z Max,Adreno 505
Blade Force,Adreno 308
Tempo X,Adreno 304
Grand X View 2,Adreno 304
Blade V7 Plus,Mali-T720MP3
Quartz,Adreno 304
nubia N2,Mali-T860MP2
nubia M2,Adreno 506
nubia M2 lite,Mali-T860MP2
nubia M2 Play,Adreno 505
nubia Z17,Adreno 540
Axon 7s,Adreno 530
Max XL,Adreno 505
nubia Z17 mini,Adreno 510
Blade A520,Mali-T720MP2
nubia N1 lite,Mali-T720MP2
Blade V8 Mini,Adreno 505
Blade V8 Lite,Mali-T860MP2
Blade A2 Plus,Mali-T860MP2
Hawkeye,Adreno 506
Blade V8 Pro,Adreno 506
Blade V8,Adreno 505
Axon 7 Max,Adreno 506
Grand X4,Adreno 308
nubia Z11 mini S,Adreno 506
Axon 7 mini,Adreno 405
Zmax Pro,Adreno 405
nubia N1,Mali-T860MP2
nubia Z11 Max,Adreno 510
Axon 7,Adreno 530
nubia Z11,Adreno 530
Blade L110 (A110),Mali-400MP2
Grand X Max 2,Adreno 405
nubia Z11 mini,Adreno 405
Blade L5 Plus,Mali-400MP2
Blade V Plus,Mali-T720MP3Adreno 405
Blade A610,Mali-T720MP2
Blade A512,Adreno 308
Blade A452,Mali-T720MP2
Blade V7,Mali-T720MP3
Blade A910,Mali-T720MP2
Blade A2,Mali-T860MP2
Blade V7 Lite,Mali-T720MP2
Axon Max,Adreno 405
nubia Prague S,Adreno 405
Grand X 3,Adreno 304
Avid Plus,Adreno 304
Blade X9,Adreno 405
Blade X3,Mali-T720MP2
Axon Watch,Adreno 305
Axon,Adreno 330
Blade S7,Adreno 405
Axon mini,Adreno 405
Zmax 2,Adreno 306
Axon Elite,Adreno 430
nubia My Prague,Adreno 405
Axon Lux,Adreno 430
Blade A460,Adreno 304
Blade D6,Mali-T720MP2
Axon Pro,Adreno 430
Blade A410,Mali-T720MP2
Obsidian,Mali-T720MP2
Grand X2,Adreno 305
Blade Apex 3,Adreno 306
Maven,Adreno 306
Blade Qlux 4G,Mali-T760MP2
nubia Z9,Adreno 430
Blade S6 Plus,Adreno 405
nubia Z9 Max,Adreno 430
nubia Z9 mini,Adreno 405
Open L,Adreno 304
Grand S3,Adreno 330
Blade L3 Plus,Mali-400MP2
Blade L3,Mali-400MP2
Blade G Lux,Mali-400
Blade G,Mali-400
V5 Lux,Adreno 306
Blade S6,Adreno 405
Imperial II,Adreno 305
Grand X Max+,Adreno 305
Star 2,Adreno 330
Grand X Plus Z826,Adreno 305
Speed,Adreno 306
Grand S II,Adreno 330
Grand S Pro,Adreno 330
Zinger,Adreno 302
Grand Xmax,Adreno 302
Zmax,Adreno 305
Blade Vec 4G,Adreno 305
Blade Vec 3G,Mali-400MP2
Kis 3 Max,Mali-400
nubia Z5S mini NX405H,Adreno 305
nubia Z7,Adreno 330
nubia Z7 Max,Adreno 330
nubia Z7 mini,Adreno 330
Blade L2,Mali-400MP2
Kis 3,Adreno 200
Blade G2,PowerVR SGX544
Redbull V5 V9180,Adreno 305
Star 1,Adreno 305
nubia X6,Adreno 330
Grand Memo II LTE,Adreno 305
Open C,Adreno 302
Open II,Adreno 302
Sonata 4G,Adreno 305
Grand S II S291,Adreno 330
nubia Z5S,Adreno 330
nubia Z5S mini NX403A,Adreno 320
Grand S Flex,Adreno 305
Blade Q Maxi,Mali-400
Blade Q,Mali-400
Blade Q Mini,Mali-400
Warp 4G,Adreno 305
Blade V,Adreno 203
Blade G V880G,Adreno 203
Reef,Adreno 205
Vital N9810,Adreno 225
Grand X Pro,PowerVR SGX531u
Grand X2 In,PowerVR SGX544MP2
Grand X Quad V987,PowerVR SGX544
Blade III Pro,Adreno 203
Geek V975,PowerVR SGX544MP2
Grand Memo V9815,Adreno 330
Open,Adreno 200
Blade C V807,PowerVR SGX531u
V81,Adreno 225
Grand S,Adreno 320
V889M,PowerVR SGX531u
V887,PowerVR SGX531u
Kis III V790,Adreno 200
Groove X501,Adreno 200
nubia Z5,Adreno 320
Flash,Adreno 225
Warp Sequent,Adreno 205
Grand Era U895,ULP GeForce
Blade III,Adreno 200
Grand X IN,Intel graphics media accelerator (400 MHz)
N880E,Adreno 200
Grand X LTE T82,Adreno 225
Grand X V970,ULP GeForce
V96,Adreno 225
PF 100,ULP GeForce
T98,ULP GeForce
Light Tab 3 V9S,Adreno 220
Era,ULP GeForce
Skate Acqua,Adreno 200
Nova 4 V8000,Adreno 205
Blade II V880+,Adreno 200
Optik,Adreno 220
Light Tab 2 V9A,Adreno 205
FTV Phone,Adreno 200
Tania,Adreno 205
Warp,Adreno 205
V9+,Adreno 205
Libra,Adreno 200
Blade,Adreno 200
Racer,Adreno 200
nubia X 5G,Adreno 640
