phone,SIM_prep
1B (2022),Single
1L Pro (2021),Single
1 (2021),Single
3L (2021),Single
1S (2021),Single
1L (2021),Single
1V (2021),Single
1SE (2020),Dual
Go Flip 4,Nano-SIM
Go Flip 3,Nano-SIM
Go Flip V,Nano-SIM
3T10 2020,Nano-SIM
3X (2020),Dual
3L (2020),Dual
1S (2020),Dual
1V (2020),Dual
1B (2020),Dual
3v (2019),Nano-SIM
3x (2019),Single
1v (2019),Single
3T 8,Micro-SIM
3T 10,Nano-SIM
3L,Dual
3 (2019),Dual
1s,Dual
1x (2019),Single
1c (2019),Single
1,Single
Tetra,Nano-SIM
7,Nano-SIM
5v,Single
5,Single
3v,Single
3x (2018),Single
3,Single
1x,Single
3c,Dual
3088,Nano-SIM
Idol 5s,Nano-SIM
Idol 5,Nano-SIM
A7 XL,Single
A7,Single
U5 HD,Single
Pulsemix,Nano-SIM
Idol 5s (USA),Nano-SIM
Flash (2017),Dual
U5,Single
A5 LED,Single
A3,Single
A3 XL,Single
Shine Lite,Single
Pixi 4 Plus Power,Dual
Fierce 4,Nano-SIM
X1,Dual
Pixi 4 (5),Micro-SIM
Flash Plus 2,Dual
Pop 7 LTE,Micro-SIM
Pop 4S,Single
Pop 4+,Single
Pop 4,Single
Idol 4s Windows,Nano-SIM
Idol 4s,Dual
Idol 4,Dual
Fierce XL (Windows),Micro-SIM
Pixi 4 (7),Micro-SIM
Pixi 4 (6) 3G,Dual
Pixi 4 (6),Micro-SIM
Pixi 4 (4),Micro-SIM
Pixi 4 (3.5),Micro-SIM
Pixi 3 (8) LTE,Micro-SIM
Pop 3 (5.5),Single
Pop 3 (5),Single
Fierce XL,Micro-SIM
Flash 2,Dual
10.16G,Mini-SIM
2007,Single
Idol 3C,Micro-SIM
Pixi First,Single
Pop Up,Dual
Pop Star LTE,Single
Pop Star,Single
Go Play,Micro-SIM
Flash Plus,Dual
Pop Astro,Micro-SIM
Flash,Micro-SIM
Idol 3 (5.5),Single
Idol 3 (4.7),Single
Orange Klif,Dual
Pixi 3 (5.5) LTE,Micro-SIM
Pixi 3 (5.5),Micro-SIM
Pixi 3 (8) 3G,Micro-SIM
Pixi 3 (7) LTE,Micro-SIM
Pixi 3 (7) 3G,Micro-SIM
Pop 10,Micro-SIM
Pixi 3 (5),Single
Pixi 3 (4.5),Single
Pixi 3 (4),Single
Pixi 3 (3.5) Firefox,Single
Pixi 3 (3.5),Single
Pop D3,Micro-SIM
Pop D1,Mini-SIM
Pop Icon,Micro-SIM
Fire C 2G,Dual
Pop 2 (5) Premium,Micro-SIM
Pop 2 (5),Single
Pop 2 (4),Micro-SIM
Pop 2 (4.5) Dual SIM,Dual
Pop 2 (4.5),Micro-SIM
Fierce 2,Micro-SIM
Evolve 2,Micro-SIM
Pop 8S,Micro-SIM
Hero 8,Micro-SIM
Hero 2,Micro-SIM
Pixi 2,Single
Pop D5,Micro-SIM
Pop C2,Single
2012,Single
2010,Single
2052,Mini-SIM
2040,Single
2005,Single
Pop 7S,Micro-SIM
Pop S9,Single
Pop S7,Micro-SIM
Pop S3,Micro-SIM
Fire S,Micro-SIM
Fire E,Micro-SIM
Fire C,Micro-SIM
Idol 2 S,Micro-SIM
Idol 2,Single
Idol 2 Mini S,Micro-SIM
Idol 2 Mini,Single
2001,Mini-SIM
2000,Mini-SIM
Idol X+,Dual
Pop C9,"SIM,"
Pop 8,Micro-SIM
Pop 7,Micro-SIM
Fierce,Micro-SIM
Evolve,Mini-SIM
Pop C7,Single
Pop C5,Single
Pop C3,Single
Pop C1,Single
Idol Alpha,Micro-SIM
Hero,Single
Idol S,Micro-SIM
Idol Mini,Dual
One Touch Snap LTE,Micro-SIM
One Touch Pixi,Single
One Touch Snap,Single
Idol X,Single
One Touch Fire,Mini-SIM
One Touch Star,Single
One Touch Scribe Easy,Single
One Touch Evo 7,Single
One Touch Evo 7 HD,Single
One Touch Idol Ultra,Micro-SIM
One Touch Idol,Single
One Touch T'Pop,Mini-SIM
One Touch S'Pop,Mini-SIM
One Touch M'Pop,Single
One Touch X'Pop,Mini-SIM
One Touch Scribe HD-LTE,Micro-SIM
One Touch Scribe X,Micro-SIM
One Touch Scribe HD,Micro-SIM
OT-983,Mini-SIM
OT-997D,Dual
OT-997,Mini-SIM
OT-992D,Dual
OT-978,Mini-SIM
OT-988 Shockwave,Mini-SIM
OT-993,Mini-SIM
OT-903,Single
OT-838,Mini-SIM
OT-668,Mini-SIM
OT-605,Mini-SIM
OT-986,Mini-SIM
OT-991,Mini-SIM
OT-916,Mini-SIM
OT-720,Mini-SIM
OT-902,Mini-SIM
OT-819 Soul,Dual
OT-870,Mini-SIM
OT-595,Mini-SIM
OT-358,Mini-SIM
OT-310,Mini-SIM
OT-318D,Dual
OT-317D,Dual
OT-308,Mini-SIM
OT-282,Mini-SIM
OT-292,Mini-SIM
OT-228,Mini-SIM
OT-985,Mini-SIM
OT-915,Mini-SIM
OT-810D,Dual
OT-906,Mini-SIM
OT-810,Mini-SIM
OT-995,Mini-SIM
OT-990,Mini-SIM
OT-910,Mini-SIM
OT-908F,Mini-SIM
OT-908,Mini-SIM
OT-905,Mini-SIM
OT-900,Mini-SIM
OT-891 Soul,Mini-SIM
OT-918,Mini-SIM
OT-918D,Dual
OT-890D,Dual
OT-890,Mini-SIM
OT-888,Mini-SIM
OT-818,Mini-SIM
OT-813F,Mini-SIM
OT-813D,Dual
OT-807,Mini-SIM
OT-803,Mini-SIM
OT-799 Play,Mini-SIM
OT-690,Mini-SIM
OT-665,Mini-SIM
OT-602,Mini-SIM
OT-585,Mini-SIM
OT-506,Mini-SIM
OT-385,Mini-SIM
OT-361,Mini-SIM
OT-355,Mini-SIM
OT-330,Mini-SIM
OT-306,Mini-SIM
OT-223,Mini-SIM
OT-217,Mini-SIM
OT-213,Mini-SIM
OT-209,Mini-SIM
OT-117,Mini-SIM
OT-113,Mini-SIM
OT-112,Mini-SIM
OT-109,Mini-SIM
OT-105,Mini-SIM
OT-706,Mini-SIM
Net,Mini-SIM
OT-808,Mini-SIM
OT-606 One Touch CHAT,Mini-SIM
OT-255,Mini-SIM
OT-252,Mini-SIM
OT-710,Mini-SIM
OT-108,Mini-SIM
OT-216,Mini-SIM
OT-206,Mini-SIM
OT-909 One Touch MAX,Mini-SIM
Miss Sixty,Mini-SIM
OT-880 One Touch XTRA,Mini-SIM
OT-208,Mini-SIM
OT-301,Mini-SIM
OT-300,Mini-SIM
OT-980,Mini-SIM
OT-806,Mini-SIM
OT-802 Wave,Mini-SIM
OT-305,Mini-SIM
OT-380,Mini-SIM
OT-505,Mini-SIM
OT-508A,Mini-SIM
OT-565,Mini-SIM
OT-106,Mini-SIM
OT-800 One Touch CHROME,Mini-SIM
OT-800 One Touch Tribe,Mini-SIM
OT-708 One Touch MINI,Mini-SIM
OT-660,Mini-SIM
OT-383,Mini-SIM
OT-203,Mini-SIM
OT-103,Mini-SIM
OT-600,Mini-SIM
Crystal,Mini-SIM
Miss Sixty 2009,Mini-SIM
ELLE GlamPhone,Mini-SIM
OT-363,Mini-SIM
Roadsign,Mini-SIM
OT-303,Mini-SIM
OT-222,Mini-SIM
OT-280,Mini-SIM
OT-202,Mini-SIM
OT-S121,Mini-SIM
OT-111,Mini-SIM
OT-102,Mini-SIM
Mandarina Duck Moon,Mini-SIM
Mandarina Duck,Mini-SIM
OT-I650 SPORT,Mini-SIM
OT-I650 PRO,Mini-SIM
OT-V770,Mini-SIM
OT-V670,Mini-SIM
OT-V607A,Mini-SIM
OT-V570,Mini-SIM
OT-V270,Mini-SIM
OT-V212,Mini-SIM
OT-S626A,Mini-SIM
OT-S521A,Mini-SIM
OT-S920,Mini-SIM
OT-S621,Mini-SIM
OT-S520,Mini-SIM
OT-S320,Mini-SIM
OT-S319,Mini-SIM
OT-S218,Mini-SIM
OT-S215A,Mini-SIM
OT-S211,Mini-SIM
OT-S210,Mini-SIM
OT-S120,Mini-SIM
OT-S107,Mini-SIM
ELLE No 3,Mini-SIM
OT-C825,Mini-SIM
OT-C717,Mini-SIM
OT-C707,Mini-SIM
OT-C701,Mini-SIM
OT-C700A,Mini-SIM
OT-C507,Mini-SIM
OT-E227,Mini-SIM
OT-E225,Mini-SIM
OT-E221,Mini-SIM
OT-E207,Mini-SIM
OT-E205,Mini-SIM
OT-E201,Mini-SIM
OT-E101,Mini-SIM
Lollipops,Mini-SIM
OT-E220,Mini-SIM
OT-E805,Mini-SIM
OT-E230,Mini-SIM
OT-C635,Mini-SIM
OT-C630,Mini-SIM
OT-E801,Mini-SIM
OT-E100,Mini-SIM
OT-C550,Mini-SIM
OT-E265,Mini-SIM
OT-E105,Mini-SIM
OT-E260,Mini-SIM
OT-C750,Mini-SIM
OT-S853,Mini-SIM
OT-S850,Mini-SIM
OT-C560,Mini-SIM
OT-C555,Mini-SIM
OT-C552,Mini-SIM
OT-C551,Mini-SIM
OT-C656,Mini-SIM
OT-C652,Mini-SIM
OT-C651,Mini-SIM
OT-E259,Mini-SIM
OT-E256,Mini-SIM
OT-E257,Mini-SIM
OT-E160,Mini-SIM
OT-E252,Mini-SIM
OT-E159,Mini-SIM
OT-E158,Mini-SIM
OT-E157,Mini-SIM
OT 757,Mini-SIM
OT 355,Mini-SIM
OT 156,Mini-SIM
OT 155,Mini-SIM
OT 153,Mini-SIM
OT 756,Mini-SIM
OT 557,Mini-SIM
OT 565,Mini-SIM
OT 556,Mini-SIM
OT 835,Mini-SIM
OT 735i,Mini-SIM
OT 735,Mini-SIM
OT 535,Mini-SIM
OT 531,Mini-SIM
OT 332,Mini-SIM
OT 331,Mini-SIM
OT 526,Mini-SIM
OT 320,Mini-SIM
OT 525,Mini-SIM
OT 715,Mini-SIM
OT 512,Mini-SIM
OT 311,Mini-SIM
OT 511,Mini-SIM
OT 700,Mini-SIM
OT 500,Mini-SIM
OT 300,Mini-SIM
OT View db @,Mini-SIM
OT Pocket,Mini-SIM
OT View db,Mini-SIM
OT Max db,Mini-SIM
OT Gum db,Mini-SIM
OT Easy db,Mini-SIM
OT Club db,Mini-SIM
OT COM,Mini-SIM
OT Pro,Mini-SIM
OT Easy HF,Mini-SIM
OT Easy,Mini-SIM
OT Club,Mini-SIM
OT Club +,Mini-SIM
OT Max,Mini-SIM
OT View,Mini-SIM
HC 1000,Mini-SIM
HC 800,Mini-SIM
Galaxy S24 Ultra,Dual
Galaxy S24+,Dual
Galaxy S24,Dual
Galaxy Xcover7,Dual
Galaxy Tab Active5,Dual
Galaxy A25,Single
Galaxy A15 5G,Single
Galaxy A15,Single
Galaxy Tab A9+,eSIM
Galaxy Tab A9+,"Nano-SIM,"
Galaxy Tab A9,eSIM
Galaxy Tab A9,"Nano-SIM,"
Galaxy S23 FE,Single
Galaxy Tab S9 FE+,eSIM
Galaxy Tab S9 FE+,"Nano-SIM,"
Galaxy Tab S9 FE,eSIM
Galaxy Tab S9 FE,"Nano-SIM,"
Galaxy A05s,Single
Galaxy A05,Single
Galaxy F34,Dual
Galaxy Z Fold5,Dual
Galaxy Z Flip5,Nano-SIM
Galaxy Z Flip5,eSIM
Galaxy Tab S9 Ultra,eSIM
Galaxy Tab S9 Ultra,"Nano-SIM,"
Galaxy Tab S9+,eSIM
Galaxy Tab S9+,"Nano-SIM,"
Galaxy Tab S9,eSIM
Galaxy Tab S9,"Nano-SIM,"
Galaxy Watch6 Classic,eSIM
Galaxy Watch6,eSIM
Galaxy M34 5G,Dual
Galaxy F54,Dual
Galaxy A24 4G,Single
Galaxy F14,Dual
Galaxy M54,Dual
Galaxy A54,Single
Galaxy A34,Single
Galaxy M14,Single
Galaxy S23 Ultra,Dual
Galaxy S23+,Dual
Galaxy S23,Dual
Galaxy A14,Single
Galaxy A14 5G,Single
Galaxy F04,Dual
Galaxy M04,Single
Galaxy Tab A7 10.4 (2022),Nano-SIM
Galaxy A04e,Single
Galaxy Tab Active4 Pro,Single
Galaxy A04s,Dual
Galaxy A04,Single
Galaxy Z Fold4,Dual
Galaxy Z Flip4,Nano-SIM
Galaxy Z Flip4,eSIM
Galaxy Watch5 Pro,eSIM
Galaxy Watch5,eSIM
Galaxy A23 5G,Single
Galaxy M13 5G,Dual
Galaxy M13 (India),Dual
Galaxy A13 (SM-A137),Single
Galaxy Xcover6 Pro,Single
Galaxy F13,Dual
Galaxy M13,Dual
Galaxy Tab S6 Lite (2022),Nano-SIM
Galaxy M53,Dual
Galaxy S20 FE 2022,Dual
Galaxy A73 5G,Single
Galaxy A53 5G,Single
Galaxy A33 5G,Single
Galaxy F23,Dual
Galaxy M33,Single
Galaxy M23,Single
Galaxy A23,Single
Galaxy A13,Single
Galaxy S22 Ultra 5G,Dual
Galaxy S22+ 5G,Dual
Galaxy S22 5G,Dual
Galaxy Tab S8 Ultra,Nano-SIM
Galaxy Tab S8+,Nano-SIM
Galaxy Tab S8,Nano-SIM
Galaxy S21 FE 5G,Single
Galaxy Tab A8 10.5 (2021),Nano-SIM
Galaxy A13 5G,Nano-SIM
Galaxy A03,Single
Galaxy A03 Core,Single
Galaxy F42 5G,Dual
Galaxy M52 5G,Dual
Galaxy M22,Dual
Galaxy M32 5G,Dual
Galaxy A03s,Dual
Galaxy A52s 5G,Single
Galaxy Z Fold3 5G,Nano-SIM
Galaxy Z Fold3 5G,eSIM
Galaxy Z Flip3 5G,Nano-SIM
Galaxy Z Flip3 5G,eSIM
Galaxy Watch4 Classic,eSIM
Galaxy Watch4,eSIM
Galaxy A12 (India),Single
Galaxy A12 Nacho,Single
Galaxy M21 2021,Dual
Galaxy F22,Dual
Galaxy M32,Single
Galaxy A22 5G,Single
Galaxy A22,Single
Galaxy Tab A7 Lite,Nano-SIM
Galaxy Tab S7 FE,Nano-SIM
Galaxy F52 5G,Dual
Galaxy M42 5G,Dual
Galaxy M12,Dual
Galaxy Quantum 2,Nano-SIM
Galaxy F12,Dual
Galaxy F02s,Dual
Galaxy A72,Single
Galaxy A52 5G,Single
Galaxy A52,Single
Galaxy Xcover 5,Single
Galaxy A32,Single
Galaxy M62,Dual
Galaxy F62,Dual
Galaxy M12 (India),Dual
Galaxy S21 Ultra 5G,Dual
Galaxy S21+ 5G,Dual
Galaxy S21 5G,Dual
Galaxy A32 5G,Single
Galaxy M02s,Single
Galaxy A12,Single
Galaxy M02,Single
Galaxy A02,Single
Galaxy A02s,Single
Galaxy M21s,Single
Galaxy M31 Prime,Dual
Galaxy F41,Dual
Galaxy Tab Active3,Nano-SIM
Galaxy S20 FE 5G,Single
Galaxy S20 FE,Single
Galaxy A42 5G,Single
Galaxy Tab A7 10.4 (2020),Nano-SIM
Galaxy M51,Dual
Galaxy A51 5G UW,Nano-SIM
Galaxy Z Fold2 5G,Nano-SIM
Galaxy Z Fold2 5G,eSIM
Galaxy Note20 Ultra 5G,Dual
Galaxy Note20 Ultra,Dual
Galaxy Note20 5G,Dual
Galaxy Note20,Dual
Galaxy Watch3,eSIM
Galaxy Tab S7+,Nano-SIM
Galaxy Tab S7,Nano-SIM
Galaxy Z Flip 5G,Nano-SIM
Galaxy Z Flip 5G,eSIM
Galaxy M31s,Single
Galaxy M01s,Dual
Galaxy M01 Core,Single
Galaxy A01 Core,Single
Galaxy A71 5G UW,Nano-SIM
Galaxy M01,Dual
Galaxy A21s,Single
Galaxy J2 Core (2020),Dual
Galaxy A Quantum,Nano-SIM
Galaxy A71 5G,Single
Galaxy A51 5G,Single
Galaxy A21,Single
Galaxy Tab A 8.4 (2020),Nano-SIM
Galaxy Tab S6 Lite,Nano-SIM
Galaxy M11,Dual
Galaxy A31,Single
Galaxy A41,Single
Galaxy M21,Single
Galaxy A11,Single
Galaxy M31,Dual
Galaxy S20 Ultra 5G,Dual
Galaxy S20 Ultra,Dual
Galaxy S20+ 5G,Dual
Galaxy S20+,Dual
Galaxy S20 5G UW,Nano-SIM
Galaxy S20 5G,Dual
Galaxy S20,Dual
Galaxy Z Flip,Nano-SIM
Galaxy Z Flip,eSIM
Galaxy Tab S6 5G,Nano-SIM
Galaxy Xcover Pro,Single
Galaxy Note10 Lite,Single
Galaxy S10 Lite,Single
Galaxy A01,Single
Galaxy A71,Single
Galaxy A51,Single
Galaxy Xcover FieldPro,Single
Galaxy A70s,Single
Galaxy A20s,Single
Galaxy M30s,Dual
Galaxy M10s,Dual
Galaxy Fold 5G,Nano-SIM
Galaxy Fold,Nano-SIM
Galaxy Fold,eSIM
Galaxy Tab Active Pro,Nano-SIM
Galaxy A90 5G,Single
Galaxy A30s,Single
Galaxy A50s,Single
Galaxy Note10+ 5G,Nano-SIM
Galaxy Note10+,Single
Galaxy Note10 5G,Nano-SIM
Galaxy Note10,Single
Galaxy Watch Active2,eSIM
Galaxy A10s,Single
Galaxy A10e,Nano-SIM
Galaxy Tab S6,Nano-SIM
Galaxy Tab A 8.0 (2019),Nano-SIM
Galaxy Xcover 4s,Single
Galaxy A2 Core,Single
Galaxy View2,Nano-SIM
Galaxy S10 5G,Single
Galaxy S10+,Single
Galaxy S10,Single
Galaxy S10e,Single
Galaxy M40,Dual
Galaxy M30,Dual
Galaxy M20,Dual
Galaxy M10,Dual
Galaxy A80,Single
Galaxy A70,Single
Galaxy A60,Single
Galaxy A50,Single
Galaxy A40,Single
Galaxy A30,Single
Galaxy A20e,Single
Galaxy A20,Single
Galaxy A10,Single
Galaxy Tab S5e,Nano-SIM
Galaxy Tab A 10.1 (2019),Nano-SIM
Galaxy Tab A 8.0 & S Pen (2019),Nano-SIM
Galaxy Tab A 8.0 (2018),Nano-SIM
Galaxy Tab S4 10.5,Nano-SIM
Galaxy Tab A 10.5,Nano-SIM
Galaxy A8s,Dual
Galaxy A6s,Dual
Galaxy A9 (2018),Dual
Galaxy A7 (2018),Single
Galaxy Note9,Single
Galaxy Watch,eSIM
Galaxy J6+,Single
Galaxy J4 Core,Dual
Galaxy J4+,Dual
Galaxy J2 Core,Dual
Galaxy On6,Dual
Galaxy J7 (2018),Nano-SIM
Galaxy J3 (2018),Nano-SIM
Galaxy A8 Star (A9 Star),Dual
Galaxy S Light Luxury,Dual
Galaxy J8,Dual
Galaxy J6,Dual
Galaxy J4,Dual
Galaxy A6+ (2018),Single
Galaxy A6 (2018),Single
Galaxy J7 Duo,Single
Galaxy J7 Prime 2,Single
Galaxy S9+,Single
Galaxy S9,Single
Galaxy J2 Pro (2018),Dual
Galaxy A8+ (2018),Single
Galaxy A8 (2018),Single
Galaxy J2 (2017),Dual
Galaxy Tab Active 2,Nano-SIM
Galaxy Tab A 8.0 (2017),Nano-SIM
Galaxy C7 (2017),Dual
Galaxy Note8,Single
Galaxy S8 Active,Nano-SIM
Galaxy J7 V,Nano-SIM
Galaxy Note FE,Single
Galaxy J7 Max,Dual
Galaxy J7 (2017),Dual
Galaxy J7 Pro,Single
Galaxy J5 (2017),Single
Galaxy J3 (2017),Single
Galaxy Folder2,Dual
Z4,Single
Galaxy S8,Single
Galaxy S8+,Single
Gear S3 classic LTE,eSIM
Galaxy C5 Pro,Dual
Galaxy Xcover 4,Micro-SIM
Galaxy Tab S3 9.7,Nano-SIM
Galaxy J1 mini prime,Single
Galaxy J3 Emerge,Nano-SIM
Galaxy C7 Pro,Dual
Galaxy A7 (2017),Single
Galaxy A5 (2017),Single
Galaxy A3 (2017),Single
Galaxy Grand Prime Plus,Dual
Galaxy J2 Prime,Single
Galaxy C9 Pro,Dual
Galaxy A8 (2016),Single
Galaxy On8,Dual
Galaxy On7 (2016),Dual
Gear S3 frontier LTE,eSIM
Galaxy J5 Prime,Dual
Galaxy J7 Prime,Single
Z2,Dual
Galaxy Note7 (USA),Nano-SIM
Galaxy Note7,Single
Galaxy On7 Pro,Dual
Galaxy On5 Pro,Dual
Galaxy Tab J,Micro-SIM
Galaxy J Max,Dual
Galaxy J2 Pro (2016),Dual
Galaxy J2 (2016),Dual
Z3 Corporate,Dual
Galaxy Xcover 3 G389F,Micro-SIM
Galaxy S7 active,Nano-SIM
Galaxy J3 Pro,Dual
Galaxy C7,Dual
Galaxy C5,Dual
Galaxy A9 Pro (2016),Single
Galaxy J7 (2016),Single
Galaxy J5 (2016),Single
Galaxy Tab A 10.1 (2016),Nano-SIM
Galaxy Tab A 7.0 (2016),Micro-SIM
Galaxy S7,Single
Galaxy S7 edge,Single
Galaxy S7 edge (USA),Nano-SIM
Galaxy S7 (USA),Nano-SIM
Galaxy J1 Nxt,Dual
Gear S2 classic 3G,eSIM
Galaxy Tab E 8.0,Nano-SIM
Galaxy J1 (2016),Single
Galaxy A9 (2016),Single
Galaxy A7 (2016),Single
Galaxy A5 (2016),Single
Galaxy A3 (2016),Single
Galaxy Express Prime,Micro-SIM
Galaxy J3 (2016),Single
Galaxy View,Nano-SIM
Galaxy On7,Dual
Galaxy On5,Dual
Z3,Dual
Galaxy J1 Ace,Single
Gear S2 3G,eSIM
Galaxy Note5 (USA),Nano-SIM
Galaxy Note5,Nano-SIM
Galaxy Note5 Duos,Dual
Galaxy S6 edge+ (USA),Nano-SIM
Galaxy S6 edge+,Nano-SIM
Galaxy S6 edge+ Duos,Dual
Galaxy S5 Neo,Micro-SIM
Galaxy S4 mini I9195I,Micro-SIM
Galaxy Folder,Micro-SIM
Galaxy Tab S2 9.7,Nano-SIM
Galaxy Tab S2 8.0,Nano-SIM
Galaxy A8 Duos,Dual
Galaxy A8,Nano-SIM
Galaxy V Plus,Dual
Galaxy J7 Nxt,Dual
Galaxy J7,Single
Galaxy J5,Single
Galaxy Tab E 9.6,Micro-SIM
Guru Plus ,"SIM,"
Metro 360,Dual
Xcover 550,Mini-SIM
Galaxy S6 active,Nano-SIM
Galaxy Tab 3 V,Micro-SIM
Galaxy Tab A 9.7 & S Pen,Micro-SIM
Galaxy Tab A 9.7,Micro-SIM
Galaxy Tab A 8.0 & S Pen (2015),Micro-SIM
Galaxy Tab A 8.0 (2015),Micro-SIM
Galaxy Xcover 3,Micro-SIM
Galaxy S6 edge (USA),Nano-SIM
Galaxy S6 (USA),Nano-SIM
Galaxy S6 edge,Nano-SIM
Galaxy S6 Duos,Dual
Galaxy S6,Nano-SIM
Galaxy J1 4G,Single
Galaxy J2,Single
Galaxy J1,Single
Z1,Dual
Galaxy A7 Duos,Dual
Galaxy A7,Nano-SIM
Galaxy Grand Max,Micro-SIM
Galaxy E7,Single
Galaxy E5,Single
Galaxy Core Prime,Single
Galaxy A5 Duos,Dual
Galaxy A5,Nano-SIM
Galaxy A3 Duos,Dual
Galaxy A3,Nano-SIM
Galaxy S5 Plus,Micro-SIM
Galaxy Pocket 2,Single
Galaxy V,Dual
Galaxy Grand Prime Duos TV,Dual
Galaxy Grand Prime,Single
Galaxy Ace Style LTE G357,Micro-SIM
Galaxy Note Edge,Micro-SIM
Galaxy Note 4 Duos,Dual
Galaxy Note 4 (USA),Micro-SIM
Galaxy Note 4,Micro-SIM
Galaxy Tab Active LTE,Micro-SIM
Galaxy Mega 2,Micro-SIM
Gear S,Nano-SIM
Galaxy S5 LTE-A G901F,Micro-SIM
Galaxy Alpha (S801),Nano-SIM
Galaxy Alpha,Nano-SIM
Galaxy S5 mini Duos,Dual
Galaxy Avant,Micro-SIM
Galaxy S Duos 3,Dual
Guru Music 2,"SIM,"
Metro 312,"SIM,"
Galaxy Ace NXT,Single
Galaxy Star 2 Plus,Single
Galaxy S5 mini,Micro-SIM
Galaxy Ace 4 LTE G313,Micro-SIM
Galaxy Ace 4,Micro-SIM
Galaxy Young 2,Dual
Galaxy Star 2,Dual
Galaxy Core II,Dual
Galaxy S5 Sport,Micro-SIM
Galaxy S5 LTE-A G906S,Micro-SIM
Galaxy Tab S 8.4 LTE,Micro-SIM
Galaxy Tab S 10.5 LTE,Micro-SIM
Galaxy Core Lite LTE,Micro-SIM
I9301I Galaxy S3 Neo,Micro-SIM
Galaxy W,Micro-SIM
Z,Micro-SIM
Galaxy S5 Active,Micro-SIM
Galaxy K zoom,Micro-SIM
Galaxy Beam2,Micro-SIM
I9300I Galaxy S3 Neo,Dual
Galaxy Ace Style,Micro-SIM
ATIV SE,Micro-SIM
Galaxy Tab 4 7.0 3G,Micro-SIM
Galaxy Tab 4 7.0 LTE,Micro-SIM
Galaxy Tab 4 8.0 3G,Micro-SIM
Galaxy Tab 4 8.0 LTE,Micro-SIM
Galaxy Tab 4 10.1 3G,Micro-SIM
Galaxy Tab 4 10.1 LTE,Micro-SIM
G3812B Galaxy S3 Slim,Micro-SIM
I8200 Galaxy S III mini VE,Mini-SIM
Galaxy S5 Duos,Dual
Galaxy S5 (octa-core),Micro-SIM
Galaxy S5 (USA),Micro-SIM
Galaxy S5,Micro-SIM
Galaxy Core LTE G386W,Micro-SIM
Galaxy Core LTE,Micro-SIM
S5611,Mini-SIM
E1272,Dual
Galaxy Star Trios S5283,Triple
Galaxy Note 3 Neo Duos,"SIM,"
Galaxy Note 3 Neo,Micro-SIM
Galaxy Tab 3 Lite 7.0 3G,Micro-SIM
Galaxy Grand Neo,Single
Galaxy Note Pro 12.2 LTE,Micro-SIM
Galaxy Note Pro 12.2 3G,Micro-SIM
Galaxy Tab Pro 12.2 LTE,Micro-SIM
Galaxy Tab Pro 12.2 3G,Micro-SIM
Galaxy Tab Pro 10.1 LTE,Micro-SIM
Galaxy Tab Pro 8.4 3G/LTE,Micro-SIM
Galaxy Core Advance,Mini-SIM
Galaxy S4 Active LTE-A,Micro-SIM
Galaxy J,Micro-SIM
Galaxy Win Pro G3812,Dual
Galaxy S Duos 2 S7582,Dual
Galaxy Grand 2,Single
I9230 Galaxy Golden,Micro-SIM
C3590,Single
Galaxy Express 2,Micro-SIM
I9506 Galaxy S4,Micro-SIM
Galaxy Light,Micro-SIM
Galaxy Round G910S,Micro-SIM
Galaxy Fresh S7390,Single
Galaxy Core Plus,Single
Galaxy Fame Lite Duos S6792L,Dual
Galaxy Fame Lite S6790,Micro-SIM
Galaxy Star Pro S7260,Single
Galaxy Note 10.1 (2014),Micro-SIM
Galaxy Note 3,Micro-SIM
Ch@t 333,Single
Galaxy Prevail 2,Mini-SIM
Gravity Q T289,Mini-SIM
Galaxy S4 zoom,Micro-SIM
Galaxy S II TV,Dual
Galaxy Ace 3,Single
I9190 Galaxy S4 mini,Single
I9295 Galaxy S4 Active,Micro-SIM
Galaxy Tab 3 8.0,Micro-SIM
Galaxy Tab 3 10.1 P5220,Micro-SIM
Galaxy Tab 3 10.1 P5200,Micro-SIM
Galaxy Exhibit T599,Micro-SIM
Galaxy Core I8260,Single
Galaxy Tab 3 7.0,Micro-SIM
Galaxy Mega 6.3 I9200,Micro-SIM
Galaxy Mega 5.8 I9150,Single
Galaxy Trend II Duos S7572,Single
Galaxy Win I8550,Single
Galaxy Pocket Neo S5310,Single
Galaxy Star S5280,Single
I9505 Galaxy S4,Micro-SIM
I9500 Galaxy S4,Micro-SIM
I9502 Galaxy S4,Dual
Galaxy S4 CDMA,Micro-SIM
Galaxy Note 8.0,Micro-SIM
Galaxy Y Plus S5303,Dual
Rex 90 S5292,Dual
Rex 80 S5222R,Dual
Rex 70 S3802,Dual
Rex 60 C3312R,Dual
Metro E2202,Dual
E1282T,Dual
E1207T,Dual
Galaxy Young S6310,Single
Galaxy Fame S6810,Single
Galaxy Express I8730,Micro-SIM
S7710 Galaxy Xcover 2,Mini-SIM
Ativ Odyssey I930,Micro-SIM
I9105 Galaxy S II Plus,Mini-SIM
Galaxy Grand I9082,Dual
Galaxy Grand I9080,Mini-SIM
Star Deluxe Duos S5292,Dual
Galaxy Note LTE 10.1 N8020,Micro-SIM
A997 Rugby III,Mini-SIM
Galaxy Axiom R830,Mini-SIM
Galaxy Stratosphere II I415,Micro-SIM
Galaxy Discover S730M,Mini-SIM
Galaxy Pop SHV-E220,Mini-SIM
Galaxy Premier I9260,Mini-SIM
Comment 2 R390C,Mini-SIM
I8190 Galaxy S III mini,Mini-SIM
Galaxy Music Duos S6012,Dual
Galaxy Music S6010,Mini-SIM
Galaxy Rugby Pro I547,Mini-SIM
Galaxy Express I437,Micro-SIM
Ch@t 357,Single
I9305 Galaxy S III,Micro-SIM
Galaxy Victory 4G LTE L300,Mini-SIM
Champ Neo Duos C3262,Dual
Galaxy S Relay 4G T699,Mini-SIM
Galaxy Pocket Duos S5302,Dual
Galaxy Note II N7100,Micro-SIM
Galaxy Note II CDMA,Micro-SIM
Ativ S I8750,Micro-SIM
Galaxy Camera GC100,Micro-SIM
Galaxy Rush M830,Mini-SIM
Galaxy Stellar 4G I200,Mini-SIM
Galaxy Reverb M950,Mini-SIM
Galaxy Tab 2 7.0 I705,Mini-SIM
Galaxy Note 10.1 N8000,Mini-SIM
Array M390,Mini-SIM
Galaxy S Lightray 4G R940,Mini-SIM
Galaxy S Duos S7562,Dual
Manhattan E3300,Mini-SIM
E2262,Dual
E1260B,Mini-SIM
E1200 Pusha,Mini-SIM
E2252,Dual
Galaxy Chat B5330,Mini-SIM
U485 Intensity III,Mini-SIM
Galaxy I8250,Mini-SIM
Galaxy Ace Advance S6800,Mini-SIM
Galaxy Ace Duos S6802,Dual
Galaxy Appeal I827,Mini-SIM
Galaxy Tab 8.9 4G P7320T,Mini-SIM
C3780,Mini-SIM
C3782 Evan,Dual
Galaxy Proclaim S720C,Mini-SIM
I9500 Fraser,Mini-SIM
Omnia M S7530,Mini-SIM
Focus 2 I667,Mini-SIM
Galaxy S III T999,Micro-SIM
Galaxy S III I747,Micro-SIM
Galaxy S III CDMA,Micro-SIM
I9300 Galaxy S III,Micro-SIM
E2350B,Mini-SIM
U380 Brightside,Mini-SIM
Galaxy Pocket plus S5301,Mini-SIM
Galaxy Pocket S5300,Mini-SIM
I8530 Galaxy Beam,Mini-SIM
Galaxy Tab 2 10.1 P5100,Mini-SIM
Rugby Smart I847,Mini-SIM
W999,Mini-SIM
Galaxy Ace II X S7560M,Mini-SIM
Galaxy Ace 2 I8160,Mini-SIM
Galaxy mini 2 S6500,Mini-SIM
Galaxy Ace Duos I589,Mini-SIM
Galaxy Pop Plus S5570i,Mini-SIM
Galaxy Tab 2 7.0 P3100,Mini-SIM
I9070 Galaxy S Advance,Mini-SIM
C3312 Duos,Dual
Star 3 s5220,Mini-SIM
Star 3 Duos S5222,Dual
Galaxy Nexus I9250M,Mini-SIM
Galaxy Attain 4G,Mini-SIM
Galaxy S Blaze 4G T769,Mini-SIM
Galaxy Tab 7.7 LTE I815,Mini-SIM
Galaxy Nexus LTE L700,Mini-SIM
Exhilarate i577,Mini-SIM
Galaxy S II Skyrocket HD I757,Micro-SIM
Galaxy Note T879,Mini-SIM
Galaxy Note I717,Mini-SIM
Galaxy Ace Plus S7500,Mini-SIM
I929 Galaxy S II Duos,Dual
Galaxy Y Duos S6102,Dual
Galaxy Y Pro Duos B5512,Dual
E2600,Mini-SIM
M370,Mini-SIM
R680 Repp,Mini-SIM
I110 Illusion,Mini-SIM
E1050,Mini-SIM
E1232B,Dual
E1230,Mini-SIM
Focus S I937,Mini-SIM
Focus Flash I677,Mini-SIM
Galaxy S II Skyrocket i727,Mini-SIM
C3330 Champ 2,Single
Exhibit II 4G T679,Mini-SIM
C3350,Mini-SIM
C3520,Mini-SIM
Galaxy Nexus i515,Mini-SIM
Galaxy Nexus I9250,Mini-SIM
I9100G Galaxy S II,Mini-SIM
I405 Stratosphere,Mini-SIM
R730 Transfix,Mini-SIM
i927 Captivate Glide,Mini-SIM
DoubleTime I857,Mini-SIM
M930 Transform Ultra,Mini-SIM
P6200 Galaxy Tab 7.0 Plus,Mini-SIM
Omnia W I8350,Mini-SIM
Galaxy S II HD LTE,Micro-SIM
Ch@t 527,Mini-SIM
P6800 Galaxy Tab 7.7,Mini-SIM
Galaxy Note N7000,Mini-SIM
Galaxy S II I777,Mini-SIM
Galaxy S II X T989D,Mini-SIM
Galaxy S II T989,Mini-SIM
Galaxy S II Epic 4G Touch,Mini-SIM
S8600 Wave 3,Mini-SIM
Wave M S7250,Mini-SIM
Wave Y S5380,Mini-SIM
Galaxy S II LTE i727R,Mini-SIM
Galaxy S II LTE I9210,Mini-SIM
Galaxy Tab 8.9 LTE I957,Mini-SIM
Galaxy W I8150,Mini-SIM
Galaxy M Pro B7800,Mini-SIM
Galaxy Y Pro B5510,Mini-SIM
Galaxy Y TV S5367,Mini-SIM
Galaxy Y S5360,Mini-SIM
Gravity TXT T379,Mini-SIM
Galaxy Q T589R,Mini-SIM
S5610,Mini-SIM
S3770,Mini-SIM
S5690 Galaxy Xcover,Mini-SIM
Galaxy S II 4G I9100M,Mini-SIM
I9103 Galaxy R,Mini-SIM
R720 Admire,Mini-SIM
Convoy 2,Mini-SIM
Conquer 4G,Mini-SIM
R640 Character,Mini-SIM
R380 Freeform III,Mini-SIM
Trender,Mini-SIM
Gravity SMART,Mini-SIM
Exhibit 4G,Mini-SIM
E1195,Mini-SIM
C414,Mini-SIM
E1190,Mini-SIM
C3560,Mini-SIM
Dart T499,Mini-SIM
C3322,Dual
R260 Chrono,Mini-SIM
E2232,Dual
E1182,Dual
I9001 Galaxy S Plus,Mini-SIM
DuosTV I6712,Dual
C6712 Star II DUOS,Dual
Ch@t 222,Dual
Ch@t 220,Mini-SIM
M580 Replenish,Mini-SIM
Galaxy Prevail,Mini-SIM
M220L Galaxy Neo,Mini-SIM
Google Nexus S I9020A,Mini-SIM
Google Nexus S I9023,Mini-SIM
E2230,Mini-SIM
P7500 Galaxy Tab 10.1 3G,Mini-SIM
Galaxy Tab 10.1 LTE I905,Mini-SIM
Galaxy Tab 8.9 P7300,Mini-SIM
Google Nexus S 4G,Mini-SIM
M260 Factor,Mini-SIM
S3850 Corby II,Mini-SIM
Galaxy Pro B7510,Mini-SIM
I9100 Galaxy S II,Mini-SIM
E2652W Champ Duos,Dual
E2652 Champ Duos,Dual
P7100 Galaxy Tab 10.1v,Mini-SIM
S5780 Wave 578,Mini-SIM
Ch@t 350,Mini-SIM
E3213 Hero,Mini-SIM
E3210,Mini-SIM
E2330,Mini-SIM
I9003 Galaxy SL,Mini-SIM
Galaxy Ace S5830I,Mini-SIM
Galaxy Ace S5830,Mini-SIM
Galaxy Fit S5670,Mini-SIM
Galaxy Gio S5660,Mini-SIM
Galaxy Mini S5570,Mini-SIM
Galaxy Pop i559,Mini-SIM
Galaxy S 4G T959,Mini-SIM
S5260 Star II,Mini-SIM
I997 Infuse 4G,Mini-SIM
R910 Galaxy Indulge,Mini-SIM
Droid Charge I510,Mini-SIM
Google Nexus S,Mini-SIM
M190S Galaxy S Hoppin,Mini-SIM
Ch@t 335,Mini-SIM
C3630,Mini-SIM
C3530,Mini-SIM
I9010 Galaxy S Giorgio Armani,Mini-SIM
A817 Solstice II,Mini-SIM
A667 Evergreen,Mini-SIM
E2530,Mini-SIM
I100 Gem,Mini-SIM
R710 Suede,Mini-SIM
U750 Zeal,Mini-SIM
Continuum I400,Mini-SIM
Ch@t 322 Wi-Fi,Dual
Ch@t 322,Dual
E1252,Dual
Breeze B209,Mini-SIM
Hero Plus B159,Mini-SIM
W169 Duos,Mini-SIM
Mpower Muzik 219,Mini-SIM
Mpower Txt M369,Mini-SIM
Mpower TV S239,Mini-SIM
E1225 Dual Sim Shift,Dual
Guru E1081T,Mini-SIM
Focus,Mini-SIM
I8700 Omnia 7,Mini-SIM
S5750 Wave575,Mini-SIM
S8530 Wave II,Mini-SIM
M210S Wave2,Mini-SIM
Galaxy Tab T-Mobile T849,Mini-SIM
P1000 Galaxy Tab,Mini-SIM
Galaxy Tab CDMA P100,Mini-SIM
Galaxy Tab 4G LTE,Mini-SIM
T249,Mini-SIM
R580 Profile,Mini-SIM
R570 Messenger III,Mini-SIM
I909 Galaxy S,Mini-SIM
A200K Nori F,Mini-SIM
A220 F Nori,Mini-SIM
M130K Galaxy K,Mini-SIM
Mesmerize i500,Mini-SIM
M920 Transform,Mini-SIM
R360 Freeform II,Mini-SIM
Galaxy 551,Mini-SIM
R900 Craft,Mini-SIM
Xcover 271,Mini-SIM
C3752,Dual
C3750,Mini-SIM
S7230E Wave 723,Mini-SIM
M130L Galaxy U,Mini-SIM
E2152,Dual
S5530,Mini-SIM
U360 Gusto,Mini-SIM
Fascinate,Mini-SIM
Vibrant,Mini-SIM
A927 Flight II,Mini-SIM
T669 Gravity T,Mini-SIM
T479 Gravity 3,Mini-SIM
:) Smiley,Mini-SIM
C5010 Squash,Mini-SIM
i897 Captivate,Mini-SIM
B7350 Omnia PRO 4,Mini-SIM
B6520 Omnia PRO 5,Mini-SIM
U320 Haven,Mini-SIM
U460 Intensity II,Mini-SIM
M350 Seek,Mini-SIM
Epic 4G,Mini-SIM
Acclaim,Mini-SIM
Intercept,Mini-SIM
R360 Messenger Touch,Mini-SIM
i225 Exec,Mini-SIM
M570 Restore,Mini-SIM
R351 Freeform,Mini-SIM
T369,Mini-SIM
S5330 Wave533,Mini-SIM
S5250 Wave525,Mini-SIM
I5500 Galaxy 5,Mini-SIM
I5801 Galaxy Apollo,Mini-SIM
I5800 Galaxy 3,Mini-SIM
B7722,Dual
A847 Rugby II,Mini-SIM
C3300K Champ,Mini-SIM
W960 AMOLED 3D,Mini-SIM
M110S Galaxy S,Mini-SIM
Galaxy A,Mini-SIM
I9000 Galaxy S,Mini-SIM
S3370,Mini-SIM
I6500U Galaxy,Mini-SIM
E1170,Mini-SIM
Metro TV,Mini-SIM
Corby TV F339,Mini-SIM
S3650W Corby,Mini-SIM
W9705,Mini-SIM
A687 Strive,Mini-SIM
A697 Sunburst,Mini-SIM
S8500 Wave,Mini-SIM
I8520 Galaxy Beam,Mini-SIM
B3410W Ch@t,Mini-SIM
M3710 Corby Beat,Mini-SIM
E2370 Xcover,Mini-SIM
E2550 Monte Slider,Mini-SIM
C3200 Monte Bar,Mini-SIM
S5620 Monte,Mini-SIM
S5550 Shark 2,Mini-SIM
S3550 Shark 3,Mini-SIM
E1150,Mini-SIM
S5350 Shark,Mini-SIM
C6112,Dual
M2520 Beat Techno,Mini-SIM
C3510 Genoa,Mini-SIM
M5650 Lindy,Mini-SIM
S7070 Diva,Mini-SIM
C3730C,Mini-SIM
S5150 Diva folder,Mini-SIM
C5130,Mini-SIM
B5722,Dual
M3310L,Mini-SIM
M3310,Mini-SIM
A897 Mythic,Mini-SIM
S5500 Eco,Mini-SIM
T139,Mini-SIM
A797 Flight,Mini-SIM
B3410,Mini-SIM
M715 T*OMNIA II,Mini-SIM
A886 Forever,Mini-SIM
S5560 Marvel,Mini-SIM
S5630C,Mini-SIM
I5700 Galaxy Spica,Mini-SIM
E1390,Mini-SIM
E1160,Mini-SIM
E2130,Mini-SIM
E1130B,Mini-SIM
T401G,Mini-SIM
B7620 Giorgio Armani,Mini-SIM
T939 Behold 2,Mini-SIM
W880 AMOLED 12M,Mini-SIM
Vodafone 360 H1,Mini-SIM
Vodafone 360 M1,Mini-SIM
B5310 CorbyPRO,Mini-SIM
B3210 CorbyTXT,Mini-SIM
F480i,Mini-SIM
B7330 OmniaPRO,Mini-SIM
E1085T,Mini-SIM
E1080T,Mini-SIM
S5510,Mini-SIM
S5230W Star WiFi,Mini-SIM
S7550 Blue Earth,Mini-SIM
S3650 Corby,Mini-SIM
T659 Scarlet,Mini-SIM
B3310,Mini-SIM
C3212,Dual
U450 DoubleTake,Mini-SIM
i220 Code,Mini-SIM
R860 Caliber,Mini-SIM
R520 Trill,Mini-SIM
M900 Moment,Mini-SIM
i350 Intrepid,Mini-SIM
M850 Instinct HD,Mini-SIM
U450 Intensity,Mini-SIM
U960 Rogue,Mini-SIM
S3100,Mini-SIM
A887 Solstice,Mini-SIM
E2120,Mini-SIM
S5233T,Mini-SIM
I6220 Star TV,Mini-SIM
S9110,Mini-SIM
T469 Gravity 2,Mini-SIM
T559 Comeback,Mini-SIM
T746 Impact,Mini-SIM
S5600v Blade,Mini-SIM
S6700,Mini-SIM
C5510,Mini-SIM
M2510,Mini-SIM
M2310,Mini-SIM
W850,Mini-SIM
S8000 Jet,Mini-SIM
I8000 Omnia II,Mini-SIM
B7610 OmniaPRO,Mini-SIM
B7320 OmniaPRO,Mini-SIM
B7300 OmniaLITE,Mini-SIM
M8910 Pixon12,Mini-SIM
E1107 Crest Solar,Mini-SIM
M2710 Beat Twist,Mini-SIM
S5050,Mini-SIM
T349,Mini-SIM
S5200,Mini-SIM
i637 Jack,Mini-SIM
S3310,Mini-SIM
C3060R,Mini-SIM
A167,Mini-SIM
A177,Mini-SIM
I7500 Galaxy,Mini-SIM
J165,Mini-SIM
I6210,Mini-SIM
E1360,Mini-SIM
E1210,Mini-SIM
A657,Mini-SIM
A877 Impression,Mini-SIM
A257 Magnet,Mini-SIM
Propel Pro,Mini-SIM
B2100 Xplorer,Mini-SIM
S5230 Star,Mini-SIM
S5600 Preston,Mini-SIM
i8910 Omnia HD,Mini-SIM
S8300 UltraTOUCH,Mini-SIM
M7600 Beat DJ,Mini-SIM
M6710 Beat DISC,Mini-SIM
S7350 Ultra s,Mini-SIM
S7220 Ultra b,Mini-SIM
C5220,Mini-SIM
S3500,Mini-SIM
S3110,Mini-SIM
P250,Mini-SIM
i7410,Mini-SIM
T929 Memoir,Mini-SIM
C3050 Stratus,Mini-SIM
C3010,Mini-SIM
C3110,Mini-SIM
C6625,Mini-SIM
E1310,Mini-SIM
E1120,Mini-SIM
E1100,Mini-SIM
E1070,Mini-SIM
E2210B,Mini-SIM
E1125,Mini-SIM
E2100B,Mini-SIM
B520,Mini-SIM
B5702,Dual
C5212,Dual
W259 Duos,Mini-SIM
SCH-W699,Dual
W299 Duos,Dual
S9402 Ego,Dual
S3030 Tobi,Mini-SIM
U810 Renown,Mini-SIM
i770 Saga,Mini-SIM
A867 Eternity,Mini-SIM
A777,Mini-SIM
T919 Behold,Mini-SIM
T459 Gravity,Mini-SIM
E2510,Mini-SIM
T219,Mini-SIM
E1410,Mini-SIM
T119,Mini-SIM
E1117,Mini-SIM
E1110,Mini-SIM
C6620,Mini-SIM
i907 Epix,Mini-SIM
A767 Propel,Mini-SIM
i7110,Mini-SIM
F275,Mini-SIM
F270 Beat,Mini-SIM
M8800 Pixon,Mini-SIM
S3600,Mini-SIM
M7500 Emporio Armani,Mini-SIM
M3200 Beat s,Mini-SIM
T339,Mini-SIM
T229,Mini-SIM
A637,Mini-SIM
C510,Mini-SIM
A837 Rugby,Mini-SIM
A237,Mini-SIM
B320,Mini-SIM
B210,Mini-SIM
M3510 Beat b,Mini-SIM
M200,Mini-SIM
P270,Mini-SIM
B2700,Mini-SIM
F268,Mini-SIM
T109,Mini-SIM
E200 ECO,Mini-SIM
D980,Dual
B510,Mini-SIM
E215,Mini-SIM
B130,Mini-SIM
i8510 INNOV8,Mini-SIM
S7330,Mini-SIM
i740,Mini-SIM
M150,Mini-SIM
J800 Luxe,Mini-SIM
M140,Mini-SIM
M130,Mini-SIM
L700,Mini-SIM
i900 Omnia,Mini-SIM
U800 Soul b,Mini-SIM
L870,Mini-SIM
Impact sf,Mini-SIM
M620,Mini-SIM
B300,Mini-SIM
Impact b,Mini-SIM
Impact,Mini-SIM
D780,Dual
V820L,Mini-SIM
F110,Mini-SIM
G400 Soul,Mini-SIM
U900 Soul,Mini-SIM
L810v Steel,Mini-SIM
F480,Mini-SIM
G810,Mini-SIM
M310,Mini-SIM
B200,Mini-SIM
B110,Mini-SIM
A827 Access,Mini-SIM
P960,Mini-SIM
P220,Mini-SIM
P180,Mini-SIM
i200,Mini-SIM
F400,Mini-SIM
J700,Mini-SIM
J630,Mini-SIM
J210,Mini-SIM
J150,Mini-SIM
E251,Mini-SIM
L770,Mini-SIM
A746,Mini-SIM
A727,Mini-SIM
A711,Mini-SIM
A717,Mini-SIM
A437,Mini-SIM
A127,Mini-SIM
A117,Mini-SIM
SPH-i325 Ace,Mini-SIM
i640,Mini-SIM
L320,Mini-SIM
L310,Mini-SIM
L170,Mini-SIM
T819,Mini-SIM
F490,Mini-SIM
G800,Mini-SIM
C500,Mini-SIM
Serenata,Mini-SIM
D880 Duos,Dual
i780,Mini-SIM
i560,Mini-SIM
i550,Mini-SIM
F330,Mini-SIM
F250,Mini-SIM
i450,Mini-SIM
Armani,Mini-SIM
J610,Mini-SIM
J400,Mini-SIM
P260,Mini-SIM
J750,Mini-SIM
A737,Mini-SIM
A517,Mini-SIM
T639,Mini-SIM
T509,Mini-SIM
T439,Mini-SIM
T429,Mini-SIM
T409,Mini-SIM
T739 Katalyst,Mini-SIM
T729 Blast,Mini-SIM
T539 Beat,Mini-SIM
L600,Mini-SIM
Z630,Mini-SIM
G600,Mini-SIM
M610,Mini-SIM
M600,Mini-SIM
M110,Mini-SIM
B500,Mini-SIM
B100,Mini-SIM
S730i,Mini-SIM
S720i,Mini-SIM
J200,Mini-SIM
L760,Mini-SIM
F700,Mini-SIM
E950,Mini-SIM
F210,Mini-SIM
F200,Mini-SIM
i620,Mini-SIM
A411,Mini-SIM
ZV60,Mini-SIM
Z240,Mini-SIM
Z170,Mini-SIM
J600,Mini-SIM
i400,Mini-SIM
U700,Mini-SIM
U600,Mini-SIM
U300,Mini-SIM
U100,Mini-SIM
i710,Mini-SIM
i520,Mini-SIM
F520,Mini-SIM
F510,Mini-SIM
P110,Mini-SIM
E840,Mini-SIM
E830,Mini-SIM
E740,Mini-SIM
E590,Mini-SIM
E230,Mini-SIM
E210,Mini-SIM
E200,Mini-SIM
C520,Mini-SIM
C450,Mini-SIM
C275,Mini-SIM
C270,Mini-SIM
C260,Mini-SIM
C250,Mini-SIM
i600,Mini-SIM
i617 BlackJack II,Mini-SIM
i607 BlackJack,Mini-SIM
F500,Mini-SIM
F300,Mini-SIM
P940,Mini-SIM
P930,Mini-SIM
E790,Mini-SIM
E490,Mini-SIM
E480,Mini-SIM
E390,Mini-SIM
X550,Mini-SIM
X540,Mini-SIM
E250,Mini-SIM
X520,Mini-SIM
X530,Mini-SIM
C300,Mini-SIM
M300,Mini-SIM
E690,Mini-SIM
E570,Mini-SIM
E420,Mini-SIM
X830,Mini-SIM
E890,Mini-SIM
E898,Mini-SIM
P310,Mini-SIM
Z720,Mini-SIM
Z650i,Mini-SIM
Z620,Mini-SIM
Z370,Mini-SIM
Z360,Mini-SIM
P200,Mini-SIM
S501i,Mini-SIM
S401i,Mini-SIM
X510,Mini-SIM
X500,Mini-SIM
D840,Mini-SIM
C400,Mini-SIM
C240,Mini-SIM
C180,Mini-SIM
C170,Mini-SIM
C160,Mini-SIM
C140,Mini-SIM
D830,Mini-SIM
D900i,Mini-SIM
D900,Mini-SIM
X820,Mini-SIM
C130,Mini-SIM
E500,Mini-SIM
E380,Mini-SIM
D870,Mini-SIM
D780 flip,Mini-SIM
E900,Mini-SIM
Z400,Mini-SIM
Z550,Mini-SIM
i320,Mini-SIM
i310,Mini-SIM
ZV50,Mini-SIM
ZV40,Mini-SIM
Z560,Mini-SIM
P920,Mini-SIM
P900,Mini-SIM
P910,Mini-SIM
T629,Mini-SIM
D520,Mini-SIM
D300,Mini-SIM
Z710,Mini-SIM
Z600,Mini-SIM
Z520,Mini-SIM
Z350,Mini-SIM
Z230,Mini-SIM
Z330,Mini-SIM
Z310,Mini-SIM
Z150,Mini-SIM
X680,Mini-SIM
X630,Mini-SIM
X210,Mini-SIM
X300,Mini-SIM
X160,Mini-SIM
E870,Mini-SIM
E780,Mini-SIM
i300x,Mini-SIM
D820,Mini-SIM
D810,Mini-SIM
D800,Mini-SIM
Z540,Mini-SIM
Z510,Mini-SIM
P300,Mini-SIM
E770,Mini-SIM
E370,Mini-SIM
E360,Mini-SIM
ZV30,Mini-SIM
ZV10,Mini-SIM
S400i,Mini-SIM
Z320i,Mini-SIM
S500i,Mini-SIM
E860,Mini-SIM
Serene,Mini-SIM
D600,Mini-SIM
P850,Mini-SIM
E730,Mini-SIM
D510,Mini-SIM
X700,Mini-SIM
X670,Mini-SIM
X660,Mini-SIM
X650,Mini-SIM
X490,Mini-SIM
X200,Mini-SIM
X150,Mini-SIM
Z500,Mini-SIM
Z300,Mini-SIM
Z130,Mini-SIM
Z140,Mini-SIM
D550,Mini-SIM
P860,Mini-SIM
Z700,Mini-SIM
D730,Mini-SIM
i750,Mini-SIM
D720,Mini-SIM
E760,Mini-SIM
E750,Mini-SIM
E720,Mini-SIM
E880,Mini-SIM
i300,Mini-SIM
E350,Mini-SIM
E640,Mini-SIM
E620,Mini-SIM
E530,Mini-SIM
E340,Mini-SIM
X810,Mini-SIM
X800,Mini-SIM
C120,Mini-SIM
C230,Mini-SIM
C210,Mini-SIM
X640,Mini-SIM
X480,Mini-SIM
X620,Mini-SIM
X140,Mini-SIM
S410i,Mini-SIM
S342i,Mini-SIM
D500,Mini-SIM
P730,Mini-SIM
P710,Mini-SIM
D428,Mini-SIM
D488,Mini-SIM
E850,Mini-SIM
E630,Mini-SIM
E810,Mini-SIM
E800,Mini-SIM
Z110,Mini-SIM
D710,Mini-SIM
C200,Mini-SIM
i530,Mini-SIM
i505,Mini-SIM
i500,Mini-SIM
i250,Mini-SIM
i700,Mini-SIM
X910,Mini-SIM
X900,Mini-SIM
X610,Mini-SIM
X460,Mini-SIM
X120,Mini-SIM
E330,Mini-SIM
E310,Mini-SIM
E300,Mini-SIM
C110,Mini-SIM
Z107,Mini-SIM
Z105,Mini-SIM
E610,Mini-SIM
E600,Mini-SIM
P510,Mini-SIM
E410,Mini-SIM
X450,Mini-SIM
X430,Mini-SIM
P705,Mini-SIM
D410,Mini-SIM
X600,Mini-SIM
X100,Mini-SIM
E715,Mini-SIM
E700,Mini-SIM
C100,Mini-SIM
D700,Mini-SIM
P500,Mini-SIM
E105,Mini-SIM
E100,Mini-SIM
X410,Mini-SIM
X400,Mini-SIM
S200,Mini-SIM
E400,Mini-SIM
D100,Mini-SIM
Watch Phone,Mini-SIM
V200,Mini-SIM
Z100,Mini-SIM
P100,Mini-SIM
P400,Mini-SIM
T700,Mini-SIM
S500,Mini-SIM
T500,Mini-SIM
S300,Mini-SIM
T400,Mini-SIM
T200,Mini-SIM
V100,Mini-SIM
S100,Mini-SIM
Q300,Mini-SIM
A800,Mini-SIM
A500,Mini-SIM
T100,Mini-SIM
Q200,Mini-SIM
N620,Mini-SIM
N500,Mini-SIM
N400,Mini-SIM
Q105,Mini-SIM
N300,Mini-SIM
A400,Mini-SIM
A300,Mini-SIM
R220,Mini-SIM
R210,Mini-SIM
R200,Mini-SIM
A200,Mini-SIM
Q100,Mini-SIM
N105,Mini-SIM
N100,Mini-SIM
M100,Mini-SIM
A110,Mini-SIM
A100,Mini-SIM
SGH-2400,Mini-SIM
SGH-2200,Mini-SIM
SGH-2100,Mini-SIM
SGH-810,Mini-SIM
SGH-800,Mini-SIM
SGH-600,Mini-SIM
SGH-500,Mini-SIM
SGH-250,Mini-SIM
Galaxy A04 Core,Single
Galaxy S21,Single
Galaxy A72 5G,Single
Galaxy A91,Single
Galaxy S9 Active,Nano-SIM
Galaxy On5 (2016),Dual
Galaxy J5 Prime (2017),Dual
Galaxy S7 mini,Single
Galaxy S6 Plus,Nano-SIM
Galaxy Grand 3,Single
Galaxy F,Micro-SIM
Galaxy C10,Dual
Guru Dual 26,Dual
C5030,Mini-SIM
M8920,Mini-SIM
Tab M11,Nano-SIM
Tab M10,Nano-SIM
Tab M9,Nano-SIM
Tab M8 (4th Gen),Nano-SIM
Tab P11 Gen 2,Nano-SIM
Tab P11 Pro Gen 2,Nano-SIM
Tab M10 Gen 3,Nano-SIM
Legion Y70,Dual
Tab M10 Plus (3rd Gen),Nano-SIM
Legion Y700,Nano-SIM
Legion Y90,Dual
K14 Plus,Single
Tab K10,Nano-SIM
Tab P12 Pro,Nano-SIM
Tab P11 5G,Nano-SIM
K13 Pro,Single
K13,Dual
Yoga Tab 11,Nano-SIM
Tab P11 Plus,Nano-SIM
Tab M8 (3rd Gen),Nano-SIM
Tab M7 (3rd Gen),Nano-SIM
K13 Note,Dual
Legion 2 Pro,Dual
Legion Duel 2,Dual
K12 Pro,Single
K12 (China),Dual
A8 2020,Triple
Tab P11 Pro,Nano-SIM
Tab P11,Nano-SIM
Tab M10 HD Gen 2,Nano-SIM
Legion Duel,Dual
Legion Pro,Dual
A7,Dual
M10 Plus,Nano-SIM
K10 Plus,Dual
K10 Note,Dual
A6 Note,Dual
Tab M8 (FHD),Nano-SIM
Tab M8 (HD),Nano-SIM
Tab M7,Nano-SIM
Z6,Dual
Z6 Pro 5G,Dual
Z6 Youth,Dual
Z6 Pro,Dual
K6 Enjoy,Dual
Tab V7,Dual
S5 Pro GT,Dual
Z5s,Dual
Z5 Pro GT,Dual
Z5 Pro,Dual
S5 Pro,Dual
K5 Pro,Dual
K9,Dual
Z5,Dual
K5 Note (2018),Dual
A5,Dual
K5 play,Dual
K5,Dual
S5,Dual
K320t,Dual
moto tab,Nano-SIM
Tab 7 Essential,Nano-SIM
K8 Plus,Dual
K8,Dual
K8 Note,Dual
Tab 4 10 Plus,Nano-SIM
Tab 4 10,Nano-SIM
Tab 4 8 Plus,Single
Tab 4 8,Dual
Tab3 8 Plus,Micro-SIM
ZUK Edge,Dual
A6600 Plus,Dual
A6600,Dual
B,Single
A Plus,Dual
P2,Single
K6 Note,Single
K6 Power,Single
K6,Single
Yoga Tab 3 10,Micro-SIM
Yoga Tab 3 Plus,Micro-SIM
Vibe A,Dual
C2 Power,Dual
C2,Dual
Phab2 Plus,Dual
Phab2,Dual
Phab2 Pro,Dual
ZUK Z2,Dual
Vibe C,Dual
ZUK Z2 Pro,Dual
Tab3 10,Micro-SIM
Tab3 8,Micro-SIM
Tab3 7,Micro-SIM
Vibe K5 Plus,Dual
Vibe K5,Dual
A7000 Turbo,Dual
Vibe P1 Turbo,Dual
K5 Note,Dual
Lemon 3,Dual
Vibe S1 Lite,Dual
Vibe K4 Note,Dual
Vibe X3 c78,Dual
Vibe X3,Dual
A3690,Dual
Yoga Tab 3 Pro,Micro-SIM
A1000,Dual
Phab,Dual
Phab Plus,Dual
Vibe P1,Dual
A6010 Plus,Dual
A6010,Single
Vibe P1m,Dual
Vibe S1,Dual
ZUK Z1,Dual
A2010,Dual
A616,Dual
A3900,Dual
K80,Dual
S60,Dual
A6000 Plus,Dual
A1900,Dual
K3 Note,Dual
Vibe Shot,Dual
A7000 Plus,Dual
A7000,Dual
A5000,Dual
Tab 2 A10-70,Micro-SIM
Tab 2 A8-50,Dual
P70,Dual
Tab 2 A7-30,Mini-SIM
A6000,Dual
P90,Micro-SIM
Vibe X2 Pro,Dual
K3,Dual
Golden Warrior Note 8,Dual
A916,Dual
A319,Dual
S856,Dual
S580,Dual
S90 Sisley,Dual
A606,Mini-SIM
Yoga Tablet 2 Pro,Micro-SIM
Yoga Tablet 2 10.1,Micro-SIM
Yoga Tablet 2 8.0 ,Micro-SIM
Tab S8,Micro-SIM
Vibe X2,Single
Vibe Z2,Dual
A850+,Dual
Vibe Z2 Pro,Dual
Golden Warrior A8,Mini-SIM
Golden Warrior S8,Dual
S939,Dual
S750,Dual
A889,Dual
A680,Dual
A316i,Dual
A328,Dual
A536,Dual
A526,Dual
A10-70 A7600,Micro-SIM
A8-50 A5500,Micro-SIM
A7-50 A3500,Micro-SIM
A7-30 A3300,Micro-SIM
Yoga Tablet 10 HD+,Micro-SIM
S860,Dual
S850,Dual
S660,Dual
A880,Dual
A859,Dual
S930,Dual
S650,Dual
Vibe Z K910,Micro-SIM
Yoga Tablet 10,Micro-SIM
Yoga Tablet 8,Micro-SIM
A630,Dual
A516,Dual
Vibe X S960,Micro-SIM
S5000,Micro-SIM
A850,Dual
A706,Dual
P780,Dual
S820,Dual
A390,Dual
A369i,Dual
A269i,Dual
S920,Dual
IdeaTab A3000,Single
K900,Micro-SIM
S890,Dual
IdeaTab A2107,Single
A830,Dual
A820,Dual
A800,Dual
A789,Dual
A690,Dual
S720,Dual
P770,Dual
A60+,Dual
S560,Dual
S880,Dual
A660,Mini-SIM
K860,Mini-SIM
P700i,Dual
A65,Dual
A335,Dual
A185,Dual
S800,Dual
Q350,Dual
Q330,Dual
A336,Dual
E156,Dual
LePhone S2,Mini-SIM
A60,Dual
K800,Mini-SIM
IdeaPad S2,Mini-SIM
LePad S2005,Mini-SIM
K12,Dual
K7,Dual
ZUK Z1 mini,Dual
A5860,Dual
Vibe Z3 Pro,Dual
nubia Z60 Ultra,Dual
nubia Red Magic 9 Pro+,Dual
nubia Red Magic 9 Pro,Dual
Blade V50 Design 4G,Dual
Blade V50 Vita,Dual
Blade V50,Dual
Blade V50 Design,Dual
Blade A54,Dual
Blade A73,Dual
Blade A73 5G,Dual
nubia Neo,Dual
nubia Z50S Pro,Dual
nubia Red Magic Tablet,Nano-SIM
nubia Red Magic 8S Pro+,Dual
nubia Red Magic 8S Pro,Dual
Blade A72s,Dual
V70,Dual
Axon 50 Ultra,Dual
Axon Pad,Nano-SIM
nubia Z50 Ultra,Dual
Blade V40,Dual
Blade V40 Design,Dual
nubia Red Magic 8 Pro+,Dual
nubia Red Magic 8 Pro,Dual
nubia Z50,Dual
Blade V41 Vita,Dual
Voyage 40 Pro+,Dual
Axon 40 Ultra Space Edition,Dual
Axon 40 SE,Dual
Blade V40s,Dual
Axon 30S,Dual
nubia Z40S Pro,Dual
nubia Red Magic 7S Pro,Dual
nubia Red Magic 7S,Dual
Blade V40 Pro,Dual
Blade A72 5G,Dual
Blade A72,Dual
Blade A52 Lite,Dual
Blade A52,Dual
Axon 40 Pro,Dual
Axon 40 Ultra,Dual
nubia Z40 Pro,Dual
Blade V40 Vita,Dual
nubia Red Magic 7 Pro,Dual
nubia Red Magic 7,Dual
Blade A3 Plus,Nano-SIM
Blade A7P,Nano-SIM
Voyage 20 Pro,Dual
Avid 589,Nano-SIM
Blade A71,Dual
Blade A31 Plus,Dual
Blade A31,Dual
Blade A31 Lite,Dual
Blade A51,Dual
Blade L9,Dual
nubia Red Magic 6s Pro,Dual
nubia Red Magic 6s,Dual
Axon 30 5G,Dual
Blade V30 Vita,Dual
Blade V30,Dual
nubia Red Magic 6R,Dual
nubia Z30 Pro,Dual
Blade 11 Prime,Dual
Axon 30 Ultra 5G,Dual
Axon 30 Pro 5G,Dual
S30 Pro,Dual
S30,Dual
S30 SE,Dual
nubia Red Magic 6 Pro,Dual
nubia Red Magic 6,Dual
Link II,Nano-SIM
Blade X1 5G,Nano-SIM
Blade 20 Pro 5G,Dual
Cymbal U,Nano-SIM
Blade V2020 5G,Dual
Blade A7s 2020,Dual
Blade 20 5G,Dual
Blade A3Y,Dual
Blade A5 2020,Dual
Axon 20 5G Extreme,Dual
Axon 20 5G,Single
Axon 20 4G,Dual
Quest 5,Nano-SIM
Gabb Z2,Nano-SIM
nubia Watch,eSIM
nubia Red Magic 5S,Dual
Avid 579,Nano-SIM
nubia Red Magic 5G Lite,Dual
Axon 11 SE 5G,Dual
Blade A3 Joy,Nano-SIM
Blade A3 Prime,Nano-SIM
nubia Play,Dual
Axon 11 4G,Dual
Axon 11 5G,Dual
nubia Red Magic 5G,Dual
Axon 10s Pro 5G,Dual
Cymbal 2,Nano-SIM
Blade Max View,Nano-SIM
Blade A7 Prime,Dual
Blade 10 Prime,Dual
Blade Vantage 2,Nano-SIM
Blade 20,Dual
nubia Red Magic 3s,Dual
nubia Z20,Dual
Blade A5 (2019),Dual
Blade A3 (2019),Dual
Blade L8,Dual
nubia Red Magic 3,Dual
Avid 559,Nano-SIM
nubia Alpha,eSIM
Axon 10 Pro 5G,Dual
Axon 10 Pro,Dual
Blade V10,Dual
Blade V10 Vita,Dual
nubia Red Magic Mars,Dual
nubia X,Dual
nubia Z18,Dual
Axon 9 Pro,Dual
nubia Red Magic,Dual
Blade A7 Vita,Dual
Blade A7,Dual
nubia Z18 mini,Dual
nubia V18,Dual
nubia N3,Dual
Blade V9 Vita,Dual
Blade V9,Dual
Tempo Go,Micro-SIM
Blade A3,Dual
Blade A6,Dual
Maven 2,Micro-SIM
Blade X,Nano-SIM
Axon M,Nano-SIM
nubia Z17s,Dual
nubia Z17 miniS,Dual
nubia Z17 lite,Dual
Blade Z Max,Nano-SIM
Blade Force,Nano-SIM
Tempo X,Nano-SIM
Blade A601,Dual
Grand X View 2,Micro-SIM
Blade V7 Plus,Dual
Quartz,Nano-SIM
nubia N2,Dual
nubia M2,Dual
nubia M2 lite,Dual
nubia M2 Play,Dual
nubia Z17,Dual
Axon 7s,Dual
Max XL,Nano-SIM
nubia Z17 mini,Dual
Blade A520,Dual
nubia N1 lite,Dual
Blade V8 Mini,Dual
Blade V8 Lite,Dual
Blade A2 Plus,Dual
Hawkeye,Dual
Blade V8 Pro,Dual
Blade V8,Dual
Axon 7 Max,Dual
Grand X4,Nano-SIM
Blade V7 Max,Dual
nubia Z11 mini S,Dual
Axon 7 mini,Dual
Warp 7,Nano-SIM
Zmax Pro,Nano-SIM
nubia N1,Dual
nubia Z11 Max,Dual
Axon 7,Dual
nubia Z11,Dual
Blade L110 (A110),Micro-SIM
Grand X Max 2,Nano-SIM
nubia Z11 mini,Dual
Blade L5 Plus,Dual
Blade V Plus,Dual
Blade A610,Dual
Blade A512,Dual
Blade A452,Dual
Blade V7,Dual
Blade A910,Dual
Blade A2,Dual
Blade V7 Lite,Dual
Axon Max,Dual
nubia Prague S,Dual
Grand X 3,Micro-SIM
Avid Plus,Nano-SIM
Blade X9,Dual
Blade X5,Dual
Blade X3,Dual
Axon,Micro-SIM
Blade S7,Dual
Axon mini,Dual
Zmax 2,Micro-SIM
Axon Elite,Dual
nubia My Prague,Dual
Axon Lux,Dual
Boost Max+,Micro-SIM
Blade A460,Micro-SIM
Blade D6,Dual
Axon Pro,Nano-SIM
Blade A410,Micro-SIM
Obsidian,Micro-SIM
Grand X2,Micro-SIM
Sonata 2,Micro-SIM
Blade Apex 3,Micro-SIM
Maven,Micro-SIM
Blade Q Pro,Dual
Blade Qlux 4G,Dual
nubia Z9,Dual
Blade S6 Plus,Dual
nubia Z9 Max,Dual
nubia Z9 mini,Dual
Open L,Micro-SIM
Grand S3,Dual
Blade L3 Plus,Dual
Blade L3,Single
Blade G Lux,Dual
Blade G,Dual
V5 Lux,Dual
Blade S6,Dual
Imperial II,Micro-SIM
Grand X Max+,Micro-SIM
Star 2,Micro-SIM
Grand X Plus Z826,Micro-SIM
Speed,Micro-SIM
Grand S II,Micro-SIM
Grand S Pro,Micro-SIM
Zinger,Micro-SIM
Grand Xmax,Micro-SIM
Zmax,Micro-SIM
Blade Vec 4G,Micro-SIM
Blade Vec 3G,Micro-SIM
Kis 3 Max,Micro-SIM
nubia Z5S mini NX405H,Micro-SIM
nubia Z7,Dual
nubia Z7 Max,Dual
nubia Z7 mini,Dual
Blade L2,Single
Kis 3,Mini-SIM
Blade G2,Dual
Redbull V5 V9180,Dual
Star 1,Mini-SIM
nubia X6,Dual
Grand Memo II LTE,Dual
Open C,Micro-SIM
Open II,Micro-SIM
Iconic Phablet,Micro-SIM
Sonata 4G,Micro-SIM
Grand S II S291,Micro-SIM
nubia Z5S mini NX403A,Micro-SIM
Blade Q Maxi,Mini-SIM
Blade Q,Mini-SIM
Blade Q Mini,Micro-SIM
Blade G V880G,Mini-SIM
Grand X Pro,Single
Grand X Quad V987,Dual
Open,Mini-SIM
Blade C V807,Mini-SIM
V81,Mini-SIM
Grand S,Mini-SIM
Avid 4G,Mini-SIM
V889M,Dual
V887,Dual
Kis III V790,Dual
Groove X501,Mini-SIM
Flash,Mini-SIM
Anthem 4G,Mini-SIM
Warp Sequent,Mini-SIM
Grand Era U895,Mini-SIM
Blade III,Mini-SIM
Grand X IN,Mini-SIM
N880E,Mini-SIM
Grand X LTE T82,Mini-SIM
Grand X V970,Dual
U880E,Mini-SIM
Score M,Mini-SIM
Light Tab 300,Mini-SIM
V96,Mini-SIM
PF 100,Mini-SIM
T98,Mini-SIM
Light Tab 3 V9S,Mini-SIM
Era,Mini-SIM
PF112 HD,Mini-SIM
Skate Acqua,Mini-SIM
Orbit,Mini-SIM
Kis V788,Mini-SIM
V880E,Dual
Nova 3.5,Mini-SIM
Nova 4 V8000,Mini-SIM
Nova Messenger,Mini-SIM
Style Q,Mini-SIM
Style Messanger,Mini-SIM
V875,Mini-SIM
Blade II V880+,Mini-SIM
N910,Mini-SIM
PF200,Mini-SIM
Optik,Mini-SIM
Light Tab 2 V9A,Mini-SIM
Light Tab V9C,Mini-SIM
FTV Phone,Mini-SIM
Chorus,Mini-SIM
Memo,Mini-SIM
Tania,Mini-SIM
Warp,Mini-SIM
Score,Mini-SIM
Avail,Mini-SIM
V9+,Mini-SIM
V9,Mini-SIM
N721,Mini-SIM
Skate,Mini-SIM
V821,Dual
Amigo,Mini-SIM
Racer II,Mini-SIM
U900,Mini-SIM
Libra,Mini-SIM
Rio,Mini-SIM
Blade,Mini-SIM
Sage,Mini-SIM
X990D,Dual
N290,Mini-SIM
N280,Dual
R230,Mini-SIM
R228 Dual SIM,Dual
R228,Mini-SIM
R221,Dual
R220,Mini-SIM
S213,Dual
Salute F350,Mini-SIM
F107,Mini-SIM
E N72,Mini-SIM
Racer,Mini-SIM
F951,Mini-SIM
X990,Mini-SIM
Bingo,Mini-SIM
X760,Mini-SIM
E811,Mini-SIM
Raise,Mini-SIM
Xiang,Mini-SIM
S302,Mini-SIM
A261,Mini-SIM
F233,Mini-SIM
F912,Mini-SIM
F952,Mini-SIM
F928,Mini-SIM
F870,Mini-SIM
F600,Mini-SIM
F103,Mini-SIM
F101,Mini-SIM
F100,Mini-SIM
Coral200 Sollar,Mini-SIM
Blade V20,Dual
nubia X 5G,Dual
C210,Nano-SIM
G310,Nano-SIM
150 (2023),Dual
130 (2023),Dual
G42,Single
C300,Single
C110,Single
110 4G (2023),Single
110 (2023),Single
106 4G (2023),Single
106 (2023),Single
105 4G (2023),Single
105 (2023),Single
XR21,Single
C12 Plus,Dual
C12 Pro,Dual
C32,Single
C22,Single
G22,Single
C02,Dual
C12,Dual
2780 Flip,Single
X30,Dual
G100,Nano-SIM
G60,Dual
C31,Dual
T21,Nano-SIM
G400,Nano-SIM
110 (2022),Dual
8210 4G,Single
5710 XpressAudio,Single
2760 Flip,Single
2660 Flip,Single
T10,Nano-SIM
G11 Plus,Single
C200,Nano-SIM
C100,Nano-SIM
C21 Plus,Single
C21,Single
105+ (2022),Single
105 (2022),Single
C2 2nd Edition,Single
G11,Single
G21,Single
X100,Nano-SIM
G300,Nano-SIM
T20,Nano-SIM
G50,Single
XR20,Single
C30,Dual
6310 (2021),Dual
C1 2nd Edition,Dual
110 4G,Single
105 4G,Single
C20 Plus,Single
C01 Plus,Dual
X20,Single
X10,Single
G20,Single
G10,Single
C20,Single
C10,Dual
1.4,Single
5.4,Single
C1 Plus,Single
8000 4G,Single
6300 4G,Single
8 V 5G UW,Nano-SIM
2 V Tella,Nano-SIM
225 4G,Single
215 4G,Single
3.4,Single
2.4,Dual
C3,Dual
C5 Endi,Nano-SIM
C2 Tennen,Nano-SIM
C2 Tava,Nano-SIM
150 (2020),Dual
125,Single
8.3 5G,Single
5.3,Single
1.3,Single
5310 (2020),Single
C2,Single
C1,Dual
2.3,Single
7.2,Single
6.2,Single
800 Tough,Single
2720 V Flip,Dual
2720 Flip,Single
220 4G,Single
110 (2019),Dual
105 (2019),Dual
3.1 C,Nano-SIM
3.1 A,Nano-SIM
2.2,Single
X71,Dual
9 PureView,Single
4.2,Dual
3 V,Nano-SIM
3.2,Dual
1 Plus,Dual
210,Dual
8.1 (Nokia X7),Dual
106 (2018),Dual
3.1 Plus,Dual
7.1,Single
6.1 Plus (Nokia X6),Dual
5.1 Plus (Nokia X5),Dual
5.1,Dual
3.1,Dual
2.1,Dual
8110 4G,Single
8 Sirocco,Single
7 plus,Dual
6.1,Dual
1,Dual
3310 4G,Micro-SIM
2,Single
7,Dual
3310 3G,Single
8,Single
105 (2017),Dual
130 (2017),Single
3,Single
5,Single
6,Dual
3310 (2017),Single
150,Single
216,Single
230 Dual SIM,Dual
230,Mini-SIM
222 Dual SIM,Dual
222,Mini-SIM
105 Dual SIM (2015),Dual
105 (2015),Mini-SIM
215,Mini-SIM
215 Dual SIM,Dual
Lumia 638,Micro-SIM
Lumia 730 Dual SIM,Dual
Lumia 735,Nano-SIM
Lumia 830,Nano-SIM
130 Dual SIM,Dual
130,Mini-SIM
Lumia 530 Dual SIM,Dual
Lumia 530,Micro-SIM
X2 Dual SIM,Dual
225,Mini-SIM
225 Dual SIM,Dual
Lumia 930,Nano-SIM
Lumia 635,Micro-SIM
Lumia 630 Dual SIM,Dual
Lumia 630,Micro-SIM
XL,Single
X+,Single
X,Single
Asha 230,Single
220,Single
Lumia Icon,Nano-SIM
Lumia 525,Micro-SIM
Lumia 1520,Nano-SIM
Lumia 1320,Micro-SIM
Lumia 2520,Micro-SIM
Asha 503 Dual SIM,Dual
Asha 503,Micro-SIM
Asha 502 Dual SIM,Dual
Asha 500 Dual SIM,Dual
Asha 500,Micro-SIM
108 Dual SIM,Dual
515,Single
107 Dual SIM,Dual
106,Mini-SIM
Lumia 625,Micro-SIM
Lumia 1020,Micro-SIM
208,Single
207,Micro-SIM
Lumia 925,Micro-SIM
Lumia 928,Micro-SIM
Asha 501,Single
Asha 210,Single
Lumia 720,Micro-SIM
Lumia 520,Micro-SIM
301,Single
105,Mini-SIM
Asha 310,Dual
Lumia 505,Micro-SIM
Lumia 620,Micro-SIM
114,Dual
206,Single
Asha 205,Single
109,Mini-SIM
Lumia 822,Micro-SIM
Lumia 510,Micro-SIM
Lumia 810,Micro-SIM
Asha 309,Mini-SIM
Asha 308,Dual
Lumia 920,Micro-SIM
Lumia 820,Micro-SIM
Asha 311,Mini-SIM
Asha 306,Mini-SIM
Asha 305,Dual
113,Mini-SIM
112,Dual
111,Mini-SIM
110,Dual
Lumia 610 NFC,Micro-SIM
103,Mini-SIM
808 PureView,Micro-SIM
800c,Micro-SIM
Lumia 610,Micro-SIM
Asha 302,Mini-SIM
Asha 203,Mini-SIM
Asha 202,Dual
Lumia 900,Micro-SIM
Lumia 900 AT&T,Micro-SIM
801T,Mini-SIM
X2-02,Dual
Lumia 800,Micro-SIM
Lumia 710 T-Mobile,Micro-SIM
Lumia 710,Micro-SIM
Asha 303,Mini-SIM
Asha 300,Mini-SIM
Asha 201,Mini-SIM
Asha 200,Dual
603,Micro-SIM
C2-05,Mini-SIM
X2-05,Mini-SIM
C5-06,Mini-SIM
C5-05,Mini-SIM
C5-04,Mini-SIM
101,Dual
100,Mini-SIM
701,Mini-SIM
700,Mini-SIM
600,Mini-SIM
C3-01 Gold Edition,Mini-SIM
500,Mini-SIM
N9,Micro-SIM
C5 5MP,Mini-SIM
C2-06,Dual
C2-03,Dual
C2-02,Mini-SIM
702T,Mini-SIM
T7,Mini-SIM
N950,Mini-SIM
Oro,Mini-SIM
X1-01,Dual
X7-00,Mini-SIM
E6,Mini-SIM
C7 Astound,Mini-SIM
X1-00,Mini-SIM
X2-01,Mini-SIM
C2-01,Mini-SIM
C5-03,Mini-SIM
E7,Mini-SIM
C6-01,Mini-SIM
C7,Mini-SIM
C3-01 Touch and Type,Mini-SIM
5250,Mini-SIM
X3 Touch and Type S,Mini-SIM
X3-02 Touch and Type,Mini-SIM
X6 8GB (2010),Mini-SIM
X5-01,Mini-SIM
5233,Mini-SIM
E73 Mode,Mini-SIM
C2-00,Dual
C1-02,Mini-SIM
C1-01,Mini-SIM
C1-00,Dual
N8,Mini-SIM
X2-00,Mini-SIM
C6,Mini-SIM
E5,Mini-SIM
C3 (2010),Mini-SIM
C5,Mini-SIM
C5 TD-SCDMA,Mini-SIM
X5 TD-SCDMA,Mini-SIM
6303i classic,Mini-SIM
5132 XpressMusic,Mini-SIM
X6 16GB (2010),Mini-SIM
2710 Navigation Edition,Mini-SIM
X6 (2009),Mini-SIM
6700 slide,Mini-SIM
7230,Mini-SIM
5330 Mobile TV Edition,Mini-SIM
2690,Mini-SIM
2220 slide,Mini-SIM
1800,Mini-SIM
1616,Mini-SIM
1280,Mini-SIM
5235 Comes With Music,Mini-SIM
6788,Mini-SIM
N97 mini,Mini-SIM
X3,Mini-SIM
N900,Mini-SIM
5230,Mini-SIM
3208c,Mini-SIM
5800 Navigation Edition,Mini-SIM
6350,Mini-SIM
Mural,Mini-SIM
6760 slide,Mini-SIM
6790 Surge,Mini-SIM
3720 classic,Mini-SIM
5530 XpressMusic,Mini-SIM
E72,Mini-SIM
3710 fold,Mini-SIM
6730 classic,Mini-SIM
6600i slide,Mini-SIM
7020,Mini-SIM
2720 fold,Mini-SIM
2730 classic,Mini-SIM
E52,Mini-SIM
6216 classic,Mini-SIM
5730 XpressMusic,Mini-SIM
5330 XpressMusic,Mini-SIM
5030 XpressRadio,Mini-SIM
N86 8MP,Mini-SIM
E75,Mini-SIM
E55,Mini-SIM
6720 classic,Mini-SIM
6710 Navigator,Mini-SIM
5630 XpressMusic,Mini-SIM
6700 classic,Mini-SIM
6303 classic,Mini-SIM
2700 classic,Mini-SIM
6208c,Mini-SIM
8800 Gold Arte,Mini-SIM
N97,Mini-SIM
6260 slide,Mini-SIM
E63,Mini-SIM
7100 Supernova,Mini-SIM
5130 XpressMusic,Mini-SIM
2330 classic,Mini-SIM
2323 classic,Mini-SIM
1662,Mini-SIM
1661,Mini-SIM
1202,Mini-SIM
5800 XpressMusic,Mini-SIM
N85,Mini-SIM
N79,Mini-SIM
8800 Carbon Arte,Mini-SIM
3610 fold,Mini-SIM
7610 Supernova,Mini-SIM
7510 Supernova,Mini-SIM
7310 Supernova,Mini-SIM
7210 Supernova,Mini-SIM
E71,Mini-SIM
E66,Mini-SIM
703,Mini-SIM
6600 fold,Mini-SIM
6600 slide,Mini-SIM
3600 slide,Mini-SIM
5320 XpressMusic,Mini-SIM
5220 XpressMusic,Mini-SIM
6212 classic,Mini-SIM
5000,Mini-SIM
7070 Prism,Mini-SIM
2680 slide,Mini-SIM
1680 classic,Mini-SIM
6300i,Mini-SIM
N96,Mini-SIM
N78,Mini-SIM
6220 classic,Mini-SIM
6210 Navigator,Mini-SIM
6124 classic,Mini-SIM
6650 fold,Mini-SIM
3555,Mini-SIM
3120 classic,Mini-SIM
7900 Crystal Prism,Mini-SIM
2600 classic,Mini-SIM
1209,Mini-SIM
3110 Evolve,Mini-SIM
N82,Mini-SIM
8800 Sapphire Arte,Mini-SIM
8800 Arte,Mini-SIM
6301,Mini-SIM
E51,Mini-SIM
E51 camera-free,Mini-SIM
6263,Mini-SIM
N81 8GB,Mini-SIM
N81,Mini-SIM
N95 8GB,Mini-SIM
5610 XpressMusic,Mini-SIM
5310 XpressMusic,Mini-SIM
6555,Mini-SIM
7900 Prism,Mini-SIM
7500 Prism,Mini-SIM
8600 Luna,Mini-SIM
6500 slide,Mini-SIM
6500 classic,Mini-SIM
3500 classic,Mini-SIM
2630,Mini-SIM
6267,Mini-SIM
2760,Mini-SIM
2660,Mini-SIM
1650,Mini-SIM
1208,Mini-SIM
1200,Mini-SIM
6120 classic,Mini-SIM
6121 classic,Mini-SIM
5700,Mini-SIM
5070,Mini-SIM
E90,Mini-SIM
E65,Mini-SIM
E61i,Mini-SIM
N77,Mini-SIM
6110 Navigator,Mini-SIM
3109 classic,Mini-SIM
3110 classic,Mini-SIM
N76,Mini-SIM
N93i,Mini-SIM
6290,Mini-SIM
6086,Mini-SIM
6300,Mini-SIM
2626,Mini-SIM
N95,Mini-SIM
N75,Mini-SIM
5300,Mini-SIM
5200,Mini-SIM
6288,Mini-SIM
6085,Mini-SIM
8800 Sirocco,Mini-SIM
7390,Mini-SIM
7373,Mini-SIM
6151,Mini-SIM
6080,Mini-SIM
1110i,Mini-SIM
E50,Mini-SIM
5500 Sport,Mini-SIM
N93,Mini-SIM
N73,Mini-SIM
N72,Mini-SIM
2610,Mini-SIM
2310,Mini-SIM
1112,Mini-SIM
6136,Mini-SIM
6133,Mini-SIM
6131 NFC,Mini-SIM
6131,Mini-SIM
6126,Mini-SIM
6070,Mini-SIM
6125,Mini-SIM
6103,Mini-SIM
6233,Mini-SIM
6234,Mini-SIM
6282,Mini-SIM
9300i,Mini-SIM
N92,Mini-SIM
N80,Mini-SIM
N71,Mini-SIM
7380,Mini-SIM
7370,Mini-SIM
7360,Mini-SIM
E70,Mini-SIM
E62,Mini-SIM
E61,Mini-SIM
E60,Mini-SIM
3250,Mini-SIM
6708,Mini-SIM
6280,Mini-SIM
6270,Mini-SIM
6111,Mini-SIM
6060,Mini-SIM
N91,Mini-SIM
N90,Mini-SIM
N70,Mini-SIM
2652,Mini-SIM
1600,Mini-SIM
1110,Mini-SIM
1101,Mini-SIM
5140i,Mini-SIM
8800,Mini-SIM
6230i,Mini-SIM
6021,Mini-SIM
6030,Mini-SIM
6680,Mini-SIM
6681,Mini-SIM
6101,Mini-SIM
6822,Mini-SIM
7710,Mini-SIM
6020,Mini-SIM
3230,Mini-SIM
6670,Mini-SIM
7280,Mini-SIM
7270,Mini-SIM
7260,Mini-SIM
9300,Mini-SIM
6630,Mini-SIM
6260,Mini-SIM
6170,Mini-SIM
3128,Mini-SIM
2650,Mini-SIM
2600,Mini-SIM
3220,Mini-SIM
N-Gage QD,Mini-SIM
3120,Mini-SIM
7610,Mini-SIM
9500,Mini-SIM
5140,Mini-SIM
6610i,Mini-SIM
3108,Mini-SIM
7700,Mini-SIM
7200,Mini-SIM
6230,Mini-SIM
6820,Mini-SIM
6810,Mini-SIM
3660,Mini-SIM
7600,Mini-SIM
3200,Mini-SIM
2300,Mini-SIM
1100,Mini-SIM
6620,Mini-SIM
6600,Mini-SIM
3100,Mini-SIM
7250i,Mini-SIM
6108,Mini-SIM
6220,Mini-SIM
3300,Mini-SIM
N-Gage,Mini-SIM
7250,Mini-SIM
8910i,Mini-SIM
6800,Mini-SIM
6100,Mini-SIM
5100,Mini-SIM
2100,Mini-SIM
6650,Mini-SIM
3650,Mini-SIM
3530,Mini-SIM
3510i,Mini-SIM
6610,Mini-SIM
3610,Mini-SIM
9210i Communicator,Mini-SIM
7210,Mini-SIM
6310i,Mini-SIM
3510,Mini-SIM
3410,Mini-SIM
7650,Mini-SIM
8910,Mini-SIM
6510,Mini-SIM
6500,Mini-SIM
8855,Mini-SIM
5210,Mini-SIM
5510,Mini-SIM
8310,Mini-SIM
6310,Mini-SIM
3350,Mini-SIM
3330,Mini-SIM
8250,Mini-SIM
9210 Communicator,Mini-SIM
3310,Mini-SIM
8890,Mini-SIM
8210,Mini-SIM
8850,Mini-SIM
8810,Mini-SIM
6250,Mini-SIM
6210,Mini-SIM
7110,Mini-SIM
9110i Communicator,Mini-SIM
9000 Communicator,Mini-SIM
3210,Mini-SIM
6150,Mini-SIM
6130,Mini-SIM
6110,Mini-SIM
5110,Mini-SIM
3110,Mini-SIM
8110,Mini-SIM
2110,Mini-SIM
G,Single
7.3,Single
9.3 PureView,Single
8.1 Plus,Dual
N87,Mini-SIM
Xperia 5 V,Dual
Xperia 1 V,Dual
Xperia 10 V,Dual
Xperia 5 IV,Dual
Xperia 1 IV,Dual
Xperia 10 IV,Nano-SIM
Xperia 10 IV,eSIM
Xperia Pro-I,Dual
Xperia 10 III Lite,Nano-SIM
Xperia 10 III Lite,eSIM
Xperia 1 III,Dual
Xperia 5 III,Single
Xperia 10 III,Single
Xperia Pro,Dual
Xperia 5 II,Single
Xperia 1 II,Dual
Xperia 10 II,Single
Xperia L4,Single
Xperia 5,Single
Xperia 1,Single
Xperia 10 Plus,Single
Xperia 10,Single
Xperia L3,Single
Xperia XA2 Plus,Single
Xperia XZ3,Single
Xperia XZ2 Premium,Single
Xperia XZ2,Single
Xperia XZ2 Compact,Single
Xperia XA2 Ultra,Single
Xperia XA2,Single
Xperia L2,Single
Xperia R1 (Plus),Dual
Xperia XZ1,Single
Xperia XA1 Plus,Single
Xperia XZ1 Compact,Nano-SIM
Xperia L1,Single
Xperia XZs,Single
Xperia XZ Premium,Single
Xperia XA1 Ultra,Single
Xperia XA1,Single
Xperia X Compact,Nano-SIM
Xperia XZ,Single
Xperia E5,Single
Xperia XA Ultra,Single
Xperia X Performance,Single
Xperia X,Single
Xperia XA Dual,Dual
Xperia XA,Nano-SIM
Xperia Z5 Premium Dual,Dual
Xperia Z5 Premium,Nano-SIM
Xperia Z5 Dual,Dual
Xperia Z5,Nano-SIM
Xperia Z5 Compact,Nano-SIM
Xperia M5 Dual,Dual
Xperia M5,Nano-SIM
Xperia C5 Ultra Dual,Dual
Xperia C5 Ultra,Nano-SIM
Xperia Z4v,Nano-SIM
Xperia Z3+ dual,Dual
Xperia Z3+,Nano-SIM
Xperia C4 Dual,Dual
Xperia C4,Nano-SIM
Xperia M4 Aqua Dual,Dual
Xperia M4 Aqua,Nano-SIM
Xperia Z4 Tablet LTE,Nano-SIM
Xperia E4g,Micro-SIM
Xperia E4g Dual,Dual
Xperia E4 Dual,Dual
Xperia E4,Micro-SIM
Xperia E3 Dual,Dual
Xperia E3,Micro-SIM
Xperia Z3 Tablet Compact,Nano-SIM
Xperia Z3 Dual,Dual
Xperia Z3v,Nano-SIM
Xperia Z3,Nano-SIM
Xperia M2 Aqua,Micro-SIM
Xperia Z3 Compact,Nano-SIM
Xperia C3 Dual,Dual
Xperia C3,Micro-SIM
Xperia Z2a,Micro-SIM
Xperia T3,Micro-SIM
Xperia M2,Micro-SIM
Xperia M2 dual,Dual
Xperia Z2 Tablet LTE,Micro-SIM
Xperia Z2,Micro-SIM
Xperia E1 dual,Dual
Xperia E1,Mini-SIM
Xperia T2 Ultra dual,Dual
Xperia T2 Ultra,Micro-SIM
Xperia Z1s,Micro-SIM
Xperia Z1 Compact,Micro-SIM
Xperia Z1,Micro-SIM
Xperia Z Ultra,Micro-SIM
Xperia C,Dual
Xperia M,Single
Xperia ZR,Micro-SIM
Xperia L,Mini-SIM
Xperia SP,Micro-SIM
Xperia Tablet Z LTE,Micro-SIM
Xperia Z,Micro-SIM
Xperia ZL,Micro-SIM
Xperia E dual,Dual
Xperia E,Mini-SIM
Xperia T LTE,Micro-SIM
Xperia Tablet S 3G,Mini-SIM
Xperia V,Micro-SIM
Xperia J,Mini-SIM
Xperia TX,Micro-SIM
Xperia T,Micro-SIM
Xperia SL,Micro-SIM
Xperia tipo dual,Dual
Xperia tipo,Mini-SIM
Xperia miro,Mini-SIM
Xperia go,Mini-SIM
Xperia acro S,Mini-SIM
Xperia SX SO-05D,Micro-SIM
Xperia GX SO-04D,Micro-SIM
Xperia acro HD SO-03D,Micro-SIM
Xperia acro HD SOI12,Micro-SIM
Xperia neo L,Mini-SIM
Xperia sola,Mini-SIM
Xperia U,Mini-SIM
Xperia P,Micro-SIM
Xperia S,Micro-SIM
Xperia ion HSPA,Micro-SIM
Xperia ion LTE,Mini-SIM
Tablet P,Mini-SIM
Tablet P 3G,Mini-SIM
Tablet S 3G,Mini-SIM
CMD Z7,Mini-SIM
Xperia LT29i Hayabusa,Mini-SIM
CMD J70,Mini-SIM
CMD J7,Mini-SIM
CMD MZ5,Mini-SIM
CMD J6,Mini-SIM
CMD J5,Mini-SIM
CMD Z5,Mini-SIM
CMD CD5,Mini-SIM
CMD C1,Mini-SIM
CMD Z1 plus,Mini-SIM
CMD Z1,Mini-SIM
CM-DX 2000,Mini-SIM
CM-DX 1000,Mini-SIM
Xperia 5 Plus,Single
Xperia X Ultra,Nano-SIM
Xperia H8541,Single
Xperia M Ultra,Nano-SIM
Xperia X Premium,Single
Xperia Z4 Ultra,Nano-SIM
Xperia Z4 Compact,Nano-SIM
D 2403,Micro-SIM
Xperia C670X,Micro-SIM
ROG Phone 8 Pro,Dual
ROG Phone 8,Dual
Zenfone 10,Dual
ROG Phone 7 Ultimate,Dual
ROG Phone 7,Dual
ROG Phone 6D Ultimate,Dual
ROG Phone 6D,Dual
ROG Phone 6 Diablo Immortal Edition,Dual
ROG Phone 6 Batman Edition,Dual
Zenfone 9,Dual
ROG Phone 6 Pro,Dual
ROG Phone 6,Dual
ROG Phone 5s Pro,Dual
ROG Phone 5s,Dual
Smartphone for Snapdragon Insiders,Dual
Zenfone 8 Flip,Dual
Zenfone 8,Dual
ROG Phone 5 Ultimate,Dual
ROG Phone 5 Pro,Dual
ROG Phone 5,Dual
Zenfone 7 Pro,Dual
Zenfone 7,Dual
ROG Phone 3,Dual
ROG Phone 3 Strix,Dual
ROG Phone II ZS660KL,Dual
Zenfone 6 ZS630KL,Dual
ZenFone Live (L2),Dual
Zenfone Max Plus (M2) ZB634KL,Dual
Zenfone Max Shot ZB634KL,Dual
Zenfone Max Pro (M2) ZB631KL,Dual
Zenfone Max (M2) ZB633KL,Dual
Zenfone Max (M1) ZB556KL,Dual
ZenFone Lite (L1) ZA551KL,Dual
ROG Phone ZS600KL,Dual
ZenFone Live (L1) ZA550KL,Dual
Zenfone Max Pro (M1) ZB601KL/ZB602K,Dual
Zenfone 5z ZS620KL,Dual
Zenfone 5 ZE620KL,Dual
Zenfone 5 Lite ZC600KL,Dual
Zenfone Max (M1) ZB555KL,Dual
Zenfone Max Plus (M1) ZB570TL,Dual
Zenfone V V520KL,Dual
Zenfone 4 Pro ZS551KL,Dual
Zenfone 4 ZE554KL,Dual
Zenfone 4 Selfie Lite ZB553KL,Dual
Zenfone 4 Selfie ZB553KL,Dual
Zenfone 4 Selfie Pro ZD552KL,Dual
Zenfone 4 Selfie ZD553KL,Dual
Zenfone 4 Max ZC520KL,Dual
Zenfone 4 Max Pro ZC554KL,Dual
Zenfone 4 Max Plus ZC554KL,Dual
Zenfone 4 Max ZC554KL,Dual
Zenpad Z8s ZT582KL,Nano-SIM
Zenpad 3s 8.0 Z582KL,Micro-SIM
Zenfone Go ZB552KL,Dual
Zenfone Live ZB501KL,Dual
Zenfone 3s Max ZC521TL,Dual
Zenpad 3S 10 Z500KL,Dual
Zenfone AR ZS571KL,Dual
Zenfone 3 Zoom ZE553KL,Dual
Zenfone Go ZB690KG,Dual
Zenpad 3 8.0 Z581KL,Micro-SIM
Zenfone Go ZB500KL,Dual
Zenfone 3 Max ZC553KL,Dual
Zenfone 3 Deluxe 5.5 ZS550KL,Dual
Zenpad Z10 ZT500KL,Nano-SIM
Zenfone 3 Max ZC520TL,Dual
Zenfone 3 Laser ZC551KL,Dual
Zenfone 3 ZE520KL,Dual
Zenfone Pegasus 3,Dual
Zenpad Z8,Micro-SIM
Zenfone 3 Ultra ZU680KL,Dual
Zenfone 3 Deluxe ZS570KL,Dual
Zenfone 3 ZE552KL,Dual
Zenfone Max ZC550KL (2016),Dual
Zenfone Go ZB450KL,Dual
Zenfone Go ZB452KG,Dual
Zenfone Go ZB551KL,Dual
Zenfone Go T500,Dual
Zenfone Go ZC451TG,Dual
Live G500TG,Dual
Zenfone 2 Laser ZE551KL,Dual
Zenfone Zoom ZX551ML,Micro-SIM
Zenfone Go ZC500TG,Dual
Zenfone Max ZC550KL,Dual
Zenfone 2 Deluxe ZE551ML,Dual
Zenfone 2 Laser ZE601KL,Dual
Zenfone 2 Laser ZE600KL,Dual
Zenfone 2 Laser ZE550KL,Dual
Zenfone 2 Laser ZE500KG,Dual
Zenfone 2 Laser ZE500KL,Dual
Zenpad 7.0 Z370CG,Micro-SIM
Zenfone 2E,Micro-SIM
Pegasus 2 Plus,Dual
Zenpad 8.0 Z380KL,Micro-SIM
Zenpad C 7.0 Z170MG,Micro-SIM
Zenpad C 7.0,Micro-SIM
Zenfone Selfie ZD551KL,Dual
Zenfone 2 ZE500CL,Micro-SIM
Zenfone 2 ZE550ML,Dual
Zenfone 2 ZE551ML,Dual
Fonepad 7 FE375CL,Micro-SIM
Zenfone C ZC451CG,Dual
Fonepad 7 FE171CG,Dual
Zenfone Zoom ZX550,Dual
Pegasus,Dual
Zenfone 5 Lite A502CG (2014),Dual
PadFone X mini,Micro-SIM
Memo Pad 7 ME572CL,Micro-SIM
Zenfone 5 A500KL (2014),Single
Zenfone 4 A450CG (2014),Single
Memo Pad 8 ME581CL,Micro-SIM
Fonepad 8 FE380CG,Dual
Fonepad 7 FE375CXG,Single
Fonepad 7 FE375CG,Dual
Transformer Pad TF303CL,Micro-SIM
Fonepad 7 (2014),Single
PadFone X,Micro-SIM
PadFone S,Micro-SIM
PadFone Infinity Lite,Micro-SIM
PadFone E,Dual
Zenfone 6 A601CG (2014),Dual
Zenfone 6 A600CG (2014),Dual
Zenfone 5 A501CG (2015),Dual
Zenfone 5 A500CG (2014),Dual
Zenfone 4 (2014),Dual
PadFone mini 4G (Intel),Mini-SIM
PadFone mini (Intel),Dual
PadFone mini,Dual
PadFone Infinity 2,Nano-SIM
Fonepad 7,Micro-SIM
Google Nexus 7 (2013),Micro-SIM
Fonepad Note FHD6,Micro-SIM
Fonepad,Micro-SIM
PadFone Infinity,Nano-SIM
Google Nexus 7 Cellular,Micro-SIM
PadFone 2,Micro-SIM
Transformer Pad Infinity 700 LTE,Mini-SIM
Transformer Pad Infinity 700 3G,Mini-SIM
PadFone,Mini-SIM
P835,Mini-SIM
E600,Mini-SIM
P565,Mini-SIM
P552w,Mini-SIM
P320,Mini-SIM
M930,Mini-SIM
P550,Mini-SIM
P750,Mini-SIM
P527,Mini-SIM
Z801,Mini-SIM
J502,Mini-SIM
V88i,Mini-SIM
M530w,Mini-SIM
P526,Mini-SIM
J501,Mini-SIM
P735,Mini-SIM
Z810,Mini-SIM
P535,Mini-SIM
P525,Mini-SIM
P505,Mini-SIM
M303,Mini-SIM
M307,Mini-SIM
M310,Mini-SIM
V80,Mini-SIM
V75,Mini-SIM
V66,Mini-SIM
iPhone 15 Pro Max,USADual
iPhone 15 Pro,USADual
iPhone 15 Plus,USADual
iPhone 15,USADual
Watch Ultra 2,eSIM
Watch Series 9,eSIM
Watch Series 9 Aluminum,eSIM
iPad Pro 12.9 (2022),Nano-SIM
iPad Pro 12.9 (2022),eSIM
iPad Pro 11 (2022),Nano-SIM
iPad Pro 11 (2022),eSIM
iPad (2022),Nano-SIM
iPad (2022),eSIM
iPhone 14 Pro Max,USADual
iPhone 14 Pro,USADual
iPhone 14 Plus,USADual
iPhone 14,USADual
Watch Ultra,eSIM
Watch Series 8,eSIM
Watch Series 8 Aluminum,eSIM
Watch SE (2022),eSIM
iPhone SE (2022),Nano-SIM
iPhone SE (2022),eSIM
iPad Air (2022),Nano-SIM
iPad Air (2022),eSIM
iPhone 13 Pro Max,Dual
iPhone 13 Pro,Dual
iPhone 13,Dual
iPhone 13 mini,Dual
iPad mini (2021),Nano-SIM
iPad mini (2021),eSIM
iPad 10.2 (2021),Nano-SIM
iPad 10.2 (2021),eSIM
Watch Edition Series 7,eSIM
Watch Series 7,eSIM
Watch Series 7 Aluminum,eSIM
iPad Pro 12.9 (2021),Nano-SIM
iPad Pro 12.9 (2021),eSIM
iPad Pro 11 (2021),Nano-SIM
iPad Pro 11 (2021),eSIM
iPhone 12 Pro Max,Dual
iPhone 12 Pro,Dual
iPhone 12,Dual
iPhone 12 mini,Dual
iPad Air (2020),Nano-SIM
iPad Air (2020),eSIM
iPad 10.2 (2020),Nano-SIM
iPad 10.2 (2020),eSIM
Watch SE,eSIM
Watch Series 6 Aluminum,eSIM
Watch Series 6,eSIM
Watch Edition Series 6,eSIM
iPhone SE (2020),Nano-SIM
iPhone SE (2020),eSIM
iPad Pro 12.9 (2020),Nano-SIM
iPad Pro 12.9 (2020),eSIM
iPad Pro 11 (2020),Nano-SIM
iPad Pro 11 (2020),eSIM
iPhone 11 Pro Max,Dual
iPhone 11 Pro,Dual
iPhone 11,Dual
iPad 10.2 (2019),Nano-SIM
iPad 10.2 (2019),eSIM
Watch Edition Series 5,eSIM
Watch Series 5,eSIM
Watch Series 5 Aluminum,eSIM
iPad Air (2019),Nano-SIM
iPad Air (2019),eSIM
iPad mini (2019),Nano-SIM
iPad mini (2019),eSIM
iPad Pro 12.9 (2018),Nano-SIM
iPad Pro 12.9 (2018),eSIM
iPad Pro 11 (2018),Nano-SIM
iPad Pro 11 (2018),eSIM
iPhone XS Max,Dual
iPhone XS,Nano-SIM
iPhone XS,eSIM
iPhone XR,Dual
Watch Series 4,eSIM
Watch Series 4 Aluminum,eSIM
iPad 9.7 (2018),Nano-SIM
iPad 9.7 (2018),eSIM
iPhone X,Nano-SIM
iPhone 8 Plus,Nano-SIM
iPhone 8,Nano-SIM
Watch Edition Series 3,eSIM
Watch Series 3,eSIM
Watch Series 3 Aluminum,eSIM
iPad Pro 12.9 (2017),Nano-SIM
iPad Pro 12.9 (2017),eSIM
iPad Pro 10.5 (2017),Nano-SIM
iPad Pro 10.5 (2017),eSIM
iPad 9.7 (2017),Nano-SIM
iPad 9.7 (2017),eSIM
iPhone 7 Plus,Nano-SIM
iPhone 7,Nano-SIM
iPad Pro 9.7 (2016),Nano-SIM
iPad Pro 9.7 (2016),eSIM
iPhone SE,Nano-SIM
iPhone 6s Plus,Nano-SIM
iPhone 6s,Nano-SIM
iPad Pro 12.9 (2015),Nano-SIM
iPad Pro 12.9 (2015),eSIM
iPad mini 4 (2015),Nano-SIM
iPad mini 4 (2015),eSIM
iPad Air 2,Nano-SIM
iPad Air 2,eSIM
iPad mini 3,Nano-SIM
iPad mini 3,eSIM
iPhone 6 Plus,Nano-SIM
iPhone 6,Nano-SIM
iPad Air,Nano-SIM
iPad mini 2,Nano-SIM
iPhone 5s,Nano-SIM
iPhone 5c,Nano-SIM
iPad mini Wi-Fi + Cellular,Nano-SIM
iPad 4 Wi-Fi + Cellular,Micro-SIM
iPhone 5,Nano-SIM
iPad 3 Wi-Fi + Cellular,Micro-SIM
iPhone 4s,Micro-SIM
iPad 2 Wi-Fi + 3G,Micro-SIM
iPad 2 CDMA,Mini-SIM
iPhone 4,Micro-SIM
iPhone 4 CDMA,Micro-SIM
iPad Wi-Fi + 3G,Micro-SIM
iPhone 3GS,Mini-SIM
iPhone 3G,Mini-SIM
iPhone,Mini-SIM
Redmi Note 13 Pro 4G,Dual
Redmi Note 13 4G,Dual
Redmi Note 13 Pro+,Dual
Redmi Note 13 Pro,Dual
Redmi Note 13,Dual
Poco X6 Pro,Dual
Poco X6,Dual
Poco M6 Pro,Dual
Poco M6,Dual
Redmi 13R,Dual
Redmi 13C 5G,Dual
Redmi K70 Pro,Dual
Redmi K70,Dual
Redmi K70E,Dual
Redmi Note 13R Pro,Dual
Redmi 13C,Dual
Poco C65,Dual
14 Pro,Dual
14,Dual
13T Pro,Dual
13T,Dual
Watch 2 Pro,eSIM
Redmi Note 13 (China),Dual
Redmi K60 Ultra,Dual
Mix Fold 3,Dual
Poco M6 Pro 5G,Dual
Redmi 12 5G,Dual
Redmi Note 12R,Dual
Redmi Note 12R Pro,Dual
Redmi 12,Dual
Redmi Note 12T Pro,Dual
Civi 3,Dual
Poco F5 Pro,Dual
Poco F5,Dual
13 Ultra,Dual
Poco C51,Dual
Redmi Note 12S,Dual
Redmi Note 12 Pro 4G,Dual
Redmi Note 12 Turbo,Dual
Redmi A2+,Dual
Redmi A2,Dual
Redmi Note 12 4G,Dual
13 Pro,Dual
13,Dual
13 Lite,Dual
Poco C55,Dual
Poco X5 Pro,Dual
Poco X5,Dual
Redmi Note 12,Dual
Poco C50,Dual
Redmi Note 12 Pro Speed,Dual
Redmi K60 Pro,Dual
Redmi K60E,Dual
Redmi K60,Dual
Redmi 12C,Dual
Redmi Note 12 Discovery,Dual
Redmi Note 12 Pro+,Dual
Redmi Note 12 Pro,Dual
Redmi Note 12 (China),Dual
12T Pro,Dual
12T,Dual
Redmi Note 11R,Dual
Redmi A1+,Dual
Civi 2,Dual
Redmi 11 Prime,Dual
Redmi 11 Prime 5G,Dual
Redmi A1,Dual
Poco M5s,Dual
Poco M5,Dual
Poco M5 (India),Dual
Redmi Note 11 SE (India),Dual
Poco M4 5G,Dual
Redmi K50 Ultra,Dual
Mix Fold 2,Dual
Redmi K50i,Dual
12 Lite,Dual
12S Ultra,Dual
12S Pro,Dual
12S,Dual
12 Pro (Dimensity),Dual
Poco F4,Dual
Poco X4 GT,Dual
Poco C40,Dual
Redmi Note 11T Pro+,Dual
Redmi Note 11T Pro,Dual
Redmi Note 11SE,Dual
Redmi 10 Prime 2022,Dual
Poco M4 5G (India),Dual
Poco F4 GT,Dual
Civi 1S,Dual
Redmi 10 Power,Dual
Black Shark 5 Pro,Dual
Black Shark 5,Dual
Black Shark 5 RS,Dual
Redmi 10A,Dual
Redmi Note 11S 5G,Dual
Redmi 10 5G,Dual
Redmi Note 11 Pro+ 5G,Dual
Redmi K50 Pro,Dual
Redmi K50,Dual
Redmi K40S,Dual
12 Pro,Dual
12,Dual
12X,Dual
Redmi 10 (India),Dual
Redmi 10C,Dual
Redmi Note 11 Pro+ 5G (India),Dual
Redmi Note 11E Pro,Dual
Redmi Note 11E,Dual
Poco X4 Pro 5G,Dual
Poco M4 Pro,Dual
Redmi K50 Gaming,Dual
Redmi 10 2022,Dual
Redmi Note 11 Pro 5G,Dual
Redmi Note 11 Pro,Dual
Redmi Note 11S,Dual
Redmi Note 11,Dual
11i HyperCharge 5G,Dual
11i,Dual
Redmi Note 11T 5G,Dual
Redmi Note 11 4G,Dual
Poco M4 Pro 5G,Dual
Redmi Note 11 Pro (China),Dual
Redmi Note 11 (China),Dual
Black Shark 4S Pro,Dual
Black Shark 4S,Dual
Redmi Note 10 Lite,Dual
Civi,Dual
Redmi 9i Sport,Dual
Redmi 9A Sport,Dual
Poco C31,Dual
Redmi 9 Activ,Dual
11T Pro,Dual
11T,Dual
11 Lite 5G NE,Dual
Redmi 10 Prime,Dual
Redmi 10,Dual
Pad 5 Pro,Nano-SIM
Mix 4,Dual
Poco X3 GT,Dual
Poco F3 GT,Dual
Redmi Note 10T 5G,Dual
Redmi Note 10 Pro (China),Dual
Redmi Note 8 2021,Dual
Poco M3 Pro 5G,Dual
Redmi K40 Gaming,Dual
Mi 11X Pro,Dual
Mi 11X,Dual
Poco M2 Reloaded,Dual
Mi Mix Fold,Dual
Mi 11 Ultra,Dual
Mi 11 Pro,Dual
Mi 11i,Dual
Mi 11 Lite 5G,Dual
Mi 11 Lite,Dual
Black Shark 4 Pro,Dual
Black Shark 4,Dual
Poco X3 Pro,Dual
Poco F3,Dual
Mi 10S,Dual
Redmi Note 10 Pro,Dual
Redmi Note 10 5G,Dual
Redmi Note 10S,Dual
Redmi Note 10,Dual
Redmi Note 10 Pro Max,Dual
Redmi Note 10 Pro (India),Dual
Redmi K40 Pro+,Dual
Redmi K40 Pro,Dual
Redmi K40,Dual
Redmi Note 9T,Dual
Redmi 9T,Dual
Mi 10i 5G,Dual
Mi 11,Dual
Redmi 9 Power,Dual
Redmi Note 9 Pro 5G,Dual
Redmi Note 9 5G,Dual
Redmi Note 9 4G,Dual
Poco M3,Dual
Redmi K30S,Dual
Poco C3,Dual
Mi 10T Pro 5G,Dual
Mi 10T 5G,Dual
Mi 10T Lite 5G,Dual
Redmi 9AT,Dual
Redmi 9i,Dual
Poco M2,Dual
Poco X3,Dual
Poco X3 NFC,Dual
Redmi 9 (India),Dual
Mi 10 Ultra,Dual
Redmi K30 Ultra,Dual
Redmi 9 Prime,Dual
Black Shark 3S,Dual
Poco M2 Pro,Dual
Redmi 9A,Dual
Redmi 9C NFC,Dual
Redmi 9C,Dual
Redmi 9,Dual
Redmi 10X Pro 5G,Dual
Redmi 10X 5G,Dual
Redmi 10X 4G,Dual
Redmi K30i 5G,Dual
Poco F2 Pro,Dual
Redmi K30 5G Racing,Dual
Redmi Note 9 Pro,Dual
Redmi Note 9,Dual
Mi Note 10 Lite,Dual
Mi 10 Youth 5G,Dual
Mi 10 Lite 5G,Dual
Redmi K30 Pro Zoom,Dual
Redmi K30 Pro,Dual
Redmi Note 9S,Dual
Redmi Note 9 Pro Max,Dual
Redmi Note 9 Pro (India),Dual
Black Shark 3 Pro,Dual
Black Shark 3,Dual
Mi 10 Pro 5G,Single
Mi 10 5G,Single
Redmi 8A Pro,Dual
Redmi 8A Dual,Dual
Poco X2,Dual
Redmi K30,Dual
Redmi K30 5G,Dual
Redmi Note 8T,Dual
Mi Note 10 Pro,Dual
Mi Note 10,Dual
Mi CC9 Pro,Dual
Mi Watch (China),eSIM
Redmi 8,Dual
Redmi 8A,Dual
Mi Mix Alpha,Dual
Mi 9 Pro 5G,Dual
Mi 9 Pro,Dual
Redmi K20 Pro Premium,Dual
Mi 9 Lite,Dual
Redmi Note 8 Pro,Dual
Black Shark 2 Pro,Dual
Mi A3,Dual
Redmi 7A,Dual
Mi CC9e,Dual
Mi CC9,Dual
Redmi Note 8,Dual
Mi 9T Pro,Dual
Mi 9T,Dual
Redmi K20,Dual
Redmi K20 Pro,Dual
Redmi Note 7S,Dual
Redmi Y3,Dual
Black Shark 2,Dual
Redmi 7,Dual
Redmi Note 7 Pro,Dual
Mi Mix 3 5G,Nano-SIM
Mi 9 Explorer,Dual
Mi 9 SE,Dual
Mi 9,Dual
Redmi Go,Dual
Redmi Note 7,Dual
Mi Play,Dual
Black Shark Helo,Dual
Mi Mix 3,Dual
Redmi Note 6 Pro,Dual
Mi 8 Pro,Dual
Mi 8 Lite,Dual
Pocophone F1,Dual
Mi A2 (Mi 6X),Dual
Mi A2 Lite (Redmi 6 Pro),Dual
Mi Max 3,Dual
Mi Pad 4 Plus,Nano-SIM
Mi Pad 4,Nano-SIM
Redmi 6,Dual
Redmi 6A,Dual
Mi 8 Explorer,Dual
Mi 8,Dual
Mi 8 SE,Dual
Redmi S2 (Redmi Y2),Dual
Mi Mix 2S,Dual
Redmi Note 5 AI Dual Camera,Dual
Redmi Note 5 Pro,Dual
Black Shark,Dual
Redmi 5 Plus (Redmi Note 5),Dual
Redmi 5,Dual
Redmi 5A,Dual
Redmi Y1 (Note 5A),Dual
Redmi Y1 Lite,Dual
Mi Note 3,Dual
Mi Mix 2,Dual
Mi A1 (Mi 5X),Dual
Mi Max 2,Dual
Redmi 4 (4X),Dual
Mi 6,Dual
Mi 5c,Dual
Redmi Note 4X,Dual
Redmi Note 4,Dual
Redmi 4A,Dual
Redmi 4 (China),Dual
Mi 6 Plus,Dual
Redmi 4 Prime,Dual
Mi Mix,Dual
Mi Note 2,Dual
Mi 5s Plus,Dual
Mi 5s,Dual
Redmi Note 4 (MediaTek),Dual
Redmi Pro,Dual
Redmi 3x,Dual
Redmi 3s Prime,Dual
Redmi 3s,Dual
Redmi 3 Pro,Dual
Mi Max,Dual
Mi 5,Dual
Mi 4s,Dual
Redmi Note 3,Dual
Redmi 3,Dual
Redmi Note Prime,Dual
Redmi Note 3 (MediaTek),Dual
Mi 4c,Dual
Redmi Note 2,Dual
Redmi 2 Pro,Dual
Redmi 2 Prime,Dual
Mi 4i,Dual
Mi Note Pro,Dual
Mi Note,Dual
Redmi 2A,Dual
Redmi 2,Dual
Mi 4 LTE,Micro-SIM
Redmi Note 4G,Mini-SIM
Mi 4,Micro-SIM
Redmi Note,Dual
Mi 3,Mini-SIM
Redmi 1S,Dual
Redmi,Dual
Mi 2A,Mini-SIM
Mi 2S,Mini-SIM
Mi 2,Mini-SIM
Mi 1S,Mini-SIM
12 Lite NE,Dual
Redmi 11,Dual
Redmi 10 Prime+ 5G,Dual
Poco X4 NFC,Dual
Poco M3 Pro,Dual
Redmi 20X,Dual
Redmi 11A,Dual
Mi 10 Lite Zoom,Dual
Mi 9X,Dual
Mi Max 4 Pro,Dual
Mi Max 4,Dual
Mi 6c,Dual
Redmi Pro 2,Dual
Mi Note Plus,Dual
W41 Pro,Dual
W41+,Dual
W41,Dual
W31+,Dual
W31,Dual
W11,Dual
K92 5G,Dual
K62,Dual
Q52,Dual
K52,Dual
K42,Dual
K71,Nano-SIM
Wing 5G,Dual
K22,Dual
Q92 5G,Dual
Q31,Nano-SIM
K31,Dual
Velvet 5G UW,Nano-SIM
Q61,Nano-SIM
Stylo 6,Nano-SIM
Velvet,Dual
Velvet 5G,Dual
Folder 2,Nano-SIM
V60 ThinQ 5G UW,Nano-SIM
V60 ThinQ 5G,Single
Q51,Dual
W10 Alpha,Dual
K61,Single
K51S,Single
K41S,Single
G Pad 5 10.1,Nano-SIM
V50S ThinQ 5G,Single
G8X ThinQ,Single
Q70,Single
K30 (2019),Single
K20 (2019),Dual
K40S,Single
K50S,Single
W30 Pro,Dual
W30,Single
W10,Single
Stylo 5,Nano-SIM
V50 ThinQ 5G,Single
G8S ThinQ,Single
G8 ThinQ,Single
Q60,Single
K50,Single
K40,Single
Q9,Single
V40 ThinQ,Single
Tribute Empire,Nano-SIM
Candy,Dual
G7 Fit,Single
G7 One,Single
Q8 (2018),Single
K11 Plus,Single
Q Stylo 4,Nano-SIM
Q Stylus,Single
V35 ThinQ,Nano-SIM
Q7,Single
G7 ThinQ,Single
V30S ThinQ,Single
Zone 4,Nano-SIM
X power 3,Nano-SIM
K30,Nano-SIM
K10 (2018),Single
K8 (2018),Single
Aristo 2,Nano-SIM
X4+,Dual
V30,Single
Q8 (2017),Single
Q6,Single
G Pad IV 8.0 FHD,Nano-SIM
X venture,Nano-SIM
G6,Single
X power2,Single
Watch Sport,Nano-SIM
Stylo 3 Plus,Nano-SIM
Stylus 3,Single
Harmony,Nano-SIM
K20 plus,Nano-SIM
K10 (2017),Single
K8 (2017),Single
K7 (2017),Single
K4 (2017),Single
K3 (2017),Single
G Pad III 10.1 FHD,Mini-SIM
U,Nano-SIM
V20,Single
X Skin,Micro-SIM
X5,Micro-SIM
X max,Nano-SIM
X mach,Single
G Pad III 8.0 FHD,Nano-SIM
G Pad X 8.0,Nano-SIM
X power,Single
X style,Single
Stylus 2 Plus,Single
Stylo 2,Nano-SIM
K5,Single
K3,Single
G5 SE,Single
G5,Single
X cam,Dual
X screen,Single
K8,Single
Stylus 2,Single
K10,Single
K7,Single
K4,Single
G Pad II 8.3 LTE,Micro-SIM
Ray,Single
G Vista 2,Micro-SIM
Watch Urbane 2nd Edition LTE,Nano-SIM
V10,Single
Nexus 5X,Nano-SIM
Zero,Nano-SIM
G Pad II 10.1,Micro-SIM
G Pad II 8.0 LTE,Micro-SIM
Wine Smart,Micro-SIM
Tribute 2,Micro-SIM
Bello II,Single
G4 Beat,Single
G360,Dual
G350,Micro-SIM
G4c,Micro-SIM
G4 Dual,Dual
G4,Micro-SIM
G Stylo,Micro-SIM
G4 Stylus,H542Dual
AKA,Micro-SIM
Watch Urbane LTE,Nano-SIM
Magna,Dual
Spirit,Single
Leon,Single
Joy,Micro-SIM
G Flex2,Micro-SIM
Tribute,Micro-SIM
L Prime,Dual
G2 Lite,Dual
G3 Dual-LTE,Dual
G3 Screen,Micro-SIM
F60,Single
L60,Micro-SIM
L60 Dual,Dual
G3 Stylus,Dual
L Bello,Single
L Fino,Single
G Pad 8.0 LTE,Micro-SIM
G Vista,Micro-SIM
G3 A,Micro-SIM
G Pad 7.0 LTE,Micro-SIM
L50,Micro-SIM
L30,Mini-SIM
L20,Mini-SIM
G Vista (CDMA),Micro-SIM
G3 LTE-A,Micro-SIM
G3 S Dual,Dual
G3 S,Micro-SIM
L65 D280,Mini-SIM
G3 (CDMA),Micro-SIM
G3,Micro-SIM
450,Mini-SIM
L35,Mini-SIM
Volt,Micro-SIM
G Pad 10.1 LTE,Micro-SIM
L80,Micro-SIM
L80 Dual,Dual
Lucid 3 VS876,Micro-SIM
L65 Dual D285,Dual
G Pad 8.3 LTE,Micro-SIM
F70 D315,Micro-SIM
G2 mini LTE (Tegra),Micro-SIM
G2 mini LTE,Micro-SIM
G2 mini,Single
L90 Dual D410,Dual
L90 D405,Mini-SIM
L70 D320N,Mini-SIM
L70 Dual D325,Dual
L45 Dual X132,Dual
L40 D160,Mini-SIM
L40 Dual D170,Single
G Pro 2,Micro-SIM
Optimus L4 II Tri E470,Triple
Optimus L1 II Tri E475,Triple
Optimus F3Q,Micro-SIM
GX F310L,Micro-SIM
Nexus 5,Micro-SIM
G Flex,Micro-SIM
Fireweb,Mini-SIM
G Pro Lite,Mini-SIM
G Pro Lite Dual,Dual
Optimus L2 II E435,Dual
Vu 3 F300L,Micro-SIM
G2,Micro-SIM
Optimus L9 II,Mini-SIM
Optimus GJ E975W,Micro-SIM
Optimus L4 II Dual E445,Dual
Optimus L4 II E440,Micro-SIM
Optimus F3,Micro-SIM
Lucid2 VS870,Micro-SIM
Optimus F7,Micro-SIM
Optimus F6,Micro-SIM
Optimus G Pro E985,Micro-SIM
Optimus L7 II Dual P715,Dual
Optimus L7 II P710,Micro-SIM
Optimus L5 II Dual E455,Dual
Optimus L5 II E460,Micro-SIM
Optimus L3 II Dual E435,Dual
Optimus L3 II E430,Mini-SIM
Optimus L1 II E410,Mini-SIM
Nexus 4 E960,Micro-SIM
A390,Dual
A395,Quad
C299,Quad
Tri Chip C333,Triple
Spectrum II 4G VS930,Mini-SIM
Mach LS860,Mini-SIM
Optimus L9 P769,Micro-SIM
Optimus Vu II,Micro-SIM
Optimus Vu II F200,Micro-SIM
Optimus G E970,Micro-SIM
Optimus G LS970,Micro-SIM
Optimus G E975,Micro-SIM
Intuition VS950,Micro-SIM
Splendor US730,Mini-SIM
Escape P870,Mini-SIM
Optimus L5 Dual E615,Dual
Optimus L9 P760,Mini-SIM
Motion 4G MS770,Micro-SIM
Optimus Vu P895,Micro-SIM
Optimus L3 E405,Dual
C199,Dual
T385,Mini-SIM
T375 Cookie Smart,Dual
Optimus Elite LS696,Mini-SIM
T370 Cookie Smart,Dual
Optimus LTE2,Mini-SIM
Optimus True HD LTE P936,Mini-SIM
Xpression C395,Mini-SIM
Lucid 4G VS840,Micro-SIM
Optimus M+ MS695,Mini-SIM
Optimus 4X HD P880,Mini-SIM
Optimus 3D Max P720,Mini-SIM
Optimus 3D Cube SU870,Mini-SIM
Optimus L7 P700,Mini-SIM
Optimus L5 E610,Mini-SIM
Optimus Vu F100S,Micro-SIM
Optimus LTE Tag,Mini-SIM
Optimus L3 E400,Mini-SIM
Optimus Pad LTE,Mini-SIM
Rumor Reflex  LN272,Mini-SIM
Connect 4G MS840,Mini-SIM
Viper 4G LTE LS840,Mini-SIM
Spectrum VS920,Mini-SIM
X350,Dual
Prada 3.0,Mini-SIM
Nitro HD,Mini-SIM
Optimus 4G LTE P935,Mini-SIM
Optimus 2 AS680,Mini-SIM
Extravert VN271,Mini-SIM
DoublePlay,Mini-SIM
Enlighten VS700,Mini-SIM
S367,Dual
Jil Sander Mobile,Mini-SIM
Optimus Slider,Mini-SIM
Optimus LTE SU640,Mini-SIM
Optimus LTE LU6200,Mini-SIM
Optimus EX SU880,Mini-SIM
Optimus Q2 LU6500,Mini-SIM
Optimus Hub E510,Mini-SIM
Optimus Sol E730,Mini-SIM
Optimus Net Dual,Dual
Optimus Net,Mini-SIM
Esteem MS910,Mini-SIM
Marquee LS855,Mini-SIM
Optimus Black (White version),Mini-SIM
Optimus Pro C660,Mini-SIM
S365,Dual
A350,Dual
A258,Mini-SIM
A250,Mini-SIM
A270,Mini-SIM
A290,Triple
A230,Dual
A190,Dual
A200,Mini-SIM
T515 Cookie Duo,Dual
T510,Dual
T505,Mini-SIM
EGO T500,Mini-SIM
EGO Wi-Fi,Mini-SIM
C375 Cookie Tweet,Dual
C365,Mini-SIM
C360,Mini-SIM
A100,Mini-SIM
Optimus Big LU6800,Mini-SIM
Cosmos 2,Mini-SIM
US760 Genesis,Mini-SIM
Phoenix P505,Mini-SIM
Thrive P506,Mini-SIM
Thrill 4G P925,Mini-SIM
T315,Mini-SIM
Optimus 3D P920,Mini-SIM
Optimus Pad V900,Mini-SIM
A180,Mini-SIM
A165,Dual
A160,Mini-SIM
Optimus Chat C550,Mini-SIM
A140,Mini-SIM
Optimus Me P350,Mini-SIM
Optimus Black P970,Mini-SIM
Optimus 2X SU660,Mini-SIM
Optimus 2X,Mini-SIM
Optimus Mach LU3000,Mini-SIM
Revolution,Mini-SIM
X335,Dual
C310,Dual
Cookie WiFi T310i,Mini-SIM
GU200,Mini-SIM
A120,Mini-SIM
A155,Dual
S310,Mini-SIM
P525,Dual
P520,Dual
Axis,Mini-SIM
Apex,Mini-SIM
Cosmos Touch VN270,Mini-SIM
Vortex VS660,Mini-SIM
C320 InTouch Lady,Mini-SIM
GT550 Encore,Mini-SIM
GS390 Prime,Mini-SIM
Quantum,Mini-SIM
C900 Optimus 7Q ,Mini-SIM
E900 Optimus 7,Mini-SIM
Town C300,Mini-SIM
Optimus Chic E720,Mini-SIM
Optimus M,Mini-SIM
Octane,Mini-SIM
Optimus S,Mini-SIM
Optimus T,Mini-SIM
Optimus One P500,Mini-SIM
GW910,Mini-SIM
A130,Mini-SIM
GW370 Rumour Plus,Mini-SIM
GD550 Pure,Mini-SIM
KS365,Mini-SIM
GM650s,Mini-SIM
Scarlet II TV,Mini-SIM
Flick T320,Mini-SIM
Cookie 3G T320,Mini-SIM
Wink 3G T320,Mini-SIM
C710 Aloha,Mini-SIM
Cookie Style T310,Mini-SIM
Wink Style T310,Mini-SIM
Cookie Lite T300,Mini-SIM
C105,Mini-SIM
GX300,Dual
GU292,Mini-SIM
GM360 Viewty Snap,Mini-SIM
Fathom VS750,Mini-SIM
Vu Plus,Mini-SIM
GT400 Viewty Smile,Mini-SIM
SU420 Cafe,Mini-SIM
Optimus Z,Mini-SIM
SU920,Mini-SIM
KM570 Cookie Gig,Mini-SIM
Optimus Q LU2300,Mini-SIM
GX500,Dual
KH3900 Joypop,Mini-SIM
GT950 Arena,Mini-SIM
GB280,Mini-SIM
GS155,Mini-SIM
GS107,Mini-SIM
GS106,Mini-SIM
KP108,Mini-SIM
GD350,Mini-SIM
KH5200 Andro-1,Mini-SIM
GT540 Optimus,Mini-SIM
GT405,Mini-SIM
GS290 Cookie Fresh,Mini-SIM
GW990,Mini-SIM
GS500 Cookie Plus,Mini-SIM
GX200,Dual
KF305,Mini-SIM
GW880,Mini-SIM
GD880 Mini,Mini-SIM
Etna C330,Mini-SIM
Wink Plus GT350i,Mini-SIM
Town GT350,Mini-SIM
KU2100,Mini-SIM
GD580 Lollipop,Mini-SIM
GS200,Mini-SIM
GS190,Mini-SIM
GW820 eXpo,Mini-SIM
GU230 Dimsun,Mini-SIM
GD710 Shine II,Mini-SIM
GB160,Mini-SIM
GU285,Mini-SIM
8575 Samba,Mini-SIM
KM555E,Mini-SIM
GD310 ,Mini-SIM
GD510 Pop,Mini-SIM
BL20 New Chocolate,Mini-SIM
CF360,Mini-SIM
GW620,Mini-SIM
GM750,Mini-SIM
BL40 New Chocolate,Mini-SIM
GW300,Mini-SIM
GB270,Mini-SIM
GB190,Mini-SIM
GB109,Mini-SIM
GB170,Mini-SIM
GW550,Mini-SIM
KB775 Scarlet,Mini-SIM
GT500 Puccini,Mini-SIM
GT505,Mini-SIM
GW520,Mini-SIM
GD900 Crystal,Mini-SIM
GC900 Viewty Smart,Mini-SIM
GB230 Julia,Mini-SIM
GD330,Mini-SIM
KS660,Dual
GB125,Mini-SIM
Xenon GR500,Mini-SIM
GB210,Mini-SIM
GM200 Brio,Mini-SIM
KC560,Mini-SIM
KM900 Arena,Mini-SIM
GM730 Eigen,Mini-SIM
KC910i Renoir,Mini-SIM
GB250,Mini-SIM
GB220,Mini-SIM
GB102,Mini-SIM
KT770,Mini-SIM
GB130,Mini-SIM
GM310,Mini-SIM
GM210,Mini-SIM
KM330,Mini-SIM
GB110,Mini-SIM
GB106,Mini-SIM
GD910,Mini-SIM
CT810 Incite,Mini-SIM
KP152,Mini-SIM
KS500,Mini-SIM
KF900 Prada,Mini-SIM
KC780,Mini-SIM
KP500 Cookie,Mini-SIM
KP501 Cookie,Mini-SIM
KP502 Cookie,Mini-SIM
KB770,Mini-SIM
KC910 Renoir,Mini-SIM
KP270,Mini-SIM
CB630 Invision,Mini-SIM
KF311,Mini-SIM
CP150,Mini-SIM
KP265,Mini-SIM
KP260,Mini-SIM
KP199,Mini-SIM
KP170,Mini-SIM
GT365 Neon,Mini-SIM
Univa E510,Mini-SIM
KS360,Mini-SIM
KF390,Mini-SIM
KF350,Mini-SIM
KF245,Mini-SIM
KF240,Mini-SIM
U370,Mini-SIM
HB620T,Mini-SIM
KC550,Mini-SIM
KF757 Secret,Mini-SIM
KF750 Secret,Mini-SIM
KF755 Secret,Mini-SIM
CU915 Vu,Mini-SIM
KF700,Mini-SIM
KF600,Mini-SIM
KF510,Mini-SIM
KP320,Mini-SIM
KT610,Mini-SIM
KT520,Mini-SIM
KM710,Mini-SIM
MG295,Mini-SIM
KF310,Mini-SIM
KF300,Mini-SIM
KM500,Mini-SIM
KM386,Mini-SIM
KM380,Mini-SIM
KM338,Mini-SIM
KG375,Mini-SIM
KP235,Mini-SIM
KP220,Mini-SIM
KP215,Mini-SIM
KP210,Mini-SIM
KP130,Mini-SIM
KP110,Mini-SIM
KP105,Mini-SIM
KP100,Mini-SIM
KU385,Mini-SIM
KU380,Mini-SIM
U960,Mini-SIM
KG290,Mini-SIM
KG288,Mini-SIM
KS20,Mini-SIM
KU990 Viewty,Mini-SIM
KE990 Viewty,Mini-SIM
KE590,Mini-SIM
KE500,Mini-SIM
KG280,Mini-SIM
KG275,Mini-SIM
MG160,Mini-SIM
KU580,Mini-SIM
KE850 Prada,Mini-SIM
KE970 Shine,Mini-SIM
KU970 Shine,Mini-SIM
KE770 Shine,Mini-SIM
CU720 Shine,Mini-SIM
KU950,Mini-SIM
KS10,Mini-SIM
KU311,Mini-SIM
Trax CU575,Mini-SIM
CU500V,Mini-SIM
CU515,Mini-SIM
CE110,Mini-SIM
KU250,Mini-SIM
KE260,Mini-SIM
KE800,Mini-SIM
KE820,Mini-SIM
KU800,Mini-SIM
L343i,Mini-SIM
U830,Mini-SIM
KP200,Mini-SIM
L600v,Mini-SIM
KP202,Mini-SIM
CU500,Mini-SIM
U400,Mini-SIM
U310,Mini-SIM
U300,Mini-SIM
KG800,Mini-SIM
KG810,Mini-SIM
KE600,Mini-SIM
KG330,Mini-SIM
KG320,Mini-SIM
CG180,Mini-SIM
KG300,Mini-SIM
KG270,Mini-SIM
KG200,Mini-SIM
KG195,Mini-SIM
KG920,Mini-SIM
KU730,Mini-SIM
U900,Mini-SIM
V9000,Mini-SIM
KG245,Mini-SIM
KG240,Mini-SIM
KG225,Mini-SIM
KG220,Mini-SIM
KG210,Mini-SIM
KG190,Mini-SIM
KG130,Mini-SIM
KG120,Mini-SIM
KG110,Mini-SIM
C2600,Mini-SIM
U890,Mini-SIM
U8550,Mini-SIM
M6100,Mini-SIM
C2500,Mini-SIM
C1150,Mini-SIM
S5300,Mini-SIM
S5200,Mini-SIM
S5100,Mini-SIM
S5000,Mini-SIM
U880,Mini-SIM
P7200,Mini-SIM
B2250,Mini-SIM
B2070,Mini-SIM
B2050,Mini-SIM
M4410,Mini-SIM
M4330,Mini-SIM
M4300,Mini-SIM
F3000,Mini-SIM
F2410,Mini-SIM
F2250,Mini-SIM
L342i,Mini-SIM
L341i,Mini-SIM
C3400,Mini-SIM
C3380,Mini-SIM
C3320,Mini-SIM
C3310,Mini-SIM
C3300,Mini-SIM
U8380,Mini-SIM
U8360,Mini-SIM
U8330,Mini-SIM
U8290,Mini-SIM
U8210,Mini-SIM
U8200,Mini-SIM
U8180,Mini-SIM
B2150,Mini-SIM
B2100,Mini-SIM
B2000,Mini-SIM
F2400,Mini-SIM
F1200,Mini-SIM
F7250,Mini-SIM
A7150,Mini-SIM
L5100,Mini-SIM
C2200,Mini-SIM
C2100,Mini-SIM
G1800,Mini-SIM
G1610,Mini-SIM
G1700,Mini-SIM
F2300,Mini-SIM
F2100,Mini-SIM
L3100,Mini-SIM
C3100,Mini-SIM
G3100,Mini-SIM
L1100,Mini-SIM
C1400,Mini-SIM
C1200,Mini-SIM
C1100,Mini-SIM
G1600,Mini-SIM
T5100,Mini-SIM
G7200,Mini-SIM
G7120,Mini-SIM
U8150,Mini-SIM
U8138,Mini-SIM
U8120,Mini-SIM
U8110,Mini-SIM
U8100,Mini-SIM
G7100,Mini-SIM
G7070,Mini-SIM
G7050,Mini-SIM
G7030,Mini-SIM
G1500,Mini-SIM
G5500,Mini-SIM
G5400,Mini-SIM
G5310,Mini-SIM
G5300,Mini-SIM
G8000,Mini-SIM
G7020,Mini-SIM
W7020,Mini-SIM
G7000,Mini-SIM
W7000,Mini-SIM
G5200,Mini-SIM
W5200,Mini-SIM
G3000,Mini-SIM
W3000,Mini-SIM
B1200,Mini-SIM
LG 510w,Mini-SIM
LG-600,Mini-SIM
LG-500,Mini-SIM
LG-200,Mini-SIM
G4 Pro,Micro-SIM
Optimus LTE,Mini-SIM
X3,Mini-SIM
E2,Mini-SIM
Fantasy E740,Mini-SIM
nova Y72,Dual
nova 12 Ultra,Single
nova 12 Pro,Single
nova 12,Single
nova 12 Lite,Single
Enjoy 70,Dual
nova 11 SE,Dual
Mate 60 RS Ultimate,Dual
Mate 60 Pro+,Dual
Mate X5,Dual
Mate 60 Pro,Dual
Mate 60,Dual
MatePad Air,Nano-SIM
nova Y91,Single
Watch 4 Pro,eSIM
Watch 4,eSIM
nova 11i,Single
nova Y71,Single
Enjoy 60X,Dual
nova 11 Ultra,Dual
nova 11 Pro,Single
nova 11,Single
Mate X3,Dual
P60 Pro,Single
P60,Dual
P60 Art,Dual
Enjoy 60,Dual
nova 10 Youth,Dual
Enjoy 50z,Dual
Pocket S,Dual
nova Y61,Dual
nova 10 SE,Single
Mate 50 RS Porsche Design,Single
Mate 50 Pro,Single
Mate 50E,Single
Mate 50,Single
nova 10z,Dual
MatePad Pro 11 (2022),Nano-SIM
nova 10 Pro,Dual
nova 10,Single
nova Y90,Single
MatePad 10.4 (2022),Nano-SIM
Mate Xs 2,Dual
MatePad SE,Nano-SIM
nova 9 SE 5G,Dual
nova Y70 Plus,Single
P50E,Dual
nova 9 SE,Dual
P50 Pocket,Dual
nova 8 SE 4G,Dual
nova Y60,Single
Enjoy 20e,Dual
nova 9 Pro,Dual
nova 9,Single
nova 8,Single
P50 Pro,Single
P50,Dual
nova 8 SE Youth,Dual
nova 8i,Dual
Mate 40 Pro 4G,Dual
Mate 40E 4G,Dual
Mate X2 4G,Dual
MatePad Pro 12.6 (2021),Nano-SIM
MatePad Pro 10.8 (2021),Nano-SIM
Watch 3 Pro,eSIM
Watch 3,eSIM
nova 8 Pro 4G,Dual
MatePad T 10,Nano-SIM
Mate 40E,Single
P40 4G,Dual
Mate X2,Dual
nova 8 Pro 5G,Dual
nova 8 5G,Dual
Enjoy 20 SE,Dual
nova 8 SE,Dual
Mate 40 RS Porsche Design,Single
Mate 40 Pro+,Single
Mate 40 Pro,Dual
Mate 40,Single
Mate 30E Pro 5G,Dual
nova 7 SE 5G Youth,Dual
Y7a,Dual
P smart 2021,Dual
MatePad 5G,Nano-SIM
Y9a,Dual
Enjoy 20 Plus 5G,Dual
Enjoy 20 5G,Dual
MatePad 10.8,Nano-SIM
MatePad T 10s,Nano-SIM
Children's Watch 4X,Nano-SIM
Enjoy 20 Pro,Dual
Enjoy Z 5G,Dual
P Smart S,Dual
Y8p,Dual
P40 lite 5G,Dual
P30 Pro New Edition,Single
MatePad T8,Nano-SIM
Y8s,Single
Y6p,Single
Y5p,Single
P smart 2020,Dual
nova 7 Pro 5G,Dual
nova 7 5G,Single
nova 7 SE,Dual
MatePad 10.4,Nano-SIM
Enjoy 10e,Dual
P40 Pro+,Single
P40 Pro,Dual
P40,Dual
P40 lite E,Dual
P40 lite,Dual
MatePad Pro 10.8 5G (2019),Nano-SIM
Mate Xs,Dual
P30 lite New Edition,Dual
Y7p,Dual
nova 7i,Single
Y6s (2019),Dual
P smart Pro 2019,Dual
nova 6 5G,Dual
nova 6,Dual
nova 6 SE,Dual
MatePad Pro 10.8 (2019),Nano-SIM
Mate X,Dual
Y9s,Dual
nova 5z,Dual
Enjoy 10s,Dual
Enjoy 10,Dual
Mate 30 RS Porsche Design,Dual
Mate 30 Pro 5G,Dual
Mate 30 Pro,Single
Mate 30 5G,Dual
Mate 30,Single
nova 5i Pro,Dual
Enjoy 10 Plus,Dual
nova 5T,Dual
MediaPad M6 10.8,Nano-SIM
MediaPad M6 Turbo 8.4,Nano-SIM
MediaPad M6 8.4,Nano-SIM
nova 5 Pro,Dual
nova 5,Dual
nova 5i,Dual
Y9 Prime (2019),Single
P20 lite (2019),Single
P Smart Z,Single
Mate 20 X (5G),Dual
P30 Pro,Single
P30,Single
P30 lite,Single
nova 4e,Dual
Y5 (2019),Single
Enjoy 9e,Dual
Enjoy 9s,Dual
Y Max,Dual
MediaPad M5 Lite 8,Nano-SIM
Y6 Pro (2019),Dual
Y6 (2019),Dual
Y7 (2019),Dual
Y7 Prime (2019),Dual
Y7 Pro (2019),Dual
Y5 lite (2018),Single
nova 4,Dual
P smart 2019,Dual
Enjoy 9,Dual
Mate 20 RS Porsche Design,Single
Mate 20 X,Dual
Mate 20 Pro,Single
Mate 20,Single
MediaPad T5,Nano-SIM
MediaPad M5 lite,Nano-SIM
Y9 (2019),Single
Mate 20 lite,Single
P Smart+ 2019,Dual
nova 3i,Dual
nova 3,Single
Watch 2 2018,Nano-SIM
Watch 2 2018,eSIM
Y5 Prime (2018),Single
Y3 (2018),Single
Y6 Prime (2018),Dual
Y6 (2018),Dual
Mate RS Porsche Design,Dual
P20 Pro,Single
P20,Single
P20 lite,Single
Y7 Pro (2018),Dual
Y7 Prime (2018),Dual
Y7 (2018),Single
Y9 (2018),Dual
MediaPad M5 10 (Pro),Nano-SIM
MediaPad M5 10,Nano-SIM
MediaPad M5 8,Nano-SIM
P smart,Single
nova 2s,Dual
Mate 10 Porsche Design,Dual
Mate 10 Pro,Single
Mate 10,Single
Watch 2 Pro,eSIM
Mate 10 Lite,Single
P9 lite mini,Dual
Y7 Prime,Dual
MediaPad M3 Lite 8,Nano-SIM
MediaPad T3 10,Micro-SIM
MediaPad M3 Lite 10,Nano-SIM
nova 2 plus,Single
nova 2,Single
Y6II Compact,Single
MediaPad T3 8.0,Nano-SIM
Y7,Single
Y6 (2017),Single
Y5 (2017),Dual
Y3 (2017),Dual
Watch 2,Nano-SIM
P10 Plus,Single
P10,Single
P10 Lite,Single
P8 Lite (2017),Dual
Enjoy 6s,Dual
Mate 9 Pro,Single
Mate 9 Porsche Design,Dual
Mate 9,Single
Enjoy 6,Dual
MediaPad M3 8.4,Nano-SIM
nova plus,Single
nova,Single
MediaPad T2 10.0 Pro,Nano-SIM
MediaPad T2 7.0 Pro,Dual
MediaPad T2 7.0,Micro-SIM
G9 Plus,Dual
MediaPad T1 7.0 Plus,Micro-SIM
MediaPad M2 7.0,Dual
Y3II,Dual
Y5II,Dual
P9 lite,Dual
P9 Plus,Single
P9,Single
MediaPad M2 10.0,Micro-SIM
Enjoy 5s,Dual
Mate 8,Dual
G7 Plus,Dual
Y6 Pro,Dual
Nexus 6P,Nano-SIM
Mate S,Single
Y6,Dual
G8,Dual
MediaPad M2 8.0,Micro-SIM
Y560,Single
Y625,Dual
P8lite ALE-L04,Dual
P8lite,Dual
P8max,Dual
P8,Dual
SnapTo,Micro-SIM
MediaPad X2,Dual
Y635,Single
Y360,Dual
Ascend Y540,Micro-SIM
Ascend G628,Single
Ascend Y520,Micro-SIM
Ascend Y221,Single
Ascend GX1,Dual
Ascend Mate7 Monarch,Dual
MediaPad T1 10,Micro-SIM
MediaPad T1 8.0,Micro-SIM
MediaPad T1 7.0,Micro-SIM
Ascend G620s,Micro-SIM
Ascend Y550,Micro-SIM
Ascend G7,Micro-SIM
Ascend P7 Sapphire Edition,Micro-SIM
Ascend Mate7,Dual
Ascend G535,Micro-SIM
Y300II,Mini-SIM
Ascend G630,Micro-SIM
Ascend Y330,Micro-SIM
Ascend Plus,Mini-SIM
Ascend P7,Single
Ascend P7 mini,Micro-SIM
Ascend G730,"SIM,"
Ascend Y600,Micro-SIM
MediaPad 10 Link+,Mini-SIM
Ascend G6 4G,Micro-SIM
Ascend G6,Micro-SIM
MediaPad M1,Micro-SIM
MediaPad X1,Micro-SIM
Ascend Y530,Micro-SIM
MediaPad 7 Youth2,Mini-SIM
Ascend P6 S,"SIM,"
Ascend Mate2 4G,Micro-SIM
Ascend Y320,Micro-SIM
Ascend Y220,Mini-SIM
Ascend G740,Micro-SIM
Ascend Y511,Dual
G6153,Dual
G3621L,Dual
Ascend G700,Dual
G610s,Dual
U8687 Cronos,Mini-SIM
Ascend G525,Dual
MediaPad 7 Youth,MIni-SIM
MediaPad 7 Vogue,Mini-SIM
Ascend P6,Single
Ascend Y300,Mini-SIM
Premia 4G M931,Mini-SIM
Ascend Y210D,Dual
Ascend P2,Micro-SIM
Ascend G615,Mini-SIM
Ascend G526,Micro-SIM
Ascend G350,Mini-SIM
Ascend G312,Mini-SIM
Ascend W1,Mini-SIM
Ascend Mate,Micro-SIM
Ascend D2,Micro-SIM
Ascend G510,Single
Ascend G500,Dual
MediaPad 10 Link,Mini-SIM
Ascend Y,Mini-SIM
Summit,Mini-SIM
Ascend P1 LTE,Mini-SIM
Fusion 2 U8665,Mini-SIM
Ascend G600,Mini-SIM
Ascend G330,Mini-SIM
MediaPad 7 Lite,Mini-SIM
Ascend Y100,Mini-SIM
Ascend Y200,Mini-SIM
Ascend G330D U8825D,Dual
Ascend G300,Mini-SIM
Ascend P1 XL U9200E,Mini-SIM
Ascend P1,Mini-SIM
Ascend Q M5660,Mini-SIM
G6005,Dual
G6800,Dual
G6310,Dual
G5000,Dual
Activa 4G,Mini-SIM
G5520,Dual
G6609,Mini-SIM
Fusion U8652,Mini-SIM
MediaPad 10 FHD,Mini-SIM
Ascend D1 XL U9500E,Mini-SIM
Ascend D1,Mini-SIM
Ascend D quad XL,Mini-SIM
Ascend D quad,Mini-SIM
Ascend P1s,Mini-SIM
M886 Mercury,Mini-SIM
G7300,Mini-SIM
G7005,Mini-SIM
MediaPad,Mini-SIM
D51 Discovery,Mini-SIM
U8520 Duplex,Dual
T8300,Mini-SIM
U8350 Boulder,Mini-SIM
Impulse 4G,Mini-SIM
Pillar,Mini-SIM
U8850 Vision,Mini-SIM
Ascend II,Mini-SIM
U8800 Pro,Mini-SIM
G7206,Dual
U5510,Dual
G5500,Mini-SIM
G6620,Dual
U8650 Sonic,Mini-SIM
U8180 IDEOS X1,Mini-SIM
G6608,Dual
G7010,Mini-SIM
U5900s,Mini-SIM
IDEOS S7 Slim,Mini-SIM
IDEOS S7 Slim CDMA,Mini-SIM
U9000 IDEOS X6,Mini-SIM
U8800 IDEOS X5,Mini-SIM
U8510 IDEOS X3,Mini-SIM
U8150 IDEOS,Mini-SIM
U8500 IDEOS X2,Mini-SIM
U7520,Mini-SIM
G6150,Dual
G7002,Mini-SIM
U8300,Mini-SIM
IDEOS S7,Mini-SIM
C3200,Mini-SIM
U3100,Mini-SIM
U8110,Mini-SIM
U8100,Mini-SIM
U8230,Mini-SIM
U8220,Mini-SIM
U7510,Mini-SIM
U1270,Mini-SIM
U9130 Compass,Mini-SIM
U1250,Mini-SIM
G6600 Passport,Mini-SIM
U9150,Mini-SIM
U7310,Mini-SIM
U121,Mini-SIM
U120,Mini-SIM
U3300,Mini-SIM
U1310,Mini-SIM
U1100,Mini-SIM
U1000,Mini-SIM
T156,Mini-SIM
T158,Mini-SIM
T208,Mini-SIM
T261L,Mini-SIM
T211,Mini-SIM
T161L,Mini-SIM
T330,Mini-SIM
T201,Mini-SIM
T552,Mini-SIM
Mate 30 Lite,Single
G10,Dual
Ascend W3,Micro-SIM
Smart 8 Plus,Dual
Smart 8 Pro,Dual
Smart 8 (India),Dual
Smart 8 HD,Dual
Hot 40 Pro,Dual
Hot 40,Dual
Hot 40i,Dual
Smart 8,Dual
Zero 30 4G,Dual
Zero 30,Dual
GT 10 Pro,Dual
Hot 30 5G,Dual
Note 30 VIP,Dual
Hot 30 Play NFC,Dual
Note 30 Pro,Dual
Note 30,Dual
Note 30 5G,Dual
Note 30i,Dual
Smart 7 HD,Dual
Hot 30i,Dual
Hot 30,Dual
Smart 7 (India),Dual
Smart 7,Dual
Zero 5G 2023,Dual
Hot 20 Play,Dual
Hot 20S,Dual
Hot 20,Dual
Note 12 (2023),Dual
Zero Ultra,Dual
Hot 20 5G,Dual
Hot 20i,Dual
Zero 20,Dual
Note 12i 2022,Dual
Hot 12 Pro,Dual
Smart 6 Plus (India),Dual
Note 12 Pro,Dual
Note 12 Pro 5G,Dual
Note 12 5G,Dual
Hot 11s NFC,Dual
Hot 12 Play,Dual
Hot 12 Play NFC,Dual
Note 12 VIP,Dual
Note 12 G96,Dual
Note 12i,Dual
Note 12,Dual
Hot 12,Dual
Smart 6 HD,Dual
Hot 11 2022,Dual
Hot 12i,Dual
Zero 5G,Dual
Smart 5 Pro,Dual
Hot 11 Play,Dual
Note 11i,Dual
Note 11s,Dual
Note 11,Dual
Smart 6,Dual
Note 11 Pro,Dual
Hot 11s,Dual
Hot 11,Dual
Zero X Pro,Dual
Zero X,Dual
Zero X Neo,Dual
Hot 10i,Dual
Note 10 Pro NFC,Dual
Note 10 Pro,Dual
Note 10,Dual
Hot 10T,Dual
Hot 10s NFC,Dual
Hot 10s,Dual
Smart 5 (India),Dual
Hot 10 Play,Dual
Smart HD 2021,Dual
Zero 8i,Dual
Note 8,Dual
Note 8i,Dual
Hot 10 Lite,Dual
Hot 10,Dual
Zero 8,Dual
Smart 5,Dual
Hot 9 Play,Dual
Note 7,Dual
Note 7 Lite,Dual
Hot 9 Pro,Dual
Hot 9,Dual
S5 Pro (16+32),Dual
S5 Pro (48+40),Dual
S5 Pro,Dual
S5 lite,Dual
Smart 4,Dual
Smart 4c,Dual
Hot 8 Lite,Dual
S5,Dual
Hot 8,Dual
Note 6,Dual
Smart3 Plus,Dual
S4,Dual
Hot 7 Pro,Dual
Hot 7,Dual
Zero 6 Pro,Dual
Zero 6,Dual
Smart 2 HD,Dual
Hot 6X,Dual
Note 5 Stylus,Dual
S3X,Dual
Hot 6,Dual
Note 5,Dual
Smart 2 Pro,Dual
Smart 2,Dual
Hot 6 Pro,Dual
Hot S3,Dual
Zero 5 Pro,Dual
Zero 5,Dual
Hot 5 Lite,Dual
Hot 5,Dual
Note 4 Pro,Dual
Note 4,Dual
Smart,Dual
Zero 4 Plus,Dual
Zero 4,Dual
S2 Pro,Dual
Hot 4 Pro,Dual
Hot 4,Dual
Note 3 Pro,Dual
Note 3,Dual
Hot S,Dual
Wildfire E star,Dual
U23,Dual
U23 Pro,Dual
A103 Plus,Dual
A103,Dual
A102,Dual
A101,Dual
Wildfire E2 Play,Dual
Wildfire E3 lite,Dual
Wildfire E plus,Dual
Desire 22 Pro,Dual
Wildfire E2 Plus,Dual
Wildfire E3,Dual
Desire 21 Pro 5G,Dual
Desire 20+,Dual
Wildfire E1 lite,Dual
Wildfire E2,Dual
Wildfire E1 plus,Dual
Wildfire E1,Dual
Wildfire E,Dual
U20 5G,Dual
Desire 20 Pro,Dual
Desire 19s,Dual
Exodus 1s,Dual
Wildfire X,Dual
U19e,Dual
Desire 19+,Dual
Desire 12s,Dual
Exodus 1,Dual
U12 life,Single
U12+,Single
Desire 12+,Dual
Desire 12,Single
U11 Eyes,Dual
U11+,Single
U11 Life,Single
U11,Single
One X10,Single
U Ultra,Dual
U Play,Dual
10 evo,Nano-SIM
Desire 650,Single
Desire 10 Pro,Dual
Desire 10 Compact,Dual
One A9s,Nano-SIM
Desire 10 Lifestyle,Dual
Desire 728 Ultra,Dual
Desire 628,Dual
One M9 Prime Camera,Nano-SIM
Desire 830,Dual
One S9,Nano-SIM
10 Lifestyle,Nano-SIM
10,Nano-SIM
Desire 825,Single
Desire 630,Dual
Desire 530,Nano-SIM
Desire 625,Nano-SIM
One X9,Dual
One M9s,Nano-SIM
Desire 828 dual sim,Dual
Desire 728 dual sim,Dual
One E9s dual sim,Dual
Butterfly 3,Nano-SIM
One M9+ Supreme Camera,Nano-SIM
One A9,Nano-SIM
Desire 626 (USA),Nano-SIM
Desire 626s,Nano-SIM
Desire 526,Nano-SIM
Desire 520,Nano-SIM
One ME,Dual
Desire 820G+ dual sim,Dual
Desire 326G dual sim,Dual
One M9+,Nano-SIM
One M8s,Nano-SIM
One E9+,Dual
One E9,Dual
One M9,Nano-SIM
Desire 820s dual sim,Dual
Desire 626G+,Dual
Desire 626,Single
Desire 526G+ dual sim ,Dual
Desire 826 dual sim,Dual
Desire 320,Micro-SIM
Desire 620G dual sim,Dual
Desire 620,Single
Nexus 9,Nano-SIM
Desire 816G dual sim,Dual
One (M8 Eye),Nano-SIM
Desire Eye,Nano-SIM
Desire 612,Nano-SIM
Desire 820q dual sim,Dual
Desire 820 dual sim,Dual
Desire 820,Nano-SIM
One (E8) CDMA,Nano-SIM
Desire 510,Micro-SIM
One (M8) for Windows,Nano-SIM
One (M8) for Windows (CDMA),Nano-SIM
Butterfly 2,Nano-SIM
One Remix,Nano-SIM
One (M8) dual sim,Dual
Desire 516 dual sim,Dual
One (E8),Single
One mini 2,Nano-SIM
Desire 616 dual sim,Dual
Desire 210 dual sim,Dual
One (M8) CDMA,Nano-SIM
One (M8),Nano-SIM
Desire 310 dual sim,Dual
Desire 310,Mini-SIM
Desire 816 dual sim,Dual
Desire 816,Nano-SIM
Desire 610,Nano-SIM
Desire 501 dual sim,Dual
Desire 700,"SIM,"
Desire 700 dual sim,"SIM,"
Desire 601 dual sim,Dual
Desire 501,Micro-SIM
One Max,Micro-SIM
Desire 300,Micro-SIM
Desire 601,Micro-SIM
Desire 500,Single
One mini,Micro-SIM
Desire L,Micro-SIM
Desire P,Micro-SIM
8XT,Micro-SIM
Butterfly S,Micro-SIM
Desire 200,Mini-SIM
Desire 600 dual sim,Dual
First,Micro-SIM
One Dual Sim,Dual
One,Micro-SIM
Desire U,Dual
Desire 400 dual sim,Dual
Butterfly,Micro-SIM
DROID DNA,Micro-SIM
One SV CDMA,Micro-SIM
One SV,Micro-SIM
Desire SV,Dual
One VX,Micro-SIM
One X+,Micro-SIM
Windows Phone 8X CDMA,Micro-SIM
Windows Phone 8X,Micro-SIM
Windows Phone 8S,Micro-SIM
One ST,Mini-SIM
One SC,Mini-SIM
Desire X,Single
Desire VT,Mini-SIM
Desire XC,Dual
Desire VC,Dual
Desire V,Dual
Desire C,Mini-SIM
J,Mini-SIM
DROID Incredible 4G LTE,Mini-SIM
Evo 4G LTE,Mini-SIM
One XC,Mini-SIM
One X,Micro-SIM
One X AT&T,Mini-SIM
One XL,Micro-SIM
One S C2,Micro-SIM
One S,Micro-SIM
One V,Mini-SIM
Velocity 4G Vodafone,Mini-SIM
Velocity 4G,Mini-SIM
Titan II,Mini-SIM
Rezound,Mini-SIM
Vivid,Mini-SIM
EVO Design 4G,Mini-SIM
Sensation XL,Mini-SIM
Explorer,Mini-SIM
Amaze 4G,Mini-SIM
Raider 4G,Mini-SIM
Rhyme,Mini-SIM
Hero S,Mini-SIM
Rhyme CDMA,Mini-SIM
Sensation XE,Mini-SIM
Jetstream,Mini-SIM
Lead,Mini-SIM
Titan,Mini-SIM
Radar,Mini-SIM
Panache,Mini-SIM
Status,Mini-SIM
Glacier,Mini-SIM
Trophy,Mini-SIM
DROID Incredible 2,Mini-SIM
Sensation 4G,Mini-SIM
EVO 3D,Mini-SIM
Sensation,Mini-SIM
EVO 3D CDMA,Mini-SIM
HD7S,Mini-SIM
Prime,Mini-SIM
Merge,Mini-SIM
Incredible S,Mini-SIM
Desire S,Mini-SIM
Wildfire S,Mini-SIM
Salsa,Mini-SIM
ChaCha,Mini-SIM
Flyer,Mini-SIM
EVO View 4G,Mini-SIM
Inspire 4G,Mini-SIM
Freestyle,Mini-SIM
ThunderBolt 4G,Mini-SIM
EVO Shift 4G,Mini-SIM
Gratia,Mini-SIM
HD7,Mini-SIM
7 Pro,Mini-SIM
7 Surround,Mini-SIM
7 Mozart,Mini-SIM
7 Trophy,Mini-SIM
Arrive,Mini-SIM
Desire HD,Mini-SIM
Desire Z,Mini-SIM
Paradise,Mini-SIM
Evo 4G+,Mini-SIM
Aria,Mini-SIM
Wildfire CDMA,Mini-SIM
Wildfire,Mini-SIM
HD mini,Mini-SIM
Desire,Mini-SIM
Legend,Mini-SIM
Rider,Mini-SIM
Google Nexus One,Mini-SIM
Smart,Mini-SIM
HD2,Mini-SIM
Evo 4G,Mini-SIM
Droid Incredible,Mini-SIM
DROID ERIS,Mini-SIM
Pure,Mini-SIM
Tattoo,Mini-SIM
Touch2,Mini-SIM
Hero CDMA,Mini-SIM
Hero,Mini-SIM
Ozone,Mini-SIM
Schubert,Mini-SIM
Snap,Mini-SIM
Magic,Mini-SIM
Touch Pro2 CDMA,Mini-SIM
Tilt2,Mini-SIM
Touch Pro2,Mini-SIM
Touch Diamond2 CDMA,Mini-SIM
Touch Diamond2,Mini-SIM
Dream,Mini-SIM
Touch Cruise 09,Mini-SIM
MAX 4G,Mini-SIM
Touch HD T8285,Mini-SIM
Touch HD,Mini-SIM
Touch 3G,Mini-SIM
Touch Viva,Mini-SIM
S740,Mini-SIM
Touch Pro CDMA,Mini-SIM
Touch Pro,Mini-SIM
Touch Diamond CDMA,Mini-SIM
Touch Diamond,Mini-SIM
Advantage X7510,Mini-SIM
P3470,Mini-SIM
Touch Cruise,Mini-SIM
Touch Dual,Mini-SIM
P6500,Mini-SIM
S730,Mini-SIM
TyTN II,Mini-SIM
S630,Mini-SIM
Touch,Mini-SIM
P6300,Mini-SIM
Shift,Mini-SIM
Advantage X7500,Mini-SIM
S710,Mini-SIM
P3350,Mini-SIM
P3400,Mini-SIM
P4350,Mini-SIM
P3600i,Mini-SIM
P3600,Mini-SIM
P3300,Mini-SIM
S620,Mini-SIM
S310,Mini-SIM
TyTN,Mini-SIM
MTeoR,Mini-SIM
Wildfire R70,Dual
One (M8i),Nano-SIM
One M8 Prime,Nano-SIM
Tiara,Micro-SIM
Primo,Mini-SIM
Zeta,Mini-SIM
Ville,Mini-SIM
Ignite,Mini-SIM
Desire HD2,Mini-SIM
A12,Dual
