phone,display_type_prep
1B (2022),TFT
1L Pro (2021),IPS
1 (2021),TFT
3L (2021),IPS
1S (2021),IPS
1L (2021),IPS
1V (2021),IPS
1SE (2020),IPS
Go Flip 4,TN
Go Flip 3,TN
Go Flip V,TN
3T10 2020,IPS
3X (2020),IPS
3L (2020),IPS
1S (2020),IPS
1V (2020),IPS
1B (2020),IPS
3v (2019),IPS
3x (2019),IPS
1v (2019),IPS
3T 8,IPS
Smart Tab 7,TN
3T 10,IPS
3L,IPS
3 (2019),IPS
1s,IPS
1x (2019),IPS
1c (2019),IPS
1,TFT
Tetra,IPS
7,IPS
5v,IPS
5,IPS
3v,IPS
3x (2018),IPS
3,IPS
1x,IPS
3c,IPS
3088,TFT
1T 10,TFT
1T 7,TFT
Idol 5s,IPS
Idol 5,IPS
A7 XL,IPS
A7,IPS
U5 HD,IPS
Pulsemix,IPS
Idol 5s (USA),IPS
Flash (2017),IPS
U5,IPS
A5 LED,IPS
A3,IPS
A3 XL,IPS
Shine Lite,IPS
Pixi 4 Plus Power,IPS
Fierce 4,IPS
X1,Super
Pixi 4 (5),IPS
Flash Plus 2,IPS
Pop 7 LTE,TFT
Pop 4S,IPS
Pop 4+,IPS
Pop 4,IPS
Idol 4s Windows,AMOLED
Idol 4s,AMOLED
Idol 4,IPS
Fierce XL (Windows),IPS
CareTime,OLED
Pixi 4 (7),TFT
Pixi 4 (6) 3G,IPS
Pixi 4 (6),IPS
Pixi 4 (4),TFT
Pixi 4 (3.5),TFT
Pixi 3 (8) LTE,IPS
Pop 3 (5.5),TFT
Pop 3 (5),TFT
Fierce XL,IPS
Watch,IPS
GO Watch,TFT
Flash 2,IPS
10.16G,TFT
2007,TFT
Idol 3C,IPS
Pixi 3 (10),IPS
Pixi First,TFT
Pop Up,IPS
Pop Star LTE,IPS
Pop Star,IPS
Go Play,IPS
Flash Plus,IPS
Pop Astro,TFT
Flash,IPS
Idol 3 (5.5),IPS
Idol 3 (4.7),IPS
Orange Klif,TFT
Pixi 3 (5.5) LTE,TFT
Pixi 3 (5.5),IPS
Pixi 3 (8) 3G,TFT
Pixi 3 (7) LTE,TFT
Pixi 3 (7) 3G,TFT
Pixi 3 (7),TFT
Pop 10,IPS
Pixi 3 (5),TFT
Pixi 3 (4.5),TFT
Pixi 3 (4),TFT
Pixi 3 (3.5) Firefox,TFT
Pixi 3 (3.5),TFT
Pop D3,TFT
Pop D1,TFT
Pop Icon,IPS
Fire C 2G,TFT
Pop 2 (5) Premium,IPS
Pop 2 (5),TFT
Pop 2 (4),TFT
Pop 2 (4.5) Dual SIM,TFT
Pop 2 (4.5),TFT
Fierce 2,IPS
Evolve 2,IPS
Pop 8S,IPS
Hero 8,IPS
Hero 2,IPS
Pixi 2,TFT
Pop D5,TFT
Pop C2,TFT
Pixi 8,TFT
2012,TFT
2010,TFT
2052,TFT
2040,TFT
2005,TFT
Pop 7S,IPS
Pixi 7,TFT
Pop S9,IPS
Pop S7,IPS
Pop S3,TFT
Fire 7,TFT
Fire S,IPS
Fire E,IPS
Fire C,TFT
Idol 2 S,IPS
Idol 2,IPS
Idol 2 Mini S,IPS
Idol 2 Mini,IPS
Pop Fit,TFT
2001,TFT
2000,TFT
Idol X+,IPS
Pop C9,IPS
Pop 8,IPS
Pop 7,TFT
Fierce,TFT
Evolve,TFT
Pop C7,TFT
Pop C5,TFT
Pop C3,TFT
Pop C1,TFT
One Touch Evo 8HD,IPS
Idol Alpha,IPS
Hero,IPS
Idol S,IPS
Idol Mini,IPS
One Touch T10,TFT
One Touch Snap LTE,IPS
One Touch Pixi,TFT
One Touch Snap,IPS
Idol X,IPS
One Touch Fire,TFT
One Touch Star,AMOLED
One Touch Scribe Easy,TFT
One Touch Evo 7,TFT
One Touch Evo 7 HD,IPS
One Touch Tab 8 HD,IPS
One Touch Tab 7,TFT
One Touch Tab 7 HD,IPS
One Touch Idol Ultra,AMOLED
One Touch Idol,IPS
One Touch T'Pop,TFT
One Touch S'Pop,TFT
One Touch M'Pop,TFT
One Touch X'Pop,TFT
One Touch Scribe HD-LTE,IPS
One Touch Scribe X,TFT
One Touch Scribe HD,IPS
View,IPS
OT-983,TFT
OT-997D,TFT
OT-997,TFT
OT-992D,TFT
OT-978,TFT
OT-988 Shockwave,TFT
OT-993,TFT
OT-903,TFT
OT-838,TFT
OT-668,TFT
OT-605,TFT
OT-986,IPS
OT-991,TFT
OT-916,TFT
OT-720,TFT
OT-902,TFT
OT-819 Soul,TFT
OT-870,TFT
OT-595,TFT
OT-358,TFT
OT-310,TFT
OT-318D,TFT
OT-317D,TFT
OT-308,TFT
OT-282,TFT
OT-292,TFT
OT-228,TFT
OT-985,TFT
OT-915,TFT
OT-810D,TFT
OT-906,TFT
OT-810,TFT
OT-995,TFT
OT-990,TFT
OT-910,TFT
OT-908F,TFT
OT-908,TFT
OT-905,TFT
OT-900,TFT
OT-891 Soul,TFT
OT-918,TFT
OT-918D,TFT
OT-890D,TFT
OT-890,TFT
OT-888,TFT
OT-818,TFT
OT-813F,TFT
OT-813D,TFT
OT-807,TFT
OT-803,TFT
OT-799 Play,TFT
OT-690,TFT
OT-665,TFT
OT-602,TFT
OT-585,TFT
OT-506,TFT
OT-385,TFT
OT-361,TFT
OT-355,TFT
OT-330,TFT
OT-306,TFT
OT-223,TFT
OT-217,TFT
OT-213,CSTN
OT-209,CSTN
OT-117,Monochrome
OT-113,Monochrome
OT-112,Monochrome
OT-109,Monochrome
OT-105,Monochrome
OT-706,TFT
Net,TFT
OT-808,TFT
OT-606 One Touch CHAT,TFT
OT-255,TFT
OT-252,TFT
OT-710,TFT
OT-108,STN
OT-216,CSTN
OT-206,CSTN
OT-909 One Touch MAX,TFT
Miss Sixty,TFT
OT-880 One Touch XTRA,TFT
OT-208,CSTN
OT-301,CSTN
OT-300,CSTN
OT-980,TFT
OT-806,TFT
OT-802 Wave,TFT
OT-305,TFT
OT-380,TFT
OT-505,TFT
OT-508A,TFT
OT-565,TFT
OT-106,STN
OT-800 One Touch CHROME,TFT
OT-800 One Touch Tribe,TFT
OT-708 One Touch MINI,TFT
OT-660,TFT
OT-383,TFT
OT-203,CSTN
OT-103,STN
OT-600,CSTN
Crystal,TFT
Miss Sixty 2009,TFT
ELLE GlamPhone,TFT
OT-363,CSTN
Roadsign,TFT
OT-303,CSTN
OT-222,CSTN
OT-280,CSTN
OT-202,CSTN
OT-S121,STN
OT-111,STN
OT-102,STN
Mandarina Duck Moon,TFT
Mandarina Duck,TFT
OT-I650 SPORT,OLED
OT-I650 PRO,OLED
OT-V770,TFT
OT-V670,TFT
OT-V607A,TFT
OT-V570,CSTN
OT-V270,TFT
OT-V212,CSTN
OT-S626A,CSTN
OT-S521A,STN
OT-S920,TFT
OT-S621,STN
OT-S520,STN
OT-S320,STN
OT-S319,STN
OT-S218,STN
OT-S215A,CSTN
OT-S211,CSTN
OT-S210,STN
OT-S120,STN
OT-S107,STN
ELLE No 3,TFT
OT-C825,TFT
OT-C717,TFT
OT-C707,TFT
OT-C701,TFT
OT-C700A,TFT
OT-C507,TFT
OT-E227,TFT
OT-E225,Monochrome
OT-E221,TFT
OT-E207,CSTN
OT-E205,4K
OT-E201,CSTN
OT-E101,Monochrome
Lollipops,CSTN
OT-E220,4K
OT-E805,CSTN
OT-E230,CSTN
OT-C635,CSTN
OT-C630,CSTN
OT-E801,CSTN
OT-E100,Color
OT-C550,CSTN
OT-E265,CSTN
OT-E105,Monochrome
OT-E260,CSTN
OT-C750,CSTN
OT-S853,TFT
OT-S850,TFT
OT-C560,CSTN
OT-C555,CSTN
OT-C552,CSTN
OT-C551,CSTN
OT-C656,CSTN
OT-C652,CSTN
OT-C651,CSTN
OT-E259,CSTN
OT-E256,CSTN
OT-E257,CSTN
OT-E160,STN
OT-E252,CSTN
OT-E159,STN
OT-E158,Grayscale
OT-E157,Grayscale
OT 757,TFT
OT 355,CSTN
OT 156,LCD
OT 155,Grayscale
OT 153,Grayscale
OT 756,TFT
OT 557,CSTN
OT 565,CSTN
OT 556,CSTN
OT 835,TFT
OT 735i,CSTN
OT 735,CSTN
OT 535,CSTN
OT 531,CSTN
OT 332,CSTN
OT 331,Monochrome
OT 526,Monochrome
OT 320,Monochrome
OT 525,Monochrome
OT 715,Grayscale
OT 512,Monochrome
OT 311,Monochrome
OT 511,Monochrome
OT 700,Monochrome
OT 500,Monochrome
OT 300,Monochrome
OT View db @,Monochrome
OT Pocket,Monochrome
OT View db,Monochrome
OT Max db,Alphanumeric
OT Gum db,Alphanumeric
OT Easy db,Alphanumeric
OT Club db,Alphanumeric
OT COM,Monochrome
OT Pro,Monochrome
OT Easy HF,Alphanumeric
OT Easy,Alphanumeric
OT Club,Alphanumeric
OT Club +,Alphanumeric
OT Max,Alphanumeric
OT View,Monochrome
HC 1000,Alphanumeric
HC 800,Alphanumeric
iPhone 15 Pro Max,LTPO
iPhone 15 Pro,LTPO
iPhone 15 Plus,Super
iPhone 15,Super
Watch Ultra 2,Retina
Watch Series 9,Retina
Watch Series 9 Aluminum,Retina
iPad Pro 12.9 (2022),Liquid
iPad Pro 11 (2022),Liquid
iPad (2022),Liquid
iPhone 14 Pro Max,LTPO
iPhone 14 Pro,LTPO
iPhone 14 Plus,Super
iPhone 14,Super
Watch Ultra,Retina
Watch Series 8,Retina
Watch Series 8 Aluminum,Retina
Watch SE (2022),Retina
iPhone SE (2022),Retina
iPad Air (2022),Liquid
iPhone 13 Pro Max,Super
iPhone 13 Pro,Super
iPhone 13,Super
iPhone 13 mini,Super
iPad mini (2021),Liquid
iPad 10.2 (2021),Retina
Watch Edition Series 7,Retina
Watch Series 7,Retina
Watch Series 7 Aluminum,Retina
iPad Pro 12.9 (2021),Liquid
iPad Pro 11 (2021),Liquid
iPhone 12 Pro Max,Super
iPhone 12 Pro,Super
iPhone 12,Super
iPhone 12 mini,Super
iPad Air (2020),Liquid
iPad 10.2 (2020),Retina
Watch SE,Retina
Watch Series 6 Aluminum,Retina
Watch Series 6,Retina
Watch Edition Series 6,Retina
iPhone SE (2020),Retina
iPad Pro 12.9 (2020),IPS
iPad Pro 11 (2020),IPS
iPhone 11 Pro Max,Super
iPhone 11 Pro,Super
iPhone 11,Liquid
iPad 10.2 (2019),IPS
Watch Edition Series 5,Retina
Watch Series 5,Retina
Watch Series 5 Aluminum,Retina
iPad Air (2019),IPS
iPad mini (2019),IPS
iPad Pro 12.9 (2018),IPS
iPad Pro 11 (2018),IPS
iPhone XS Max,Super
iPhone XS,Super
iPhone XR,Liquid
Watch Series 4,Retina
Watch Series 4 Aluminum,Retina
iPad 9.7 (2018),IPS
iPhone X,Super
iPhone 8 Plus,Retina
iPhone 8,Retina
Watch Edition Series 3,Retina
Watch Series 3,Retina
Watch Series 3 Aluminum,Retina
iPad Pro 12.9 (2017),IPS
iPad Pro 10.5 (2017),IPS
iPad 9.7 (2017),IPS
Watch Edition Series 2 42mm,Retina
Watch Edition Series 2 38mm,Retina
Watch Series 2 42mm,Retina
Watch Series 2 38mm,Retina
Watch Series 2 Aluminum 42mm,Retina
Watch Series 1 Aluminum 42mm,Retina
Watch Series 2 Aluminum 38mm,Retina
Watch Series 1 Aluminum 38mm,Retina
iPhone 7 Plus,Retina
iPhone 7,Retina
iPad Pro 9.7 (2016),IPS
iPhone SE,IPS
iPhone 6s Plus,IPS
iPhone 6s,IPS
iPad Pro 12.9 (2015),IPS
iPad mini 4 (2015),IPS
Watch Edition 42mm (1st gen),Retina
Watch Edition 38mm (1st gen),Retina
Watch 42mm (1st gen),Retina
Watch 38mm (1st gen),Retina
Watch Sport 42mm (1st gen),Retina
Watch Sport 38mm (1st gen),Retina
iPad Air 2,IPS
iPad mini 3,IPS
iPhone 6 Plus,IPS
iPhone 6,IPS
iPad Air,IPS
iPad mini 2,IPS
iPhone 5s,IPS
iPhone 5c,IPS
iPad mini Wi-Fi,IPS
iPad mini Wi-Fi + Cellular,IPS
iPad 4 Wi-Fi,IPS
iPad 4 Wi-Fi + Cellular,IPS
iPhone 5,IPS
iPad 3 Wi-Fi + Cellular,IPS
iPad 3 Wi-Fi,IPS
iPhone 4s,IPS
iPad 2 Wi-Fi + 3G,IPS
iPad 2 Wi-Fi,IPS
iPad 2 CDMA,IPS
iPhone 4,IPS
iPhone 4 CDMA,IPS
iPad Wi-Fi + 3G,IPS
iPad Wi-Fi,IPS
iPhone 3GS,TFT
iPhone 3G,TFT
iPhone,TFT
ROG Phone 8 Pro,LTPO
ROG Phone 8,LTPO
Zenfone 10,Super
ROG Phone 7 Ultimate,AMOLED
ROG Phone 7,AMOLED
ROG Phone 6D Ultimate,AMOLED
ROG Phone 6D,AMOLED
ROG Phone 6 Diablo Immortal Edition,AMOLED
ROG Phone 6 Batman Edition,AMOLED
Zenfone 9,Super
ROG Phone 6 Pro,AMOLED
ROG Phone 6,AMOLED
ROG Phone 5s Pro,AMOLED
ROG Phone 5s,AMOLED
Smartphone for Snapdragon Insiders,Super
Zenfone 8 Flip,Super
Zenfone 8,Super
ROG Phone 5 Ultimate,AMOLED
ROG Phone 5 Pro,AMOLED
ROG Phone 5,AMOLED
Zenfone 7 Pro,Super
Zenfone 7,Super
ROG Phone 3,AMOLED
ROG Phone 3 Strix,AMOLED
ROG Phone II ZS660KL,AMOLED
Zenfone 6 ZS630KL,IPS
ZenFone Live (L2),IPS
Zenfone Max Plus (M2) ZB634KL,S-IPS
Zenfone Max Shot ZB634KL,S-IPS
Zenfone Max Pro (M2) ZB631KL,IPS
Zenfone Max (M2) ZB633KL,IPS
Zenfone Max (M1) ZB556KL,IPS
ZenFone Lite (L1) ZA551KL,IPS
ROG Phone ZS600KL,AMOLED
ZenFone Live (L1) ZA550KL,IPS
Zenfone Max Pro (M1) ZB601KL/ZB602K,IPS
Zenfone 5z ZS620KL,IPS
Zenfone 5 ZE620KL,IPS
Zenfone 5 Lite ZC600KL,IPS
Zenfone Max (M1) ZB555KL,IPS
Zenfone Max Plus (M1) ZB570TL,IPS
Zenfone V V520KL,AMOLED
Zenfone 4 Pro ZS551KL,AMOLED
Zenfone 4 ZE554KL,IPS
Zenfone 4 Selfie Lite ZB553KL,IPS
Zenfone 4 Selfie ZB553KL,IPS
Zenfone 4 Selfie Pro ZD552KL,AMOLED
Zenfone 4 Selfie ZD553KL,IPS
Zenfone 4 Max ZC520KL,IPS
Zenfone 4 Max Pro ZC554KL,IPS
Zenfone 4 Max Plus ZC554KL,IPS
Zenfone 4 Max ZC554KL,S-IPS
Zenpad Z8s ZT582KL,S-IPS
Zenpad 3s 8.0 Z582KL,IPS
Zenfone Go ZB552KL,IPS
Zenfone Live ZB501KL,IPS
Zenfone 3s Max ZC521TL,IPS
Zenpad 3S 10 Z500KL,IPS
Zenfone AR ZS571KL,Super
Zenfone 3 Zoom ZE553KL,AMOLED
Zenfone Go ZB690KG,IPS
Zenpad 3 8.0 Z581KL,IPS
Zenfone Go ZB500KL,IPS
Zenfone 3 Max ZC553KL,IPS
Zenfone 3 Deluxe 5.5 ZS550KL,IPS
Zenpad Z10 ZT500KL,IPS
Zenwatch 3 WI503Q,AMOLED
Zenpad 3S 10 Z500M,IPS
Zenfone 3 Max ZC520TL,IPS
Zenfone 3 Laser ZC551KL,IPS
Zenfone 3 ZE520KL,Super
Zenfone Pegasus 3,IPS
Zenpad Z8,IPS
Zenfone 3 Ultra ZU680KL,IPS
Zenfone 3 Deluxe ZS570KL,Super
Zenfone 3 ZE552KL,Super
Zenfone Max ZC550KL (2016),IPS
Zenfone Go ZB450KL,IPS
Zenfone Go ZB452KG,IPS
Zenfone Go ZB551KL,IPS
Zenfone Go T500,IPS
Zenfone Go ZC451TG,IPS
Live G500TG,IPS
Zenwatch 2 WI501Q,AMOLED
Zenwatch 2 WI502Q,AMOLED
Zenwatch WI500Q,AMOLED
Zenfone 2 Laser ZE551KL,IPS
Zenfone Zoom ZX551ML,IPS
Zenpad 8.0 Z380M,IPS
Zenpad 10 Z300M,IPS
Zenpad 10 Z300C,IPS
Zenfone Go ZC500TG,IPS
Zenfone Max ZC550KL,IPS
Zenfone 2 Deluxe ZE551ML,IPS
Zenfone 2 Laser ZE601KL,IPS
Zenfone 2 Laser ZE600KL,IPS
Zenfone 2 Laser ZE550KL,IPS
Zenfone 2 Laser ZE500KG,TFT
Zenfone 2 Laser ZE500KL,TFT
Zenpad 7.0 Z370CG,IPS
Zenfone 2E,IPS
Pegasus 2 Plus,IPS
Zenpad S 8.0 Z580CA,IPS
Zenpad S 8.0 Z580C,IPS
Zenpad 8.0 Z380KL,IPS
Zenpad 8.0 Z380C,IPS
Zenpad C 7.0 Z170MG,IPS
Zenpad C 7.0,IPS
Zenfone Selfie ZD551KL,IPS
Zenfone 2 ZE500CL,IPS
Zenfone 2 ZE550ML,IPS
Zenfone 2 ZE551ML,IPS
Fonepad 7 FE375CL,IPS
Zenfone C ZC451CG,IPS
Fonepad 7 FE171CG,IPS
Zenfone Zoom ZX550,IPS
Pegasus,IPS
Zenfone 5 Lite A502CG (2014),IPS
Memo Pad 10 ME103K,IPS
PadFone X mini,IPS+
Memo Pad 7 ME572CL,IPS
Memo Pad 7 ME572C,IPS
Zenfone 5 A500KL (2014),IPS
Zenfone 4 A450CG (2014),IPS
Memo Pad 8 ME581CL,IPS
Memo Pad 8 ME181C,IPS
Memo Pad 7 ME176C,IPS
Fonepad 8 FE380CG,IPS
Fonepad 7 FE375CXG,IPS
Fonepad 7 FE375CG,IPS
Transformer Pad TF303CL,IPS
Transformer Pad TF103C,IPS
Fonepad 7 (2014),IPS
PadFone X,Super
PadFone S,Super
PadFone Infinity Lite,Super
PadFone E,Super
Zenfone 6 A601CG (2014),IPS
Zenfone 6 A600CG (2014),IPS
Zenfone 5 A501CG (2015),IPS
Zenfone 5 A500CG (2014),IPS
Zenfone 4 (2014),TFT
PadFone mini 4G (Intel),IPS
PadFone mini (Intel),IPS+
PadFone mini,Super
Transformer Book Trio,IPS
PadFone Infinity 2,Super
Memo Pad 10,IPS
Memo Pad 8 ME180A,IPS
Fonepad 7,IPS
Google Nexus 7 (2013),LED-backlit
Fonepad Note FHD6,Super
Transformer Pad TF701T,Super
Memo Pad FHD10,IPS
Memo Pad HD7 8 GB,IPS
Memo Pad HD7 16 GB,IPS
Fonepad,IPS
PadFone Infinity,Super
Memo Pad Smart 10,LED-backlit
Memo Pad ME172V,LED-backlit
Google Nexus 7 Cellular,LED-backlit
VivoTab RT TF600T,Super
PadFone 2,Super
Google Nexus 7,LED-backlit
Transformer Pad Infinity 700 LTE,Super
Transformer Pad Infinity 700 3G,Super
Transformer Pad TF300TG,LED-backlit
Transformer Pad TF300T,IPS
Transformer Pad Infinity 700,Super
Memo,IPS
Transformer Prime TF700T,Super
Transformer Prime TF201,Super
PadFone,Super
Transformer TF101,LED-backlit
P835,TFT
E600,TFT
P565,TFT
P552w,TFT
P320,TFT
M930,TFT
P550,TFT
P750,TFT
P527,TFT
Z801,TFT
J502,TFT
V88i,TFT
M530w,TFT
P526,TFT
J501,TFT
P735,TFT
Z810,QVGA
P535,TFT
P525,TFT
P505,TFT
M303,TFT
M307,TFT
M310,TFT
V80,TFT
V75,TFT
V66,TFT
Wildfire E star,IPS
U23,OLED
U23 Pro,OLED
A103 Plus,IPS
A103,IPS
A102,IPS
A101,IPS
Wildfire E2 Play,IPS
Wildfire E3 lite,IPS
Wildfire E plus,IPS
Desire 22 Pro,IPS
Wildfire E2 Plus,IPS
Wildfire E3,IPS
Desire 21 Pro 5G,IPS
Desire 20+,IPS
Wildfire E1 lite,TFT
Wildfire E2,IPS
Wildfire E1 plus,IPS
Wildfire E1,IPS
Wildfire E,TFT
U20 5G,IPS
Desire 20 Pro,IPS
Desire 19s,IPS
Exodus 1s,IPS
Wildfire X,IPS
U19e,OLED
Desire 19+,IPS
Desire 12s,IPS
Exodus 1,Super
U12 life,IPS
U12+,Super
Desire 12+,IPS
Desire 12,IPS
U11 Eyes,Super
U11+,Super
U11 Life,Super
U11,Super
One X10,Super
U Ultra,Super
U Play,Super
10 evo,Super
Desire 650,IPS
Desire 10 Pro,IPS
Desire 10 Compact,IPS
One A9s,Super
Desire 10 Lifestyle,IPS
Desire 728 Ultra,Super
Desire 628,IPS
One M9 Prime Camera,Super
Desire 830,Super
One S9,Super
10 Lifestyle,Super
10,Super
Desire 825,Super
Desire 630,Super
Desire 530,Super
Desire 625,IPS
One X9,Super
One M9s,Super
Desire 828 dual sim,IPS
Desire 728 dual sim,Super
One E9s dual sim,IPS
Butterfly 3,IPS
One M9+ Supreme Camera,Super
One A9,AMOLED
Desire 626 (USA),Super
Desire 626s,IPS
Desire 526,IPS
Desire 520,IPS
One ME,IPS
Desire 820G+ dual sim,IPS
Desire 326G dual sim,TFT
One M9+,Super
One M8s,Super
One E9+,IPS
One E9,IPS
One M9,Super
Desire 820s dual sim,IPS
Desire 626G+,IPS
Desire 626,IPS
Desire 526G+ dual sim ,IPS
Desire 826 dual sim,Super
Desire 320,TFT
Desire 620G dual sim,Super
Desire 620,Super
Nexus 9,IPS
Desire 816G dual sim,Super
One (M8 Eye),Super
Desire Eye,IPS
Desire 612,Super
Desire 820q dual sim,TFT
Desire 820 dual sim,LCD
Desire 820,LCD
One (E8) CDMA,Super
Desire 510,IPS
One (M8) for Windows,Super
One (M8) for Windows (CDMA),Super
Butterfly 2,IPS
One Remix,Super
One (M8) dual sim,Super
Desire 516 dual sim,IPS
One (E8),Super
One mini 2,Super
Desire 616 dual sim,IPS
Desire 210 dual sim,TFT
One (M8) CDMA,Super
One (M8),Super
Desire 310 dual sim,TFT
Desire 310,TFT
Desire 816 dual sim,Super
Desire 816,Super
Desire 610,IPS
Desire 501 dual sim,Super
Desire 700,IPS
Desire 700 dual sim,IPS
Desire 601 dual sim,TFT
Desire 501,TFT
One Max,Super
Desire 300,TFT
Desire 601,TFT
Desire 500,TFT
One mini,Super
Desire L,Super
Desire P,Super
Desire Q,IPS
8XT,IPS
Butterfly S,Super
Desire 200,TFT
Desire 600 dual sim,Super
First,Super
One Dual Sim,Super
One,Super
Desire U,Super
Desire 400 dual sim,Super
Butterfly,Super
DROID DNA,Super
One SV CDMA,Super
One SV,Super
Desire SV,Super
One VX,Super
One X+,Super
Windows Phone 8X CDMA,S-LCD2
Windows Phone 8X,S-LCD2
Windows Phone 8S,S-LCD
One ST,Super
One SC,Super
Desire X,Super
Desire VT,IPS
Desire XC,TFT
Desire VC,IPS
Desire V,TFT
Desire C,IPS
J,AMOLED
DROID Incredible 4G LTE,S-LCD
Evo 4G LTE,Super
One XC,IPS
One X,Super
One X AT&T,Super
One XL,Super
One S C2,Super
One S,Super
One V,Super
Velocity 4G Vodafone,S-LCD
Velocity 4G,S-LCD
Titan II,S-LCD
Rezound,S-LCD
Vivid,S-LCD
EVO Design 4G,LCD
Sensation XL,S-LCD
Explorer,TFT
Amaze 4G,S-LCD
Raider 4G,TFT
Rhyme,S-LCD
Hero S,S-LCD
Rhyme CDMA,S-LCD
Sensation XE,S-LCD
Jetstream,LCD
Lead,IPS
Titan,S-LCD
Radar,S-LCD
Panache,TFT
Status,TFT
Glacier,TFT
Trophy,TFT
DROID Incredible 2,S-LCD
Sensation 4G,S-LCD
EVO 3D,3D
Sensation,S-LCD
EVO 3D CDMA,3D
HD7S,S-LCD
Prime,S-LCD
Merge,S-LCD
Incredible S,S-LCD
Desire S,S-LCD
Wildfire S,TFT
Salsa,TFT
ChaCha,TFT
Flyer,LCD
Flyer Wi-Fi,LCD
EVO View 4G,LCD
Inspire 4G,S-LCD
Freestyle,TFT
ThunderBolt 4G,TFT
EVO Shift 4G,TFT
Gratia,TFT
HD7,LCD
7 Pro,TFT
7 Surround,IPS
7 Mozart,S-LCD
7 Trophy,S-LCD
Arrive,TFT
Desire HD,LCD
Desire Z,S-LCD
Paradise,TFT
Evo 4G+,Super
Aria,TFT
Wildfire CDMA,TFT
Wildfire,TFT
HD mini,TFT
Desire,AMOLED
Legend,AMOLED
Rider,3D
Google Nexus One,AMOLED
Smart,TFT
HD2,TFT
Evo 4G,TFT
Droid Incredible,AMOLED
DROID ERIS,TFT
Pure,TFT
Tattoo,TFT
Touch2,TFT
Hero CDMA,TFT
Hero,TFT
Ozone,TFT
Schubert,TFT
Snap,TFT
Magic,TFT
Touch Pro2 CDMA,TFT
Tilt2,TFT
Touch Pro2,TFT
Touch Diamond2 CDMA,TFT
Touch Diamond2,TFT
Dream,TFT
Touch Cruise 09,TFT
MAX 4G,TFT
Touch HD T8285,TFT
Touch HD,TFT
Touch 3G,TFT
Touch Viva,TFT
S740,TFT
Touch Pro CDMA,TFT
Touch Pro,TFT
Touch Diamond CDMA,TFT
Touch Diamond,TFT
Advantage X7510,TFT
P3470,TFT
Touch Cruise,TFT
Touch Dual,TFT
P6500,TFT
S730,TFT
TyTN II,TFT
S630,TFT
Touch,TFT
P6300,TFT
Shift,TFT
Advantage X7500,TFT
S710,TFT
P3350,TFT
P3400,TFT
P4350,TFT
P3600i,TFT
P3600,TFT
P3300,TFT
S620,TFT
S310,TFT
TyTN,TFT
MTeoR,TFT
Wildfire R70,IPS
One (M8i),Super
One M8 Prime,Super
Tiara,Super
Primo,Super
Zeta,IPS
Ville,Super
Ignite,S-LCD
Desire HD2,S-LCD
A12,IPS
nova Y72,TFT
nova 12 Ultra,LTPO
nova 12 Pro,LTPO
nova 12,OLED
nova 12 Lite,OLED
Enjoy 70,TFT
MatePad Pro 11 (2024),OLED
nova 11 SE,OLED
Watch Ultimate Design,LTPO
MatePad Pro 13.2,OLED
Mate 60 RS Ultimate,LTPO
Watch GT 4,AMOLED
Mate 60 Pro+,LTPO
Mate X5,Foldable
Mate 60 Pro,LTPO
Mate 60,LTPO
MatePad 11.5,TFT
MatePad Air,IPS
nova Y91,IPS
Watch 4 Pro,LTPO
Watch 4,AMOLED
nova 11i,IPS
nova Y71,IPS
Enjoy 60X,TFT
nova 11 Ultra,OLED
nova 11 Pro,OLED
nova 11,OLED
Mate X3,Foldable
P60 Pro,LTPO
P60,LTPO
P60 Art,LTPO
Enjoy 60,TFT
Watch Ultimate,LTPO
MatePad 11 (2023),IPS
nova 10 Youth,IPS
Watch Buds,AMOLED
Enjoy 50z,IPS
Watch GT 3 SE,AMOLED
Pocket S,Foldable
Watch GT Cyber,AMOLED
nova Y61,IPS
MatePad C5e,IPS
nova 10 SE,OLED
Mate 50 RS Porsche Design,OLED
Mate 50 Pro,OLED
Mate 50E,OLED
Mate 50,OLED
nova 10z,IPS
MatePad Pro 11 (2022),OLED
nova 10 Pro,OLED
nova 10,OLED
nova Y90,IPS
MatePad 10.4 (2022),IPS
Mate Xs 2,Foldable
Watch GT 3 Porsche Design,AMOLED
Watch GT 3 Pro,AMOLED
Watch D,AMOLED
MatePad SE,IPS
nova 9 SE 5G,IPS
nova Y70 Plus,IPS
P50E,OLED
nova 9 SE,IPS
P50 Pocket,Foldable
nova 8 SE 4G,OLED
nova Y60,IPS
Enjoy 20e,IPS
Watch GT Runner,AMOLED
Watch Fit mini,AMOLED
Watch GT 3,AMOLED
nova 9 Pro,OLED
nova 9,OLED
nova 8,OLED
P50 Pro,OLED
P50,OLED
nova 8 SE Youth,IPS
nova 8i,IPS
Mate 40 Pro 4G,OLED
Mate 40E 4G,OLED
Mate X2 4G,Foldable
MatePad Pro 12.6 (2021),OLED
MatePad Pro 10.8 (2021),IPS
MatePad 11 (2021),IPS
Watch 3 Pro,AMOLED
Watch 3,AMOLED
nova 8 Pro 4G,OLED
MatePad T 10,IPS
Watch Fit Elegant,AMOLED
Mate 40E,OLED
P40 4G,OLED
Mate X2,Foldable
nova 8 Pro 5G,OLED
nova 8 5G,OLED
Enjoy 20 SE,IPS
nova 8 SE,OLED
Mate 40 RS Porsche Design,OLED
Mate 40 Pro+,OLED
Mate 40 Pro,OLED
Mate 40,OLED
Watch GT 2 Porsche Design,AMOLED
Mate 30E Pro 5G,OLED
nova 7 SE 5G Youth,IPS
Y7a,IPS
P smart 2021,IPS
MatePad 5G,IPS
Watch GT 2 Pro,AMOLED
Y9a,IPS
Enjoy 20 Plus 5G,IPS
Enjoy 20 5G,IPS
Watch Fit,AMOLED
MatePad 10.8,IPS
MatePad T 10s,IPS
Enjoy Tablet 2,IPS
Children's Watch 4X,AMOLED
Enjoy 20 Pro,IPS
Enjoy Z 5G,IPS
P Smart S,OLED
Y8p,OLED
P40 lite 5G,IPS
P30 Pro New Edition,OLED
MatePad T8,IPS
Y8s,IPS
Y6p,IPS
Y5p,IPS
P smart 2020,IPS
nova 7 Pro 5G,OLED
nova 7 5G,OLED
nova 7 SE,IPS
MatePad 10.4,IPS
Watch GT 2e,AMOLED
Enjoy 10e,IPS
P40 Pro+,OLED
P40 Pro,OLED
P40,OLED
P40 lite E,IPS
P40 lite,IPS
MatePad Pro 10.8 5G (2019),IPS
Mate Xs,Foldable
P30 lite New Edition,IPS
Y7p,IPS
nova 7i,IPS
Y6s (2019),IPS
P smart Pro 2019,IPS
nova 6 5G,IPS
nova 6,IPS
nova 6 SE,IPS
MatePad Pro 10.8 (2019),IPS
Mate X,Foldable
Y9s,IPS
nova 5z,IPS
Enjoy 10s,OLED
Enjoy 10,IPS
Mate 30 RS Porsche Design,OLED
Mate 30 Pro 5G,OLED
Mate 30 Pro,OLED
Mate 30 5G,OLED
Mate 30,OLED
Watch GT 2,OLED
nova 5i Pro,IPS
Enjoy 10 Plus,IPS
nova 5T,IPS
MediaPad M6 10.8,IPS
MediaPad M6 Turbo 8.4,IPS
MediaPad M6 8.4,IPS
nova 5 Pro,OLED
nova 5,OLED
nova 5i,IPS
Y9 Prime (2019),IPS
P20 lite (2019),IPS
P Smart Z,IPS
Mate 20 X (5G),OLED
P30 Pro,OLED
P30,OLED
P30 lite,IPS
nova 4e,IPS
Y5 (2019),IPS
Enjoy 9e,IPS
Enjoy 9s,IPS
Y Max,IPS
MediaPad M5 Lite 8,IPS
Y6 Pro (2019),IPS
Y6 (2019),IPS
Y7 (2019),IPS
Y7 Prime (2019),IPS
Y7 Pro (2019),IPS
Y5 lite (2018),LCD
nova 4,IPS
P smart 2019,IPS
Enjoy 9,IPS
Watch Magic,OLED
Watch GT,OLED
Mate 20 RS Porsche Design,OLED
Mate 20 X,OLED
Mate 20 Pro,OLED
Mate 20,IPS
MediaPad T5,IPS
MediaPad M5 lite,IPS
Y9 (2019),IPS
Mate 20 lite,IPS
P Smart+ 2019,IPS
nova 3i,IPS
nova 3,IPS
Watch 2 2018,OLED
Y5 Prime (2018),LCD
Y3 (2018),IPS
Y6 Prime (2018),S-IPS
Y6 (2018),S-IPS
Mate RS Porsche Design,OLED
P20 Pro,OLED
P20,IPS
P20 lite,IPS
Y7 Pro (2018),IPS
Y7 Prime (2018),IPS
Y7 (2018),IPS
Y9 (2018),IPS
MediaPad M5 10 (Pro),IPS
MediaPad M5 10,IPS
MediaPad M5 8,IPS
P smart,IPS
nova 2s,IPS
Mate 10 Porsche Design,OLED
Mate 10 Pro,OLED
Mate 10,IPS
Watch 2 Pro,OLED
Mate 10 Lite,IPS
P9 lite mini,IPS
Y7 Prime,IPS
MediaPad M3 Lite 8,S-IPS
MediaPad T3 10,IPS
MediaPad M3 Lite 10,IPS
nova 2 plus,IPS
nova 2,IPS
Y6II Compact,IPS
MediaPad T3 8.0,IPS
MediaPad T3 7.0,IPS
Y7,IPS
Y6 (2017),IPS
Y5 (2017),IPS
Y3 (2017),IPS
Watch 2 Classic,OLED
Watch 2,OLED
P10 Plus,IPS-NEO
P10,IPS-NEO
P10 Lite,IPS
P8 Lite (2017),IPS
Enjoy 6s,OLED
Mate 9 Pro,OLED
Mate 9 Porsche Design,OLED
Mate 9,IPS
Fit,Monochrome
Enjoy 6,OLED
MediaPad M3 8.4,IPS
nova plus,IPS
nova,IPS
MediaPad T2 10.0 Pro,IPS
MediaPad T2 7.0 Pro,IPS
MediaPad T2 7.0,IPS
G9 Plus,IPS
MediaPad T1 7.0 Plus,IPS
MediaPad M2 7.0,IPS
Y3II,TFT
Y5II,IPS
P9 lite,IPS
P9 Plus,Super
P9,IPS-NEO
MediaPad M2 10.0,IPS
Watch,OLED
Enjoy 5s,IPS
Mate 8,IPS-NEO
G7 Plus,IPS
Y6 Pro,IPS
Nexus 6P,OLED
Mate S,OLED
Y6,IPS
G8,IPS
MediaPad M2 8.0,IPS
Y560,IPS
Y625,IPS
P8lite ALE-L04,IPS
P8lite,IPS
P8max,IPS
P8,IPS-NEO
SnapTo,IPS
MediaPad X2,IPS
Y635,IPS
Y360,IPS
Ascend Y540,TFT
Ascend G628,IPS
Ascend Y520,TFT
Ascend Y221,TFT
Ascend GX1,IPS
Ascend Mate7 Monarch,IPS
MediaPad T1 10,IPS
MediaPad T1 8.0,IPS
MediaPad T1 7.0,IPS
Ascend G620s,IPS
Ascend Y550,IPS
Ascend G7,IPS
Ascend P7 Sapphire Edition,IPS
Ascend Mate7,IPS
Ascend G535,IPS
Y300II,IPS
Ascend G630,IPS
Ascend Y330,TFT
Ascend Plus,TFT
Ascend P7,IPS
Ascend P7 mini,TFT
Ascend G730,IPS
Ascend Y600,TFT
MediaPad 10 Link+,IPS
Ascend G6 4G,IPS
Ascend G6,IPS
MediaPad M1,IPS
MediaPad X1,IPS
Ascend Y530,TFT
MediaPad 7 Youth2,TFT
Ascend P6 S,IPS+
Ascend Mate2 4G,IPS+
Ascend Y320,TFT
Ascend Y220,TFT
Ascend G740,IPS
Ascend Y511,IPS
Ascend W2,IPS
G6153,TFT
G3621L,TFT
Ascend G700,IPS
G610s,IPS
U8687 Cronos,TFT
Ascend G525,IPS
MediaPad 7 Youth,TFT
MediaPad 7 Vogue,IPS
Ascend P6,IPS+
Ascend Y300,IPS
Premia 4G M931,TFT
Ascend Y210D,TFT
Ascend P2,IPS
Ascend G615,Super
Ascend G526,IPS
Ascend G350,IPS
Ascend G312,TFT
Ascend W1,IPS
Ascend Mate,IPS+
Ascend D2,IPS
Ascend G510,IPS
Ascend G500,IPS
Ascend Y201 Pro,TFT
MediaPad 10 Link,IPS
Ascend Y,TFT
Summit,TFT
Ascend P1 LTE,Super
Fusion 2 U8665,TFT
Ascend G600,IPS
Ascend G330,TFT
MediaPad 7 Lite,IPS
Ascend Y100,TFT
Ascend Y200,IPS
Ascend G330D U8825D,TFT
Ascend G300,IPS
Ascend P1 XL U9200E,Super
Ascend P1,Super
Ascend Q M5660,TFT
G6005,TFT
G6800,TFT
G6310,TFT
G5000,TFT
Activa 4G,TFT
G5520,TFT
G6609,TFT
Fusion U8652,TFT
MediaPad 10 FHD,IPS
Ascend D1 XL U9500E,IPS
Ascend D1,IPS+
Ascend D quad XL,IPS+
Ascend D quad,IPS+
Ascend P1s,Super
M886 Mercury,TFT
G7300,TFT
G7005,TFT
MediaPad,IPS
MediaPad S7-301w,IPS
D51 Discovery,TFT
U8520 Duplex,TFT
T8300,TFT
U8350 Boulder,TFT
Impulse 4G,TFT
Pillar,TFT
U8850 Vision,TFT
Ascend II,TFT
U8800 Pro,TFT
G7206,TFT
U5510,TFT
G5500,TFT
G6620,TFT
U8650 Sonic,TFT
U8180 IDEOS X1,TFT
G6608,TFT
G7010,TFT
U5900s,TFT
IDEOS S7 Slim,TFT
IDEOS S7 Slim CDMA,TFT
U9000 IDEOS X6,TFT
U8800 IDEOS X5,TFT
U8510 IDEOS X3,TFT
U8150 IDEOS,TFT
U8500 IDEOS X2,TFT
U7520,TFT
G6150,TFT
G7002,TFT
U8300,TFT
IDEOS S7,TFT
C3200,CSTN
U3100,TFT
U8110,TFT
U8100,TFT
U8230,TFT
U8220,TFT
U7510,TFT
U1270,TFT
U9130 Compass,TFT
U1250,TFT
G6600 Passport,TFT
U9150,TFT
U7310,TFT
U121,TFT
U120,TFT
U3300,TFT
U1310,TFT
U1100,TFT
U1000,CSTN
T156,Monochrome
T158,Monochrome
T208,CSTN
T261L,CSTN
T211,CSTN
T161L,Monochrome
T330,CSTN
T201,CSTN
T552,TFT
Mate 30 Lite,IPS
G10,IPS
Mulan,IPS
Ascend W3,IPS
Smart 8 Plus,IPS
Smart 8 Pro,IPS
Smart 8 (India),IPS
Smart 8 HD,IPS
Hot 40 Pro,IPS
Hot 40,IPS
Hot 40i,IPS
Smart 8,IPS
Zero 30 4G,AMOLED
Zero 30,AMOLED
GT 10 Pro,AMOLED
Hot 30 5G,IPS
Note 30 VIP,AMOLED
Hot 30 Play NFC,IPS
Note 30 Pro,AMOLED
Note 30,IPS
Note 30 5G,IPS
Note 30i,AMOLED
Smart 7 HD,IPS
Hot 30i,IPS
Hot 30,IPS
Smart 7 (India),IPS
Smart 7,IPS
Zero 5G 2023,IPS
Hot 20 Play,IPS
Hot 20S,IPS
Hot 20,IPS
Note 12 (2023),AMOLED
Zero Ultra,AMOLED
Hot 20 5G,IPS
Hot 20i,IPS
Zero 20,AMOLED
Note 12i 2022,AMOLED
Hot 12 Pro,IPS
Smart 6 Plus (India),IPS
Note 12 Pro,AMOLED
Note 12 Pro 5G,AMOLED
Note 12 5G,AMOLED
Hot 11s NFC,IPS
Hot 12 Play,IPS
Hot 12 Play NFC,IPS
Note 12 VIP,AMOLED
Note 12 G96,AMOLED
Note 12i,IPS
Note 12,AMOLED
Hot 12,IPS
Smart 6 HD,IPS
Hot 11 2022,IPS
Hot 12i,IPS
Zero 5G,IPS
Smart 5 Pro,IPS
Hot 11 Play,IPS
Note 11i,IPS
Note 11s,IPS
Note 11,AMOLED
Smart 6,IPS
Note 11 Pro,IPS
Hot 11s,IPS
Hot 11,IPS
Zero X Pro,AMOLED
Zero X,AMOLED
Zero X Neo,IPS
Hot 10i,IPS
Note 10 Pro NFC,IPS
Note 10 Pro,IPS
Note 10,IPS
Hot 10T,IPS
Hot 10s NFC,IPS
Hot 10s,IPS
Smart 5 (India),IPS
Hot 10 Play,IPS
Smart HD 2021,IPS
Zero 8i,IPS
Note 8,IPS
Note 8i,IPS
Hot 10 Lite,IPS
Hot 10,IPS
Zero 8,IPS
Smart 5,IPS
Hot 9 Play,IPS
Note 7,IPS
Note 7 Lite,IPS
Hot 9 Pro,IPS
Hot 9,IPS
S5 Pro (16+32),IPS
S5 Pro (48+40),IPS
S5 Pro,IPS
S5 lite,IPS
Smart 4,IPS
Smart 4c,IPS
Hot 8 Lite,IPS
S5,IPS
Hot 8,IPS
Note 6,AMOLED
Smart3 Plus,IPS
S4,IPS
Hot 7 Pro,IPS
Hot 7,IPS
Zero 6 Pro,IPS
Zero 6,IPS
Smart 2 HD,IPS
Hot 6X,IPS
Note 5 Stylus,IPS
S3X,IPS
Hot 6,IPS
Note 5,IPS
Smart 2 Pro,IPS
Smart 2,IPS
Hot 6 Pro,IPS
Hot S3,IPS
Zero 5 Pro,IPS
Zero 5,IPS
Hot 5 Lite,IPS
Hot 5,IPS
Note 4 Pro,IPS
Note 4,IPS
Smart,IPS
Zero 4 Plus,IPS
Zero 4,IPS
S2 Pro,IPS
Hot 4 Pro,IPS
Hot 4,IPS
Note 3 Pro,IPS
Note 3,IPS
Hot S,TFT
Tab M11,IPS
Legion Y700 (2023),IPS
Tab P12,IPS
Tab M10,IPS
Tab Extreme,OLED
Tab M9,IPS
Tab M8 (4th Gen),IPS
Tab P11 Gen 2,IPS
Tab P11 Pro Gen 2,OLED
Tab M10 Gen 3,IPS
Pad Pro 2022,OLED
Legion Y70,OLED
Tab M10 Plus (3rd Gen),IPS
Legion Y700,IPS
Legion Y90,AMOLED
K14 Plus,IPS
Tab K10,IPS
Tab P12 Pro,AMOLED
Tab P11 5G,IPS
K13 Pro,IPS
K13,IPS
Yoga Tab 11,IPS
Tab P11 Plus,IPS
Tab M8 (3rd Gen),TDDI
Tab M7 (3rd Gen),TDDI
K13 Note,IPS
Yoga Tab 13,IPS
Pad Pro,OLED
Pad Plus,TDDI
Pad,TDDI
Legion 2 Pro,AMOLED
Legion Duel 2,AMOLED
K12 Pro,IPS
K12 (China),IPS
A8 2020,IPS
Tab P11 Pro,OLED
Tab P11,IPS
Tab M10 HD Gen 2,IPS
Legion Duel,AMOLED
Legion Pro,AMOLED
A7,IPS
M10 Plus,IPS
M10 FHD REL,IPS
Yoga Smart Tab,IPS
K10 Plus,IPS
K10 Note,IPS
A6 Note,IPS
Tab M8 (FHD),IPS
Tab M8 (HD),IPS
Tab M7,IPS
Z6,Super
Z6 Pro 5G,Super
Z6 Youth,IPS
Z6 Pro,Super
K6 Enjoy,IPS
Tab V7,IPS
S5 Pro GT,IPS
Z5s,IPS
Z5 Pro GT,Super
Z5 Pro,Super
S5 Pro,IPS
K5 Pro,IPS
K9,IPS
Z5,IPS
K5 Note (2018),IPS
A5,IPS
K5 play,IPS
K5,IPS
S5,IPS
K320t,IPS
moto tab,IPS
Tab 7 Essential,IPS
Tab 7,IPS
K8 Plus,IPS
K8,IPS
K8 Note,IPS
Tab 4 10 Plus,IPS
Tab 4 10,IPS
Tab 4 8 Plus,IPS
Tab 4 8,IPS
Tab3 8 Plus,IPS
ZUK Edge,TDDI
A6600 Plus,IPS
A6600,IPS
B,TFT
A Plus,IPS
P2,Super
K6 Note,IPS
K6 Power,IPS
K6,IPS
Yoga Tab 3 10,IPS
Yoga Tab 3 Plus,IPS
Vibe A,TFT
C2 Power,IPS
C2,IPS
Phab2 Plus,IPS
Phab2,IPS
Phab2 Pro,IPS
ZUK Z2,IPS
Vibe C,IPS
ZUK Z2 Pro,Super
Tab3 10,IPS
Tab3 8,IPS
Tab3 7,IPS
Vibe K5 Plus,IPS
Vibe K5,IPS
A7000 Turbo,IPS
Vibe P1 Turbo,IPS
K5 Note,IPS
Lemon 3,IPS
Vibe S1 Lite,IPS
Vibe K4 Note,IPS
Vibe X3 c78,IPS
Vibe X3,IPS
A3690,IPS
Yoga Tab 3 Pro,IPS
Yoga Tab 3 8.0,IPS
A1000,TFT
Phab,IPS
Phab Plus,IPS
Vibe P1,IPS
A6010 Plus,IPS
A6010,IPS
Vibe P1m,IPS
Vibe S1,IPS
ZUK Z1,IPS
A2010,TFT
A616,IPS
A3900,IPS
K80,IPS
S60,IPS
A6000 Plus,IPS
A1900,IPS
K3 Note,IPS
Vibe Shot,IPS
A7000 Plus,IPS
A7000,IPS
A5000,IPS
Tab 2 A10-70,IPS
Tab 2 A8-50,IPS
P70,IPS
Tab 2 A7-30,IPS
Tab 2 A7-20,IPS
Tab 2 A7-10,IPS
A6000,IPS
P90,IPS
Vibe X2 Pro,IPS
K3,IPS
Golden Warrior Note 8,IPS
A916,IPS
A319,TFT
S856,IPS
S580,IPS
S90 Sisley,Super
A606,IPS
Yoga Tablet 2 Pro,IPS
Yoga Tablet 2 10.1,IPS
Yoga Tablet 2 8.0 ,IPS
Tab S8,IPS
Vibe X2,IPS
Vibe Z2,IPS
A850+,IPS
Vibe Z2 Pro,IPS
Golden Warrior A8,IPS
Golden Warrior S8,IPS
S939,IPS
S750,IPS
A889,IPS
A680,TFT
A316i,IPS
A328,IPS
A536,IPS
A526,IPS
A10-70 A7600,IPS
A8-50 A5500,IPS
A7-50 A3500,IPS
A7-30 A3300,IPS
Yoga Tablet 10 HD+,IPS
S860,IPS
S850,IPS
S660,IPS
A880,IPS
A859,IPS
S930,IPS
S650,IPS
Vibe Z K910,IPS
Yoga Tablet 10,IPS
Yoga Tablet 8,IPS
A630,IPS
A516,IPS
Vibe X S960,IPS
S5000,IPS
A850,IPS
A706,IPS
P780,IPS
S820,IPS
A390,TFT
A369i,TFT
A269i,TFT
S920,IPS
IdeaTab S6000H,IPS
IdeaTab S6000F,IPS
IdeaTab S6000L,IPS
IdeaTab S6000,IPS
IdeaTab A3000,IPS
IdeaTab A1000,TFT
K900,IPS
S890,IPS
IdeaTab A2107,TFT
A830,IPS
A820,IPS
A800,IPS
A789,TFT
A690,TFT
S720,IPS
P770,IPS
A60+,TFT
S560,IPS
S880,TFT
A660,IPS
K860,IPS
P700i,IPS
A65,TFT
A335,TFT
A185,TFT
S800,Transparent
Q350,TFT
Q330,TFT
A336,TFT
E156,TFT
LePhone S2,LCD
A60,TFT
K800,IPS
IdeaPad S2,LED-backlit
LePad S2010,IPS
LePad S2007,IPS
LePad S2005,IPS
IdeaPad A1,TFT
IdeaPad K1,TFT
ThinkPad,IPS
K12,IPS
K7,IPS
ZUK Z1 mini,IPS
A5860,IPS
ideapad,IPS
Vibe Z3 Pro,IPS
Ultra Tab,IPS
W41 Pro,IPS
W41+,IPS
W41,IPS
W31+,IPS
W31,IPS
W11,IPS
K92 5G,IPS
K62,IPS
Q52,IPS
K52,IPS
K42,IPS
K71,IPS
Wing 5G,Rotating
K22,IPS
Q92 5G,IPS
Q31,IPS
K31,IPS
Velvet 5G UW,P-OLED
Q61,IPS
Stylo 6,IPS
Velvet,P-OLED
Velvet 5G,P-OLED
Folder 2,IPS
V60 ThinQ 5G UW,P-OLED
V60 ThinQ 5G,P-OLED
Q51,IPS
W10 Alpha,IPS
K61,IPS
K51S,IPS
K41S,IPS
G Pad 5 10.1,IPS
V50S ThinQ 5G,OLED
G8X ThinQ,OLED
Q70,IPS
K30 (2019),IPS
K20 (2019),IPS
K40S,IPS
K50S,IPS
W30 Pro,IPS
W30,IPS
W10,IPS
Stylo 5,IPS
V50 ThinQ 5G,P-OLED
G8S ThinQ,G-OLED
G8 ThinQ,P-OLED
Q60,IPS
K50,IPS
K40,IPS
Q9,IPS
V40 ThinQ,P-OLED
Watch W7,P-OLED
Tribute Empire,IPS
Candy,IPS
G7 Fit,IPS
G7 One,IPS
Q8 (2018),IPS
K11 Plus,IPS
Q Stylo 4,IPS
Q Stylus,IPS
V35 ThinQ,P-OLED
Q7,IPS
G7 ThinQ,IPS
V30S ThinQ,P-OLED
Zone 4,IPS
X power 3,IPS
K30,IPS
K10 (2018),IPS
K8 (2018),S-IPS
Aristo 2,IPS
X4+,IPS
V30,P-OLED
Q8 (2017),IPS
Q6,IPS
G Pad IV 8.0 FHD,IPS
X venture,IPS
G6,IPS
X power2,IPS
Watch Sport,P-OLED
Watch Style,P-OLED
Stylo 3 Plus,IPS
Stylus 3,IPS
Harmony,IPS
K20 plus,IPS
K10 (2017),IPS
K8 (2017),IPS
K7 (2017),IPS
K4 (2017),IPS
K3 (2017),IPS
G Pad III 10.1 FHD,IPS
U,IPS
V20,IPS
X Skin,IPS
X5,IPS
X max,IPS
X mach,IPS
G Pad III 8.0 FHD,IPS
G Pad X 8.0,IPS
X power,IPS
X style,IPS
Stylus 2 Plus,IPS
Stylo 2,IPS
K5,IPS
K3,IPS
G5 SE,IPS
G5,IPS
X cam,IPS
X screen,IPS
K8,IPS
Stylus 2,IPS
K10,IPS
K7,IPS
K4,IPS
G Pad II 8.3 LTE,IPS
Ray,IPS
G Vista 2,IPS
G Watch R W110,P-OLED
Watch Urbane W150,P-OLED
Watch Urbane 2nd Edition LTE,P-OLED
V10,IPS
Nexus 5X,IPS
Zero,IPS
G Pad II 10.1,IPS
G Pad II 8.0 LTE,IPS
Wine Smart,IPS
Tribute 2,IPS
Bello II,IPS
G4 Beat,IPS
G360,TFT
G350,TFT
G4c,IPS
G4 Dual,IPS
G4,IPS
G Stylo,IPS
G4 Stylus,IPS
AKA,IPS
Watch Urbane LTE,P-OLED
G Watch W100,IPS
Magna,IPS
Spirit,IPS
Leon,IPS
Joy,TFT
G Flex2,Curved
Tribute,IPS
L Prime,IPS
G2 Lite,IPS
G3 Dual-LTE,True
G3 Screen,IPS
F60,IPS
L60,TFT
L60 Dual,TFT
G3 Stylus,IPS
L Bello,IPS
L Fino,IPS
G Pad 8.0 LTE,IPS
G Vista,IPS
G3 A,IPS
G Pad 7.0 LTE,IPS
L50,TFT
L30,TFT
L20,TFT
G Vista (CDMA),IPS
G3 LTE-A,True
G3 S Dual,IPS
G3 S,IPS
L65 D280,IPS
G3 (CDMA),True
G3,True
450,TFT
L35,IPS
Volt,IPS
G Pad 10.1 LTE,IPS
G Pad 10.1,IPS
G Pad 8.0,IPS
G Pad 7.0,IPS
L80,IPS
L80 Dual,IPS
Lucid 3 VS876,IPS
L65 Dual D285,IPS
G Pad 8.3 LTE,IPS
F70 D315,IPS
G2 mini LTE (Tegra),IPS
G2 mini LTE,IPS
G2 mini,IPS
L90 Dual D410,IPS
L90 D405,IPS
L70 D320N,IPS
L70 Dual D325,IPS
L45 Dual X132,TFT
L40 D160,IPS
L40 Dual D170,IPS
G Pro 2,True
Optimus L4 II Tri E470,IPS
Optimus L1 II Tri E475,TFT
Optimus F3Q,IPS
GX F310L,True
Nexus 5,True
G Flex,Curved
Fireweb,TFT
G Pro Lite,IPS
G Pro Lite Dual,IPS
Optimus L2 II E435,IPS
Vu 3 F300L,True
G Pad 8.3,IPS
G2,True
Optimus L9 II,True
Enact VS890,TFT
Optimus GJ E975W,True
Optimus L4 II Dual E445,IPS
Optimus L4 II E440,IPS
Optimus Zone VS410,TFT
Optimus F3,IPS
Lucid2 VS870,AH
Optimus F7,True
Optimus F6,IPS
Optimus F5,IPS
Optimus G Pro E985,True
Optimus L7 II Dual P715,IPS
Optimus L7 II P710,IPS
Optimus L5 II Dual E455,IPS
Optimus L5 II E460,IPS
Optimus L3 II Dual E435,IPS
Optimus L3 II E430,IPS
Optimus L1 II E410,TFT
Nexus 4 E960,True
A390,TFT
A395,TFT
C299,TFT
Tri Chip C333,TFT
Spectrum II 4G VS930,True
Mach LS860,IPS
Optimus L9 P769,IPS
Optimus Vu II,HD-IPS
Optimus Vu II F200,HD-IPS
Optimus G E970,True
Optimus G LS970,True
Optimus G E975,True
Intuition VS950,HD-IPS
Splendor US730,IPS
Escape P870,IPS
Optimus L5 Dual E615,IPS
Optimus L9 P760,IPS
Motion 4G MS770,TFT
Optimus Vu P895,HD-IPS
Optimus L3 E405,TFT
C199,TFT
T385,TFT
T375 Cookie Smart,TFT
Optimus Elite LS696,TFT
T370 Cookie Smart,TFT
Optimus LTE2,True
Optimus True HD LTE P936,True
Xpression C395,TFT
Lucid 4G VS840,IPS
Optimus M+ MS695,TFT
Optimus 4X HD P880,True
Optimus 3D Max P720,3D
Optimus 3D Cube SU870,3D
Optimus L7 P700,IPS
Optimus L5 E610,IPS
Optimus Vu F100S,HD-IPS
Optimus LTE Tag,HD-IPS
Optimus L3 E400,TFT
Optimus Pad LTE,IPS
Rumor Reflex  LN272,TFT
Connect 4G MS840,TFT
Viper 4G LTE LS840,TFT
Spectrum VS920,HD-IPS
X350,TFT
Prada 3.0,IPS
Nitro HD,AH-IPS
Optimus 4G LTE P935,True
Optimus 2 AS680,TFT
Extravert VN271,TFT
DoublePlay,TFT
Enlighten VS700,TFT
S367,TFT
Jil Sander Mobile,TFT
Optimus Slider,TFT
Optimus LTE SU640,HD-IPS
Optimus LTE LU6200,HD-IPS
Optimus EX SU880,IPS
Optimus Q2 LU6500,IPS
Optimus Hub E510,TFT
Optimus Sol E730,OLED
Optimus Net Dual,TFT
Optimus Net,TFT
Esteem MS910,TFT
Marquee LS855,IPS
Optimus Black (White version),IPS
Optimus Pro C660,TFT
S365,TFT
A350,TFT
A258,TFT
A250,TFT
A270,TFT
A290,TFT
A230,TFT
A190,TFT
A200,TFT
T515 Cookie Duo,TFT
T510,TFT
T505,TFT
EGO T500,TFT
EGO Wi-Fi,TFT
C375 Cookie Tweet,TFT
C365,TFT
C360,TFT
A100,TFT
Optimus Big LU6800,IPS
Cosmos 2,TFT
US760 Genesis,TFT
Phoenix P505,TFT
Thrive P506,TFT
Thrill 4G P925,3D
T315,TFT
Optimus 3D P920,3D
Optimus Pad V900,IPS
A180,TFT
A165,TFT
A160,TFT
Optimus Chat C550,TFT
A140,CSTN
Optimus Me P350,TFT
Optimus Black P970,IPS
Optimus 2X SU660,IPS
Optimus 2X,IPS
Optimus Mach LU3000,IPS
Revolution,TFT
X335,TFT
C310,TFT
Cookie WiFi T310i,TFT
GU200,TFT
A120,TFT
A155,TFT
S310,TFT
P525,TFT
P520,TFT
Axis,TFT
Apex,TFT
Cosmos Touch VN270,TFT
Vortex VS660,TFT
C320 InTouch Lady,TFT
GT550 Encore,TFT
GS390 Prime,TFT
Quantum,TFT
C900 Optimus 7Q ,TFT
E900 Optimus 7,TFT
Town C300,TFT
Optimus Chic E720,TFT
Optimus M,TFT
Octane,TFT
Optimus S,TFT
Optimus T,TFT
Optimus One P500,TFT
GW910,OLED
A130,TFT
GW370 Rumour Plus,TFT
GD550 Pure,TFT
KS365,TFT
GM650s,TFT
Scarlet II TV,TFT
Flick T320,TFT
Cookie 3G T320,TFT
Wink 3G T320,TFT
C710 Aloha,TFT
Cookie Style T310,TFT
Wink Style T310,TFT
Cookie Lite T300,TFT
C105,TFT
GX300,TFT
GU292,TFT
GM360 Viewty Snap,TFT
Fathom VS750,TFT
Vu Plus,TFT
GT400 Viewty Smile,TFT
SU420 Cafe,TFT
Optimus Z,TFT
SU920,TFT
KM570 Cookie Gig,TFT
Optimus Q LU2300,TFT
GX500,TFT
KH3900 Joypop,TFT
GT950 Arena,TFT
GB280,TFT
GS155,TFT
GS107,TFT
GS106,TFT
KP108,TFT
GD350,TFT
KH5200 Andro-1,TFT
GT540 Optimus,TFT
GT405,TFT
GS290 Cookie Fresh,TFT
GW990,TFT
GS500 Cookie Plus,TFT
GX200,TFT
KF305,TFT
GW880,TFT
GD880 Mini,TFT
Etna C330,TFT
Wink Plus GT350i,TFT
Town GT350,TFT
KU2100,TFT
GD580 Lollipop,TFT
GS200,TFT
GS190,TFT
GW820 eXpo,TFT
GU230 Dimsun,TFT
GD710 Shine II,TFT
GB160,TFT
GU285,TFT
8575 Samba,TFT
KM555E,TFT
GD310 ,TFT
GD510 Pop,TFT
BL20 New Chocolate,TFT
CF360,TFT
GW620,TFT
GM750,TFT
BL40 New Chocolate,TFT
GW300,TFT
GB270,TFT
GB190,TFT
GB109,CSTN
GB170,TFT
GW550,TFT
KB775 Scarlet,TFT
GT500 Puccini,TFT
GT505,TFT
GW520,TFT
GD900 Crystal,TFT
GC900 Viewty Smart,TFT
GB230 Julia,TFT
GD330,TFT
KS660,TFT
GB125,CSTN
Xenon GR500,TFT
GB210,TFT
GM200 Brio,TFT
KC560,TFT
KM900 Arena,TFT
GM730 Eigen,TFT
KC910i Renoir,TFT
GB250,TFT
GB220,TFT
GB102,CSTN
KT770,TFT
GB130,TFT
GM310,TFT
GM210,TFT
KM330,TFT
GB110,CSTN
GB106,CSTN
GD910,TFT
CT810 Incite,TFT
KP152,TFT
KS500,TFT
KF900 Prada,TFT
KC780,TFT
KP500 Cookie,TFT
KP501 Cookie,TFT
KP502 Cookie,TFT
KB770,TFT
KC910 Renoir,TFT
KP270,TFT
CB630 Invision,TFT
KF311,TFT
CP150,TFT
KP265,TFT
KP260,TFT
KP199,TFT
KP170,TFT
GT365 Neon,TFT
Univa E510,TFT
KS360,TFT
KF390,TFT
KF350,TFT
KF245,TFT
KF240,TFT
U370,TFT
HB620T,TFT
KC550,TFT
KF757 Secret,TFT
KF750 Secret,TFT
KF755 Secret,TFT
CU915 Vu,TFT
KF700,TFT
KF600,TFT
KF510,TFT
KP320,TFT
KT610,TFT
KT520,TFT
KM710,TFT
MG295,TFT
KF310,TFT
KF300,TFT
KM500,TFT
KM386,TFT
KM380,TFT
KM338,TFT
KG375,TFT
KP235,TFT
KP220,TFT
KP215,TFT
KP210,TFT
KP130,TFT
KP110,CSTN
KP105,CSTN
KP100,CSTN
KU385,TFT
KU380,TFT
U960,TFT
KG290,TFT
KG288,TFT
KS20,TFT
KU990 Viewty,TFT
KE990 Viewty,TFT
KE590,TFT
KE500,TFT
KG280,TFT
KG275,CSTN
MG160,CSTN
KU580,TFT
KE850 Prada,TFT
KE970 Shine,TFT
KU970 Shine,TFT
KE770 Shine,TFT
CU720 Shine,TFT
KU950,TFT
KS10,TFT
KU311,TFT
Trax CU575,TFT
CU500V,TFT
CU515,TFT
CE110,TFT
KU250,TFT
KE260,TFT
KE800,TFT
KE820,TFT
KU800,TFT
L343i,TFT
U830,TFT
KP200,TFT
L600v,TFT
KP202,TFT
CU500,TFT
U400,TFT
U310,TFT
U300,TFT
KG800,TFT
KG810,TFT
KE600,TFT
KG330,TFT
KG320,TFT
CG180,TFT
KG300,TFT
KG270,TFT
KG200,TFT
KG195,TFT
KG920,TFT
KU730,TFT
U900,TFT
V9000,TFT
KG245,TFT
KG240,TFT
KG225,CSTN
KG220,CSTN
KG210,CSTN
KG190,CSTN
KG130,CSTN
KG120,CSTN
KG110,CSTN
C2600,LCD
U890,TFT
U8550,TFT
M6100,TFT
C2500,CSTN
C1150,CSTN
S5300,TFT
S5200,TFT
S5100,TFT
S5000,OLED
U880,TFT
P7200,TFT
B2250,TFT
B2070,LCD
B2050,CSN
M4410,TFT
M4330,TFT
M4300,TFT
F3000,TFT
F2410,TFT
F2250,CSTN
L342i,STN
L341i,TFT
C3400,CSTN
C3380,CSTN
C3320,STN
C3310,STN
C3300,STN
U8380,TFT
U8360,TFT
U8330,TFT
U8290,TFT
U8210,TFT
U8200,TFT
U8180,TFT
B2150,CSTN
B2100,CSTN
B2000,CSTN
F2400,TFT
F1200,TFT
F7250,TFT
A7150,TFT
L5100,TFT
C2200,TFT
C2100,CSTN
G1800,STN
G1610,STN
G1700,STN
F2300,TFT
F2100,TFT
L3100,TFT
C3100,STN
G3100,STN
L1100,TFT
C1400,UFB
C1200,STN
C1100,STN
G1600,STN
T5100,TFT
G7200,TFT
G7120,UFB
U8150,TFT
U8138,TFT
U8120,TFT
U8110,TFT
U8100,TFD
G7100,STN
G7070,UFB
G7050,STN
G7030,UFB
G1500,Grayscale
G5500,UFB
G5400,UFB
G5310,UFB
G5300,STN
G8000,TFD
G7020,STN
W7020,STN
G7000,STN
W7000,STN
G5200,Grayscale
W5200,Grayscale
G3000,Grayscale
W3000,Grayscale
B1200,Monochrome
LG 510w,Monochrome
LG-600,Monochrome
LG-500,Monochrome
LG-200,Monochrome
G4 Pro,IPS
Optimus LTE,HD-IPS
X3,IPS
E2,TFT
Fantasy E740,TFT
C210,IPS
G310,IPS
150 (2023),TFT
130 (2023),TFT
G42,IPS
C300,IPS
C110,IPS
110 4G (2023),TFT
110 (2023),TFT
106 4G (2023),IPS
106 (2023),TFT
105 4G (2023),IPS
105 (2023),TFT
XR21,IPS
C12 Plus,IPS
C12 Pro,IPS
C32,IPS
C22,IPS
G22,IPS
C02,IPS
C12,IPS
2780 Flip,TFT
X30,AMOLED
G100,IPS
G60,IPS
C31,IPS
T21,IPS
G400,IPS
110 (2022),TFT
8210 4G,TFT
5710 XpressAudio,TFT
2760 Flip,TFT
2660 Flip,TFT
T10,IPS
G11 Plus,IPS
C200,IPS
C100,IPS
C21 Plus,IPS
C21,IPS
105+ (2022),TFT
105 (2022),TFT
C2 2nd Edition,IPS
G11,IPS
G21,IPS
X100,IPS
G300,IPS
T20,IPS
G50,IPS
XR20,IPS
C30,IPS
6310 (2021),TFT
C1 2nd Edition,TFT
110 4G,TFT
105 4G,TFT
C20 Plus,IPS
C01 Plus,IPS
X20,IPS
X10,IPS
G20,IPS
G10,IPS
C20,IPS
C10,IPS
1.4,IPS
5.4,IPS
C1 Plus,IPS
8000 4G,TFT
6300 4G,TFT
8 V 5G UW,IPS
2 V Tella,IPS
225 4G,TFT
215 4G,TFT
3.4,IPS
2.4,IPS
C3,IPS
C5 Endi,IPS
C2 Tennen,IPS
C2 Tava,IPS
150 (2020),TFT
125,TFT
8.3 5G,IPS
5.3,IPS
1.3,IPS
5310 (2020),TFT
C2,IPS
C1,IPS
2.3,IPS
7.2,IPS
6.2,IPS
800 Tough,TFT
2720 V Flip,TFT
2720 Flip,TFT
220 4G,TFT
110 (2019),TFT
105 (2019),TFT
3.1 C,IPS
3.1 A,IPS
2.2,IPS
X71,IPS
9 PureView,P-OLED
4.2,IPS
3 V,IPS
3.2,IPS
1 Plus,IPS
210,TFT
8.1 (Nokia X7),IPS
106 (2018),TFT
3.1 Plus,IPS
7.1,IPS
6.1 Plus (Nokia X6),IPS
5.1 Plus (Nokia X5),IPS
5.1,IPS
3.1,IPS
2.1,IPS
8110 4G,TFT
8 Sirocco,P-OLED
7 plus,IPS
6.1,IPS
1,IPS
3310 4G,TFT
2,IPS
7,IPS
3310 3G,TFT
8,IPS
105 (2017),TFT
130 (2017),TFT
3,IPS
5,IPS
6,IPS
3310 (2017),TFT
150,TFT
216,TFT
230 Dual SIM,TFT
230,TFT
222 Dual SIM,TFT
222,TFT
105 Dual SIM (2015),TFT
105 (2015),TFT
215,TFT
215 Dual SIM,TFT
Lumia 638,IPS
N1,IPS
Lumia 730 Dual SIM,OLED
Lumia 735,OLED
Lumia 830,IPS
130 Dual SIM,TFT
130,TFT
Lumia 530 Dual SIM,TFT
Lumia 530,TFT
X2 Dual SIM,IPS
225,TFT
225 Dual SIM,TFT
Lumia 930,AMOLED
Lumia 635,IPS
Lumia 630 Dual SIM,IPS
Lumia 630,IPS
XL,IPS
X+,IPS
X,IPS
Asha 230,TFT
220,TFT
Lumia Icon,AMOLED
Lumia 525,IPS
Lumia 1520,IPS
Lumia 1320,IPS
Lumia 2520,IPS
Asha 503 Dual SIM,TFT
Asha 503,TFT
Asha 502 Dual SIM,TFT
Asha 500 Dual SIM,TFT
Asha 500,TFT
108 Dual SIM,TFT
515,TFT
107 Dual SIM,TFT
106,TFT
Lumia 625,IPS
Lumia 1020,AMOLED
208,TFT
207,TFT
Lumia 925,AMOLED
Lumia 928,AMOLED
Asha 501,TFT
Asha 210,TFT
Lumia 720,IPS
Lumia 520,IPS
301,TFT
105,TFT
Asha 310,TFT
Lumia 505,AMOLED
Lumia 620,TFT
114,TFT
206,TFT
Asha 205,TFT
109,TFT
Lumia 822,AMOLED
Lumia 510,TFT
Lumia 810,AMOLED
Asha 309,TFT
Asha 308,TFT
Lumia 920,IPS
Lumia 820,AMOLED
Asha 311,TFT
Asha 306,TFT
Asha 305,TFT
113,TFT
112,TFT
111,TFT
110,TFT
Lumia 610 NFC,TFT
103,Monochrome
808 PureView,AMOLED
800c,AMOLED
Lumia 610,TFT
Asha 302,TFT
Asha 203,TFT
Asha 202,TFT
Lumia 900,AMOLED
Lumia 900 AT&T,AMOLED
801T,TFT
X2-02,TFT
Lumia 800,AMOLED
Lumia 710 T-Mobile,TFT
Lumia 710,TFT
Asha 303,TFT
Asha 300,TFT
Asha 201,TFT
Asha 200,TFT
603,IPS
C2-05,TFT
X2-05,TFT
C5-06,TFT
C5-05,TFT
C5-04,TFT
101,TFT
100,TFT
701,LED-backlit
700,AMOLED
600,TFT
C3-01 Gold Edition,TFT
500,TFT
N9,AMOLED
C5 5MP,TFT
C2-06,TFT
C2-03,TFT
C2-02,TFT
702T,TFT
T7,AMOLED
N950,LCD
Oro,AMOLED
X1-01,TFT
X7-00,AMOLED
E6,TFT
C7 Astound,AMOLED
X1-00,TFT
X2-01,TFT
C2-01,TFT
C5-03,TFT
E7,AMOLED
C6-01,AMOLED
C7,AMOLED
C3-01 Touch and Type,TFT
5250,TFT
X3 Touch and Type S,TFT
X3-02 Touch and Type,TFT
X6 8GB (2010),TFT
X5-01,TFT
5233,TFT
E73 Mode,TFT
C2-00,TFT
C1-02,TFT
C1-01,TFT
C1-00,TFT
N8,AMOLED
X2-00,TFT
C6,TFT
E5,TFT
C3 (2010),TFT
C5,TFT
C5 TD-SCDMA,TFT
X5 TD-SCDMA,TFT
6303i classic,TFT
5132 XpressMusic,TFT
X6 16GB (2010),TFT
2710 Navigation Edition,TFT
X6 (2009),TFT
6700 slide,TFT
7230,TFT
5330 Mobile TV Edition,TFT
2690,TFT
2220 slide,TFT
1800,TFT
1616,TFT
1280,Monochrome
5235 Comes With Music,TFT
6788,TFT
N97 mini,TFT
X3,TFT
N900,TFT
5230,TFT
3208c,TFT
5800 Navigation Edition,TFT
6350,TFT
Mural,TFT
6760 slide,TFT
6790 Surge,TFT
3720 classic,TFT
5530 XpressMusic,TFT
E72,TFT
3710 fold,TFT
6730 classic,TFT
6600i slide,TFT
7020,TFT
2720 fold,TFT
2730 classic,TFT
E52,TFT
6216 classic,TFT
5730 XpressMusic,TFT
5330 XpressMusic,TFT
5030 XpressRadio,TFT
N86 8MP,AMOLED
E75,TFT
E55,TFT
6720 classic,TFT
6710 Navigator,TFT
5630 XpressMusic,TFT
6700 classic,TFT
6303 classic,TFT
2700 classic,TFT
6208c,TFT
8800 Gold Arte,OLED
N97,TFT
6260 slide,TFT
E63,TFT
7100 Supernova,TFT
5130 XpressMusic,256K
2330 classic,TFT
2323 classic,TFT
1662,TFT
1661,TFT
1202,Monochrome
5800 XpressMusic,TFT
N85,AMOLED
N79,TFT
8800 Carbon Arte,OLED
3610 fold,TFT
7610 Supernova,TFT
7510 Supernova,TFT
7310 Supernova,TFT
7210 Supernova,TFT
E71,TFT
E66,TFT
703,LED-backlit
6600 fold,OLED
6600 slide,TFT
3600 slide,TFT
5320 XpressMusic,TFT
5220 XpressMusic,TFT
6212 classic,TFT
5000,TFT
7070 Prism,TFT
2680 slide,TFT
1680 classic,TFT
6300i,TFT
N96,TFT
N78,TFT
6220 classic,TFT
6210 Navigator,TFT
6124 classic,TFT
6650 fold,TFT
3555,TFT
3120 classic,TFT
7900 Crystal Prism,OLED
2600 classic,TFT
1209,CSTN
3110 Evolve,TFT
N82,TFT
8800 Sapphire Arte,OLED
8800 Arte,OLED
6301,TFT
E51,TFT
E51 camera-free,TFT
6263,TFT
N81 8GB,TFT
N81,TFT
N95 8GB,TFT
5610 XpressMusic,TFT
5310 XpressMusic,TFT
6555,TFT
7900 Prism,OLED
7500 Prism,TFT
8600 Luna,TFT
6500 slide,TFT
6500 classic,TFT
N810,TFT
3500 classic,TFT
2630,TFT
6267,TFT
2760,TFT
2660,TFT
1650,CSTN
1208,CSTN
1200,Monochrome
6120 classic,TFT
6121 classic,TFT
5700,TFT
5070,CSTN
E90,TFT
E65,TFT
E61i,TFT
N77,TFT
6110 Navigator,TFT
N800,TFT
3109 classic,TFT
3110 classic,TFT
N76,TFT
N93i,TFT
6290,TFT
6086,CSTN
6300,TFT
2626,CSTN
N95,TFT
N75,TFT
5300,TFT
5200,CSTN
6288,TFT
6085,CSTN
8800 Sirocco,TFT
7390,TFT
7373,TFT
6151,TFT
6080,TFT
1110i,Monochrome
E50,TFT
5500 Sport,TFT
N93,TFT
N73,TFT
N72,TFT
2610,CSTN
2310,CSTN
1112,Monochrome
6136,TFT
6133,TFT
6131 NFC,TFT
6131,TFT
6126,TFT
6070,CSTN
6125,TFT
6103,TFT
6233,TFT
6234,TFT
6282,TFT
9300i,TFT
N92,TFT
N80,TFT
N71,TFT
7380,TFT
7370,TFT
7360,TFT
E70,TFT
E62,TFT
E61,TFT
E60,TFT
3250,TFT
6708,TFT
6280,TFT
6270,TFT
6111,TFT
6060,TFT
N91,TFT
N90,TFT
N70,TFT
1600,CSTN
1110,Monochrome
1101,Monochrome
5140i,CSTN
8800,TFT
6230i,TFT
6021,TFT
6030,CSTN
6680,TFT
6681,TFT
6101,TFT
6822,TFT
7710,TFT
6020,TFT
3230,TFT
6670,TFT
7280,TFT
7270,TFT
7260,TFT
9300,TFT
6630,TFT
6260,TFT
6170,TFT
3128,65K
2600,CSTN
3220,65K
N-Gage QD,TFT
3120,CSTN
7610,TFT
9500,TFT
5140,CSTN
6610i,CSTN
3108,CSTN
7700,TFT
7200,TFT
6230,Active
6820,CSTN
6810,CSTN
3660,TFT
7600,TFT
3200,CSTN
2300,Monochrome
1100,Monochrome
6620,TFT
6600,TFT
3100,CSTN
7250i,CSTN
6108,CSTN
6220,CSTN
3300,CSTN
N-Gage,TFT
7250,CSTN
8910i,CSTN
6800,CSTN
6100,CSTN
5100,CSTN
2100,Monochrome
6650,TFT
3650,TFT
3530,CSTN
3510i,CSTN
6610,CSTN
3610,Backlit
9210i Communicator,TFT
7210,CSTN
6310i,Backlit
3510,Monochrome
3410,Monochrome
7650,TFT
8910,Monochrome
6510,Monochrome
6500,Monochrome
8855,Monochrome
5210,Monochrome
5510,Monochrome
8310,Monochrome
6310,Monochrome
3350,Monochrome
3330,Monochrome
8250,Monochrome
9210 Communicator,TFT
3310,Monochrome
8890,Monochrome
8210,Monochrome
8850,Monochrome
8810,Monochrome
6250,Monochrome
6210,Monochrome
7110,Monochrome
9110i Communicator,Grayscale
9000 Communicator,Grayscale
3210,Monochrome
6150,Monochrome
6130,Monochrome
6110,Monochrome
5110,Monochrome
3110,Monochrome
8110,Monochrome
2110,Monochrome
G,IPS
7.3,IPS
9.3 PureView,P-OLED
8.1 Plus,IPS
N87,AMOLED
Galaxy S24 Ultra,Dynamic
Galaxy S24+,Dynamic
Galaxy S24,Dynamic
Galaxy Xcover7,TFT
Galaxy Tab Active5,TFT
Galaxy A25,Super
Galaxy A15 5G,Super
Galaxy A15,Super
Galaxy Tab A9+,TFT
Galaxy Tab A9,TFT
Galaxy S23 FE,Dynamic
Galaxy Tab S9 FE+,IPS
Galaxy Tab S9 FE,IPS
Galaxy A05s,PLS
Galaxy A05,PLS
Galaxy F34,Super
Galaxy Z Fold5,Foldable
Galaxy Z Flip5,Foldable
Galaxy Tab S9 Ultra,Dynamic
Galaxy Tab S9+,Dynamic
Galaxy Tab S9,Dynamic
Galaxy Watch6 Classic,Super
Galaxy Watch6,Super
Galaxy M34 5G,Super
Galaxy F54,Super
Galaxy A24 4G,Super
Galaxy F14,PLS
Galaxy M54,Super
Galaxy A54,Super
Galaxy A34,Super
Galaxy M14,PLS
Galaxy S23 Ultra,Dynamic
Galaxy S23+,Dynamic
Galaxy S23,Dynamic
Galaxy A14,PLS
Galaxy A14 5G,PLS
Galaxy F04,PLS
Galaxy M04,PLS
Galaxy Tab A7 10.4 (2022),TFT
Galaxy A04e,PLS
Galaxy Tab Active4 Pro,TFT
Galaxy A04s,PLS
Galaxy A04,PLS
Galaxy Z Fold4,Foldable
Galaxy Z Flip4,Foldable
Galaxy Watch5 Pro,Super
Galaxy Watch5,Super
Galaxy A23 5G,PLS
Galaxy M13 5G,PLS
Galaxy M13 (India),PLS
Galaxy A13 (SM-A137),PLS
Galaxy Xcover6 Pro,PLS
Galaxy F13,PLS
Galaxy M13,PLS
Galaxy Tab S6 Lite (2022),TFT
Galaxy M53,Super
Galaxy S20 FE 2022,Super
Galaxy A73 5G,Super
Galaxy A53 5G,Super
Galaxy A33 5G,Super
Galaxy F23,TFT
Galaxy M33,TFT
Galaxy M23,TFT
Galaxy A23,PLS
Galaxy A13,PLS
Galaxy S22 Ultra 5G,Dynamic
Galaxy S22+ 5G,Dynamic
Galaxy S22 5G,Dynamic
Galaxy Tab S8 Ultra,Super
Galaxy Tab S8+,Super
Galaxy Tab S8,TFT
Galaxy S21 FE 5G,Dynamic
Galaxy Tab A8 10.5 (2021),TFT
Galaxy A13 5G,PLS
Galaxy A03,PLS
Galaxy A03 Core,PLS
Galaxy F42 5G,TFT
Galaxy M52 5G,Super
Galaxy M22,Super
Galaxy M32 5G,TFT
Galaxy A03s,PLS
Galaxy A52s 5G,Super
Galaxy Z Fold3 5G,Foldable
Galaxy Z Flip3 5G,Foldable
Galaxy Watch4 Classic,Super
Galaxy Watch4,Super
Galaxy A12 (India),PLS
Galaxy A12 Nacho,PLS
Galaxy M21 2021,Super
Galaxy F22,Super
Galaxy M32,Super
Galaxy A22 5G,TFT
Galaxy A22,Super
Galaxy Tab A7 Lite,TFT
Galaxy Tab S7 FE,TFT
Galaxy F52 5G,TFT
Galaxy M42 5G,Super
Galaxy M12,PLS
Galaxy Quantum 2,Dynamic
Galaxy F12,PLS
Galaxy F02s,PLS
Galaxy A72,Super
Galaxy A52 5G,Super
Galaxy A52,Super
Galaxy Xcover 5,PLS
Galaxy A32,Super
Galaxy M62,Super
Galaxy F62,Super
Galaxy M12 (India),PLS
Galaxy S21 Ultra 5G,Dynamic
Galaxy S21+ 5G,Dynamic
Galaxy S21 5G,Dynamic
Galaxy A32 5G,TFT
Galaxy M02s,PLS
Galaxy A12,PLS
Galaxy M02,PLS
Galaxy A02,PLS
Galaxy A02s,PLS
Galaxy M21s,Super
Galaxy M31 Prime,Super
Galaxy F41,Super
Galaxy Tab Active3,PLS
Galaxy S20 FE 5G,Super
Galaxy S20 FE,Super
Galaxy A42 5G,Super
Galaxy Tab A7 10.4 (2020),TFT
Galaxy M51,Super
Galaxy A51 5G UW,Super
Galaxy Z Fold2 5G,Foldable
Galaxy Note20 Ultra 5G,Dynamic
Galaxy Note20 Ultra,Dynamic
Galaxy Note20 5G,Super
Galaxy Note20,Super
Galaxy Watch3,Super
Galaxy Tab S7+,Super
Galaxy Tab S7,TFT
Galaxy Z Flip 5G,Foldable
Galaxy M31s,Super
Galaxy M01s,PLS
Galaxy M01 Core,PLS
Galaxy A01 Core,PLS
Galaxy A71 5G UW,Super
Galaxy M01,PLS
Galaxy A21s,PLS
Galaxy J2 Core (2020),PLS
Galaxy A Quantum,Super
Galaxy A71 5G,Super
Galaxy A51 5G,Super
Galaxy A21,IPS
Galaxy Tab A 8.4 (2020),TFT
Galaxy Tab S6 Lite,TFT
Galaxy M11,PLS
Galaxy A31,Super
Galaxy A41,Super
Galaxy M21,Super
Galaxy A11,PLS
Galaxy M31,Super
Galaxy S20 Ultra 5G,Dynamic
Galaxy S20 Ultra,Dynamic
Galaxy S20+ 5G,Dynamic
Galaxy S20+,Dynamic
Galaxy S20 5G UW,Dynamic
Galaxy S20 5G,Dynamic
Galaxy S20,Dynamic
Galaxy Z Flip,Foldable
Galaxy Tab S6 5G,Super
Galaxy Xcover Pro,IPS
Galaxy Note10 Lite,Super
Galaxy S10 Lite,Super
Galaxy A01,PLS
Galaxy A71,Super
Galaxy A51,Super
Galaxy Xcover FieldPro,IPS
Galaxy A70s,Super
Galaxy A20s,IPS
Galaxy M30s,Super
Galaxy M10s,Super
Galaxy Fold 5G,Foldable
Galaxy Fold,Foldable
Galaxy Tab Active Pro,LCD
Galaxy A90 5G,Super
Galaxy A30s,Super
Galaxy A50s,Super
Galaxy Note10+ 5G,Dynamic
Galaxy Note10+,Dynamic
Galaxy Note10 5G,Dynamic
Galaxy Note10,Dynamic
Galaxy Watch Active2,Super
Galaxy Watch Active2 Aluminum,Super
Galaxy A10s,PLS
Galaxy A10e,PLS
Galaxy Tab S6,Super
Galaxy Tab A 8.0 (2019),TFT
Galaxy Xcover 4s,PLS
Galaxy A2 Core,PLS
Galaxy Watch Active,Super
Galaxy View2,IPS
Galaxy S10 5G,Dynamic
Galaxy S10+,Dynamic
Galaxy S10,Dynamic
Galaxy S10e,Dynamic
Galaxy M40,PLS
Galaxy M30,Super
Galaxy M20,PLS
Galaxy M10,PLS
Galaxy A80,Super
Galaxy A70,Super
Galaxy A60,PLS
Galaxy A50,Super
Galaxy A40,Super
Galaxy A30,Super
Galaxy A20e,PLS
Galaxy A20,Super
Galaxy A10,IPS
Galaxy Tab S5e,Super
Galaxy Tab A 10.1 (2019),TFT
Galaxy Tab A 8.0 & S Pen (2019),IPS
Galaxy Tab Advanced2,IPS
Galaxy Tab A 8.0 (2018),IPS
Galaxy Tab S4 10.5,Super
Galaxy Tab A 10.5,IPS
Galaxy A8s,PLS
Galaxy A6s,PLS
Galaxy A9 (2018),Super
Galaxy A7 (2018),Super
Galaxy Note9,Super
Galaxy Watch,Super
Galaxy J6+,IPS
Galaxy J4 Core,IPS
Galaxy J4+,IPS
Galaxy J2 Core,PLS
Galaxy On6,Super
Galaxy J7 (2018),TFT
Galaxy J3 (2018),IPS
Galaxy A8 Star (A9 Star),Super
Galaxy S Light Luxury,Super
Galaxy J8,Super
Galaxy J6,Super
Galaxy J4,Super
Galaxy A6+ (2018),Super
Galaxy A6 (2018),Super
Galaxy J7 Duo,Super
Galaxy J7 Prime 2,PLS
Galaxy S9+,Super
Galaxy S9,Super
Galaxy J2 Pro (2018),Super
Galaxy A8+ (2018),Super
Galaxy A8 (2018),Super
Galaxy J2 (2017),Super
Galaxy Tab Active 2,LCD
Galaxy Tab A 8.0 (2017),IPS
Galaxy C7 (2017),Super
Gear Sport,Super
Galaxy Note8,Super
Galaxy S8 Active,Super
Galaxy J7 V,IPS
Galaxy Note FE,Super
Galaxy J7 Max,PLS
Galaxy J7 (2017),Super
Galaxy J7 Pro,Super
Galaxy J5 (2017),Super
Galaxy J3 (2017),PLS
Galaxy Folder2,TFT
Z4,IPS
Galaxy S8,Super
Galaxy S8+,Super
Gear S3 classic LTE,Super
Galaxy C5 Pro,Super
Galaxy Xcover 4,IPS
Galaxy Tab S3 9.7,Super
Galaxy J1 mini prime,TFT
Galaxy J3 Emerge,TFT
Galaxy C7 Pro,Super
Galaxy A7 (2017),Super
Galaxy A5 (2017),Super
Galaxy A3 (2017),Super
Galaxy Grand Prime Plus,PLS
Galaxy J2 Prime,PLS
Galaxy C9 Pro,Super
Galaxy A8 (2016),Super
Galaxy On8,Super
Galaxy On7 (2016),IPS
Gear S3 classic,Super
Gear S3 frontier,Super
Gear S3 frontier LTE,Super
Galaxy J5 Prime,PLS
Galaxy J7 Prime,PLS
Z2,TFT
Galaxy Note7 (USA),Super
Galaxy Note7,Super
Galaxy On7 Pro,TFT
Galaxy On5 Pro,TFT
Galaxy Tab J,PLS
Galaxy J Max,TFT
Galaxy J2 Pro (2016),Super
Galaxy J2 (2016),Super
Z3 Corporate,Super
Galaxy Xcover 3 G389F,PLS
Galaxy S7 active,Super
Galaxy J3 Pro,Super
Galaxy C7,Super
Galaxy C5,Super
Galaxy A9 Pro (2016),Super
Galaxy J7 (2016),Super
Galaxy J5 (2016),Super
Galaxy Tab A 10.1 (2016),PLS
Galaxy Tab A 7.0 (2016),IPS
Galaxy S7,Super
Galaxy S7 edge,Super
Galaxy S7 edge (USA),Super
Galaxy S7 (USA),Super
Galaxy J1 Nxt,TFT
Gear S2 classic 3G,Super
Galaxy Tab E 8.0,TFT
Galaxy J1 (2016),Super
Galaxy A9 (2016),Super
Galaxy A7 (2016),Super
Galaxy A5 (2016),Super
Galaxy A3 (2016),Super
Galaxy Express Prime,Super
Galaxy J3 (2016),Super
Galaxy View,TFT
Galaxy On7,TFT
Galaxy On5,TFT
Z3,Super
Galaxy J1 Ace,Super
Gear S2 classic,Super
Gear S2,Super
Gear S2 3G,Super
Galaxy Note5 (USA),Super
Galaxy Note5,Super
Galaxy Note5 Duos,Super
Galaxy S6 edge+ (USA),Super
Galaxy S6 edge+,Super
Galaxy S6 edge+ Duos,Super
Galaxy S5 Neo,Super
Galaxy S4 mini I9195I,Super
Galaxy Folder,TFT
Galaxy Tab S2 9.7,Super
Galaxy Tab S2 8.0,Super
Galaxy A8 Duos,Super
Galaxy A8,Super
Galaxy V Plus,TFT
Galaxy J7 Nxt,Super
Galaxy J7,Super
Galaxy J5,Super
Galaxy Tab 4 10.1 (2015),TFT
Galaxy Tab E 9.6,TFT
Guru Plus ,TFT
Metro 360,TFT
Xcover 550,TFT
Galaxy S6 active,Super
Galaxy Tab 3 V,TFT
Galaxy Tab A 9.7 & S Pen,TFT
Galaxy Tab A 9.7,TFT
Galaxy Tab A 8.0 & S Pen (2015),TFT
Galaxy Tab A 8.0 (2015),TFT
Galaxy Xcover 3,PLS
Galaxy S6 edge (USA),Super
Galaxy S6 (USA),Super
Galaxy S6 edge,Super
Galaxy S6 Duos,Super
Galaxy S6,Super
Galaxy J1 4G,TFT
Galaxy J2,Super
Galaxy J1,TFT
Galaxy Tab 3 Lite 7.0 VE,TFT
Z1,PLS
Galaxy A7 Duos,Super
Galaxy A7,Super
Galaxy Grand Max,IPS
Galaxy E7,Super
Galaxy E5,Super
Galaxy Core Prime,TFT
Galaxy A5 Duos,Super
Galaxy A5,Super
Galaxy A3 Duos,Super
Galaxy A3,Super
Galaxy S5 Plus,Super
Galaxy Pocket 2,TFT
Galaxy V,TFT
Galaxy Grand Prime Duos TV,TFT
Galaxy Grand Prime,TFT
Galaxy Ace Style LTE G357,Super
Galaxy Note Edge,Super
Galaxy Note 4 Duos,Super
Galaxy Note 4 (USA),Super
Galaxy Note 4,Super
Galaxy Tab Active LTE,LCD
Galaxy Tab Active,LCD
Galaxy Mega 2,IPS
Gear S,Super
Gear 2 Neo,Super
Gear Live,Super
Gear 2,Super
Galaxy Gear,Super
Galaxy S5 LTE-A G901F,Super
Galaxy Alpha (S801),Super
Galaxy Alpha,Super
Galaxy S5 mini Duos,Super
Galaxy Avant,TFT
Galaxy S Duos 3,TFT
Guru Music 2,TFT
Metro 312,TFT
Galaxy Tab 4 8.0 (2015),TFT
Galaxy Ace NXT,TFT
Galaxy Star 2 Plus,TFT
Galaxy S5 mini,Super
Galaxy Ace 4 LTE G313,TFT
Galaxy Ace 4,TFT
Galaxy Young 2,TFT
Galaxy Star 2,TFT
Galaxy Core II,TFT
Galaxy S5 Sport,Super
Galaxy S5 LTE-A G906S,Super
Galaxy Tab S 8.4 LTE,Super
Galaxy Tab S 8.4,Super
Galaxy Tab S 10.5 LTE,Super
Galaxy Tab S 10.5,Super
Galaxy Core Lite LTE,TFT
I9301I Galaxy S3 Neo,Super
Galaxy W,TFT
Z,Super
Galaxy S5 Active,Super
Galaxy K zoom,Super
Galaxy Beam2,TFT
I9300I Galaxy S3 Neo,Super
Galaxy Ace Style,TFT
ATIV SE,AMOLED
Galaxy Tab 4 7.0,TFT
Galaxy Tab 4 7.0 3G,TFT
Galaxy Tab 4 7.0 LTE,TFT
Galaxy Tab 4 8.0,TFT
Galaxy Tab 4 8.0 3G,TFT
Galaxy Tab 4 8.0 LTE,TFT
Galaxy Tab 4 10.1,TFT
Galaxy Tab 4 10.1 3G,TFT
Galaxy Tab 4 10.1 LTE,TFT
G3812B Galaxy S3 Slim,TFT
I8200 Galaxy S III mini VE,Super
Galaxy S5 Duos,Super
Galaxy S5 (octa-core),Super
Galaxy S5 (USA),Super
Galaxy S5,Super
Galaxy Core LTE G386W,TFT
Galaxy Core LTE,PLS
S5611,TFT
E1272,TFT
Galaxy Star Trios S5283,TFT
Galaxy Note 3 Neo Duos,Super
Galaxy Note 3 Neo,Super
Galaxy Tab 3 Lite 7.0 3G,TFT
Galaxy Tab 3 Lite 7.0,TFT
Galaxy Grand Neo,TFT
Galaxy Note Pro 12.2 LTE,Super
Galaxy Note Pro 12.2 3G,Super
Galaxy Note Pro 12.2,Super
Galaxy Tab Pro 12.2 LTE,Super
Galaxy Tab Pro 12.2 3G,Super
Galaxy Tab Pro 12.2,Super
Galaxy Tab Pro 10.1 LTE,Super
Galaxy Tab Pro 10.1,Super
Galaxy Tab Pro 8.4 3G/LTE,Super
Galaxy Tab Pro 8.4,Super
Galaxy Camera 2 GC200,Super
Galaxy Core Advance,TFT
Galaxy S4 Active LTE-A,TFT
Galaxy J,Super
Galaxy Win Pro G3812,IPS
Galaxy S Duos 2 S7582,TFT
Galaxy Grand 2,TFT
I9230 Galaxy Golden,Super
C3590,TFT
Galaxy Express 2,TFT
I9506 Galaxy S4,Super
Galaxy Light,IPS
Galaxy Round G910S,Super
Galaxy Fresh S7390,TFT
Galaxy Core Plus,TFT
Galaxy Fame Lite Duos S6792L,TFT
Galaxy Fame Lite S6790,TFT
Galaxy Star Pro S7260,TFT
Galaxy Note 10.1 (2014),Super
Galaxy Note 3,Super
Ch@t 333,TFT
Galaxy Prevail 2,TFT
Gravity Q T289,TFT
ATIV S Neo,TFT
Galaxy S4 zoom,Super
Galaxy S II TV,TFT
Galaxy Ace 3,TFT
I9190 Galaxy S4 mini,Super
I9295 Galaxy S4 Active,TFT
Galaxy Tab 3 8.0,TFT
Galaxy Tab 3 10.1 P5220,TFT
Galaxy Tab 3 10.1 P5200,TFT
Galaxy Tab 3 10.1 P5210,TFT
Galaxy Exhibit T599,IPS
Galaxy Core I8260,TFT
Galaxy Tab 3 7.0 WiFi,TFT
Galaxy Tab 3 7.0,TFT
Galaxy Mega 6.3 I9200,SC-LCD
Galaxy Mega 5.8 I9150,TFT
Galaxy Trend II Duos S7572,TFT
Galaxy Win I8550,TFT
Galaxy Pocket Neo S5310,TFT
Galaxy Star S5280,TFT
I9505 Galaxy S4,Super
I9500 Galaxy S4,Super
I9502 Galaxy S4,Super
Galaxy S4 CDMA,Super
Galaxy Note 8.0,TFT
Galaxy Note 8.0 Wi-Fi,TFT
Galaxy Y Plus S5303,TFT
Rex 90 S5292,TFT
Rex 80 S5222R,TFT
Rex 70 S3802,TFT
Rex 60 C3312R,TFT
Metro E2202,TFT
E1282T,TFT
E1207T,TFT
Galaxy Young S6310,TFT
Galaxy Fame S6810,TFT
Galaxy Express I8730,Super
S7710 Galaxy Xcover 2,TFT
Ativ Odyssey I930,Super
I9105 Galaxy S II Plus,Super
Galaxy Grand I9082,TFT
Galaxy Grand I9080,TFT
Star Deluxe Duos S5292,TFT
Galaxy Note LTE 10.1 N8020,IPS
A997 Rugby III,TFT
Galaxy Axiom R830,TFT
Galaxy Stratosphere II I415,Super
Galaxy Discover S730M,TFT
Galaxy Pop SHV-E220,Super
Galaxy Premier I9260,Super
Google Nexus 10 P8110,PLS
Ativ Tab P8510,PLS
Comment 2 R390C,TFT
I8190 Galaxy S III mini,Super
Galaxy Music Duos S6012,TFT
Galaxy Music S6010,TFT
Galaxy Rugby Pro I547,Super
Galaxy Express I437,Super
Ch@t 357,TFT
I9305 Galaxy S III,Super
Galaxy Victory 4G LTE L300,TFT
Champ Neo Duos C3262,TFT
Galaxy S Relay 4G T699,Super
Galaxy Pocket Duos S5302,TFT
Galaxy Note II N7100,Super
Galaxy Note II CDMA,Super
Ativ S I8750,Super
Galaxy Camera GC100,Super
Galaxy Rush M830,TFT
Galaxy Stellar 4G I200,TFT
Galaxy Reverb M950,IPS
Galaxy Tab 2 7.0 I705,PLS
Galaxy Note 10.1 N8000,PLS
Galaxy Note 10.1 N8010,PLS
Array M390,TFT
Galaxy S Lightray 4G R940,Super
Galaxy S Duos S7562,TFT
Manhattan E3300,TFT
E2262,TFT
E1260B,TFT
E1200 Pusha,TFT
E2252,TFT
Galaxy Chat B5330,TFT
U485 Intensity III,TFT
Galaxy I8250,TFT
Galaxy Ace Advance S6800,TFT
Galaxy Ace Duos S6802,TFT
Galaxy Appeal I827,TFT
Galaxy Tab 8.9 4G P7320T,PLS
C3780,TFT
C3782 Evan,TFT
Galaxy Proclaim S720C,TFT
I9500 Fraser,Super
Omnia M S7530,Super
Focus 2 I667,Super
Galaxy S III T999,Super
Galaxy S III I747,Super
Galaxy S III CDMA,Super
I9300 Galaxy S III,Super
E2350B,TFT
U380 Brightside,TFT
Galaxy Player 70 Plus,LCD
Galaxy Pocket plus S5301,TFT
Galaxy Pocket S5300,TFT
I8530 Galaxy Beam,TFT
Galaxy Tab 2 10.1 CDMA,PLS
Galaxy Tab 2 10.1 P5110,PLS
Galaxy Tab 2 10.1 P5100,PLS
Rugby Smart I847,Super
W999,Super
Galaxy Ace II X S7560M,TFT
Galaxy Ace 2 I8160,PLS
Galaxy mini 2 S6500,TFT
Galaxy Ace Duos I589,TFT
Galaxy Pop Plus S5570i,TFT
Galaxy Tab 2 7.0 P3110,PLS
Galaxy Tab 2 7.0 P3100,PLS
I9070 Galaxy S Advance,Super
C3312 Duos,TFT
Star 3 s5220,TFT
Star 3 Duos S5222,TFT
Galaxy Nexus I9250M,Super
Galaxy Attain 4G,TFT
Galaxy S Blaze 4G T769,Super
Galaxy Tab 7.7 LTE I815,Super
Galaxy Nexus LTE L700,Super
Exhilarate i577,Super
Galaxy S II Skyrocket HD I757,Super
Galaxy Note T879,Super
Galaxy Note I717,Super
Galaxy M Style M340S,Super
Galaxy Ace Plus S7500,TFT
I929 Galaxy S II Duos,Super
Galaxy Y Duos S6102,TFT
Galaxy Y Pro Duos B5512,TFT
E2600,TFT
M370,TFT
R680 Repp,TFT
I110 Illusion,TFT
E1050,CSTN
E1232B,TFT
E1230,TFT
Focus S I937,Super
Focus Flash I677,Super
Galaxy S II Skyrocket i727,Super
C3330 Champ 2,TFT
Exhibit II 4G T679,TFT
C3350,TFT
C3520,TFT
Galaxy Nexus i515,Super
Galaxy Nexus I9250,Super
I9100G Galaxy S II,Super
I405 Stratosphere,Super
R730 Transfix,TFT
i927 Captivate Glide,Super
DoubleTime I857,TFT
M930 Transform Ultra,TFT
P6210 Galaxy Tab 7.0 Plus,PLS
P6200 Galaxy Tab 7.0 Plus,PLS
Omnia W I8350,Super
Galaxy S II HD LTE,Super
Ch@t 527,TFT
P6810 Galaxy Tab 7.7,Super
P6800 Galaxy Tab 7.7,Super
Galaxy Note N7000,Super
Galaxy S II I777,Super
Galaxy S II X T989D,Super
Galaxy S II T989,Super
Galaxy S II Epic 4G Touch,Super
S8600 Wave 3,Super
Wave M S7250,TFT
Wave Y S5380,TFT
Galaxy S II LTE i727R,Super
Galaxy S II LTE I9210,Super
Galaxy Tab 8.9 LTE I957,PLS
Galaxy W I8150,TFT
Galaxy M Pro B7800,TFT
Galaxy Y Pro B5510,TFT
Galaxy Y TV S5367,TFT
Galaxy Y S5360,TFT
Gravity TXT T379,TFT
Galaxy Q T589R,IPS
S5610,TFT
S3770,TFT
S5690 Galaxy Xcover,IPS
Galaxy S II 4G I9100M,Super
I9103 Galaxy R,SC-LCD
R720 Admire,TFT
Convoy 2,TFT
Conquer 4G,TFT
R640 Character,TFT
R380 Freeform III,TFT
Trender,TFT
Gravity SMART,TFT
Exhibit 4G,AMOLED
E1195,CSTN
C414,TFT
E1190,CSTN
C3560,TFT
Dart T499,TFT
C3322,TFT
R260 Chrono,TFT
E2232,TFT
E1182,CSTN
I9001 Galaxy S Plus,Super
DuosTV I6712,TFT
C6712 Star II DUOS,TFT
Ch@t 222,TFT
Ch@t 220,TFT
M580 Replenish,TFT
Galaxy Prevail,TFT
M220L Galaxy Neo,TFT
Google Nexus S I9020A,Super
Google Nexus S I9023,S-LCD
E2230,TFT
P1010 Galaxy Tab Wi-Fi,TFT
P7500 Galaxy Tab 10.1 3G,PLS
Galaxy Tab 10.1 LTE I905,PLS
Galaxy Tab 10.1 P7510,PLS
Galaxy Tab 8.9 P7300,PLS
Galaxy Tab 8.9 P7310,PLS
Google Nexus S 4G,Super
M260 Factor,TFT
S3850 Corby II,TFT
Galaxy Pro B7510,TFT
I9100 Galaxy S II,Super
E2652W Champ Duos,TFT
E2652 Champ Duos,TFT
Galaxy S WiFi 5.0,LCD
P7100 Galaxy Tab 10.1v,TFT
S5780 Wave 578,TFT
Ch@t 350,TFT
E3213 Hero,TFT
E3210,TFT
E2330,TFT
I9003 Galaxy SL,SC-LCD
Galaxy Ace S5830I,TFT
Galaxy Ace S5830,TFT
Galaxy Fit S5670,TFT
Galaxy Gio S5660,TFT
Galaxy Mini S5570,TFT
Galaxy Pop i559,TFT
Galaxy S 4G T959,Super
S5260 Star II,TFT
I997 Infuse 4G,Super
R910 Galaxy Indulge,TFT
Droid Charge I510,Super
Google Nexus S,Super
M190S Galaxy S Hoppin,Super
Ch@t 335,TFT
C3630,TFT
C3530,TFT
I9010 Galaxy S Giorgio Armani,Super
A817 Solstice II,TFT
A667 Evergreen,TFT
E2530,TFT
I100 Gem,TFT
R710 Suede,TFT
U750 Zeal,TFT
Continuum I400,Super
Ch@t 322 Wi-Fi,TFT
Ch@t 322,TFT
E1252,TFT
Breeze B209,CSTN
Hero Plus B159,CSTN
W169 Duos,TFT
Mpower Muzik 219,TFT
Mpower Txt M369,TFT
Mpower TV S239,TFT
E1225 Dual Sim Shift,TFT
Guru E1081T,CSTN
Focus,Super
I8700 Omnia 7,Super
S5750 Wave575,TFT
S8530 Wave II,Super
M210S Wave2,Super
Galaxy Tab T-Mobile T849,TFT
P1000 Galaxy Tab,TFT
Galaxy Tab CDMA P100,TFT
Galaxy Tab 4G LTE,TFT
T249,TFT
R580 Profile,TFT
R570 Messenger III,TFT
I909 Galaxy S,Super
A200K Nori F,TFT
A220 F Nori,TFT
M130K Galaxy K,Super
Mesmerize i500,Super
M920 Transform,TFT
R360 Freeform II,TFT
Galaxy 551,TFT
R900 Craft,AMOLED
Xcover 271,TFT
C3752,TFT
C3750,TFT
S7230E Wave 723,TFT
M130L Galaxy U,Super
E2152,TFT
S5530,TFT
U360 Gusto,TFT
Fascinate,Super
Vibrant,Super
A927 Flight II,TFT
T669 Gravity T,TFT
T479 Gravity 3,TFT
:) Smiley,TFT
C5010 Squash,TFT
i897 Captivate,Super
B7350 Omnia PRO 4,TFT
B6520 Omnia PRO 5,TFT
U320 Haven,TFT
U460 Intensity II,TFT
M350 Seek,TFT
Epic 4G,Super
Acclaim,TFT
Intercept,TFT
R360 Messenger Touch,TFT
i225 Exec,TFT
M570 Restore,TFT
R351 Freeform,TFT
T369,TFT
S5330 Wave533,TFT
S5250 Wave525,TFT
I5500 Galaxy 5,TFT
I5801 Galaxy Apollo,TFT
I5800 Galaxy 3,TFT
B7722,TFT
A847 Rugby II,TFT
C3300K Champ,TFT
W960 AMOLED 3D,AMOLED
M110S Galaxy S,Super
Galaxy A,Super
I9000 Galaxy S,Super
S3370,TFT
I6500U Galaxy,AMOLED
E1170,CSTN
Metro TV,TFT
Corby TV F339,TFT
S3650W Corby,TFT
W9705,TFT
A687 Strive,TFT
A697 Sunburst,TFT
S8500 Wave,Super
I8520 Galaxy Beam,Super
B3410W Ch@t,TFT
M3710 Corby Beat,TFT
E2370 Xcover,TFT
E2550 Monte Slider,TFT
C3200 Monte Bar,TFT
S5620 Monte,TFT
S5550 Shark 2,AMOLED
S3550 Shark 3,TFT
E1150,CSTN
S5350 Shark,TFT
C6112,TFT
M2520 Beat Techno,TFT
C3510 Genoa,TFT
M5650 Lindy,TFT
S7070 Diva,TFT
C3730C,TFT
S5150 Diva folder,TFT
C5130,TFT
B5722,TFT
M3310L,TFT
M3310,TFT
A897 Mythic,TFT
S5500 Eco,TFT
T139,TFT
A797 Flight,TFT
B3410,TFT
M715 T*OMNIA II,AMOLED
A886 Forever,TFT
S5560 Marvel,TFT
S5630C,TFT
I5700 Galaxy Spica,TFT
E1390,CSTN
E1160,CSTN
E2130,CSTN
E1130B,CSTN
T401G,TFT
B7620 Giorgio Armani,AMOLED
T939 Behold 2,AMOLED
W880 AMOLED 12M,AMOLED
Vodafone 360 H1,AMOLED
Vodafone 360 M1,TFT
B5310 CorbyPRO,TFT
B3210 CorbyTXT,TFT
F480i,TFT
B7330 OmniaPRO,TFT
E1085T,CSTN
E1080T,CSTN
S5510,TFT
S5230W Star WiFi,TFT
S7550 Blue Earth,TFT
S3650 Corby,TFT
T659 Scarlet,TFT
B3310,TFT
C3212,TFT
U450 DoubleTake,TFT
i220 Code,TFT
R860 Caliber,TFT
R520 Trill,TFT
M900 Moment,AMOLED
i350 Intrepid,TFT
M850 Instinct HD,TFT
U450 Intensity,TFT
U960 Rogue,AMOLED
S3100,TFT
A887 Solstice,TFT
E2120,CSTN
S5233T,TFT
I6220 Star TV,TFT
S9110,TFT
T469 Gravity 2,TFT
T559 Comeback,TFT
T746 Impact,TFT
S5600v Blade,TFT
S6700,TFT
C5510,TFT
M2510,TFT
M2310,TFT
W850,AMOLED
S8000 Jet,AMOLED
I8000 Omnia II,AMOLED
B7610 OmniaPRO,AMOLED
B7320 OmniaPRO,TFT
B7300 OmniaLITE,TFT
M8910 Pixon12,AMOLED
E1107 Crest Solar,CSTN
M2710 Beat Twist,TFT
S5050,AMOLED
T349,TFT
S5200,TFT
i637 Jack,TFT
S3310,TFT
C3060R,TFT
A167,CSTN
A177,TFT
I7500 Galaxy,AMOLED
J165,TFT
I6210,TFT
E1360,STN
E1210,CSTN
A657,TFT
A877 Impression,AMOLED
A257 Magnet,TFT
Propel Pro,TFT
B2100 Xplorer,TFT
S5230 Star,TFT
S5600 Preston,TFT
i8910 Omnia HD,AMOLED
S8300 UltraTOUCH,AMOLED
M7600 Beat DJ,AMOLED
M6710 Beat DISC,TFT
S7350 Ultra s,TFT
S7220 Ultra b,AMOLED
C5220,TFT
S3500,TFT
S3110,TFT
P250,TFT
i7410,TFT
T929 Memoir,TFT
C3050 Stratus,TFT
C3010,TFT
C3110,TFT
C6625,TFT
E1310,CSTN
E1120,CSTN
E1100,CSTN
E1070,CSTN
E2210B,TFT
E1125,CSTN
E2100B,TFT
B520,CSTN
B5702,TFT
C5212,TFT
W259 Duos,TFT
SCH-W699,TFT
W299 Duos,TFT
S9402 Ego,AMOLED
S3030 Tobi,TFT
U810 Renown,TFT
i770 Saga,TFT
A867 Eternity,TFT
A777,TFT
T919 Behold,TFT
T459 Gravity,TFT
E2510,TFT
T219,CSTN
E1410,CSTN
T119,CSTN
E1117,CSTN
E1110,CSTN
C6620,TFT
i907 Epix,TFT
A767 Propel,TFT
i7110,AMOLED
F275,TFT
F270 Beat,TFT
M8800 Pixon,TFT
S3600,TFT
M7500 Emporio Armani,AMOLED
M3200 Beat s,TFT
T339,TFT
T229,STN
A637,TFT
C510,CSTN
A837 Rugby,TFT
A237,TFT
B320,CSTN
B210,CSTN
M3510 Beat b,TFT
M200,TFT
P270,TFT
B2700,TFT
F268,TFT
T109,CSTN
E200 ECO,TFT
D980,TFT
B510,CSTN
E215,TFT
B130,CSTN
i8510 INNOV8,TFT
S7330,TFT
i740,TFT
M150,TFT
J800 Luxe,TFT
M140,CSTN
M130,CSTN
L700,TFT
i900 Omnia,TFT
U800 Soul b,TFT
L870,TFT
Impact sf,CSTN
M620,TFT
B300,CSTN
Impact b,CSTN
Impact,CSTN
D780,TFT
V820L,TFT
F110,TFT
G400 Soul,TFT
U900 Soul,TFT
L810v Steel,TFT
F480,TFT
G810,TFT
M310,CSTN
B200,CSTN
B110,CSTN
A827 Access,TFT
P960,TFT
P220,OLED
P180,TFT
i200,TFT
F400,TFT
J700,TFT
J630,TFT
J210,TFT
J150,TFT
E251,TFT
L770,TFT
A746,TFT
A727,TFT
A711,TFT
A717,TFT
A437,TFT
A127,CSTN
A117,CSTN
SPH-i325 Ace,TFT
i640,TFT
L320,TFT
L310,TFT
L170,TFT
T819,TFT
F490,TFT
G800,TFT
C500,TFT
Serenata,TFT
D880 Duos,TFT
i780,TFT
i560,TFT
i550,TFT
F330,TFT
F250,TFT
i450,TFT
Armani,TFT
J610,TFT
J400,TFT
P260,TFT
J750,TFT
A737,TFT
A517,TFT
T639,TFT
T509,TFT
T439,UFB
T429,TFT
T409,TFT
T739 Katalyst,TFT
T729 Blast,TFT
T539 Beat,TFT
L600,TFT
Z630,TFT
G600,TFT
M610,CSTN
M600,TFT
M110,CSTN
B500,CSTN
B100,CSTN
S730i,TFT
S720i,TFT
J200,TFT
L760,TFT
F700,TFT
E950,TFT
F210,TFT
F200,TFT
i620,TFT
A411,TFT
ZV60,TFT
Z240,TFT
Z170,TFT
J600,TFT
i400,TFT
U700,TFT
U600,TFT
U300,TFT
U100,TFT
i710,TFT
i520,TFT
F520,TFT
F510,TFT
P110,TFT
E840,TFT
E830,TFT
E740,TFT
E590,TFT
E230,TFT
E210,TFT
E200,TFT
C520,TFT
C450,TFT
C275,CSTN
C270,CSTN
C260,UFB
C250,CSTN
i600,TFT
i617 BlackJack II,TFT
i607 BlackJack,TFT
F500,TFT
F300,TFT
P940,TFT
P930,TFT
E790,TFT
E490,TFT
E480,TFT
E390,TFT
X550,TFT
X540,TFT
E250,TFT
X520,TFT
X530,TFT
C300,CSTN
M300,TFT
E690,TFT
E570,TFT
E420,OLED
X830,TFT
E890,TFT
E898,TFT
P310,TFT
Z720,TFT
Z650i,TFT
Z620,TFT
Z370,TFT
Z360,TFT
P200,TFT
S501i,TFT
S401i,TFT
X510,UFB
X500,TFT
D840,TFT
C400,TFT
C240,UFB
C180,CSTN
C170,CSTN
C160,CSTN
C140,UFB
D830,TFT
D900i,TFT
D900,TFT
X820,TFT
C130,CSTN
E500,TFT
E380,TFT
D870,TFT
D780 flip,TFT
E900,TFT
Z400,TFT
Z550,TFT
i320,TFT
i310,TFT
ZV50,TFT
ZV40,TFT
Z560,TFT
P920,TFT
P900,TFT
P910,TFT
T629,TFT
D520,TFT
D300,TFT
Z710,TFT
Z600,TFT
Z520,TFT
Z350,TFT
Z230,TFT
Z330,TFT
Z310,TFT
Z150,TFT
X680,TFT
X630,TFT
X210,TFT
X300,UFB
X160,UFB
E870,TFT
E780,TFT
i300x,TFT
D820,TFT
D810,TFT
D800,TFT
Z540,TFT
Z510,TFT
P300,TFT
E770,TFT
E370,TFT
E360,TFT
ZV30,TFT
ZV10,TFT
S400i,TFT
Z320i,TFT
S500i,TFT
E860,TFT
Serene,TFT
D600,TFT
P850,TFT
E730,TFT
D510,TFT
X700,TFT
X670,UFB
X660,UFB
X650,UFB
X490,UFB
X200,UFB
X150,CSTN
Z500,TFT
Z300,TFT
Z130,TFT
Z140,TFT
D550,TFT
P860,TFD
Z700,TFT
D730,TFT
i750,TFT
D720,TFT
E760,TFT
E750,TFT
E720,TFT
E880,TFT
i300,TFT
E350,TFT
E640,TFT
E620,TFT
E530,TFT
E340,TFT
X810,TFT
X800,TFT
C120,CSTN
C230,UFB
C210,UFB
X640,UFB
X480,UFB
X620,TFT
X140,UFB
S410i,TFT
S342i,TFT
SCH-B100,TFT
D500,TFT
P730,TFD
P710,TFT
D428,TFT
D488,TFT
E850,TFT
E630,TFT
E810,TFT
E800,TFT
Z110,TFT
D710,TFT
C200,UFB
i530,UFS
i505,TFT
i500,TFT
i250,TFT
i700,TFT
X910,TFT
X900,TFT
X610,TFT
X460,UFB
X120,OLED
E330,UFB
E310,TFT
E300,TFT
C110,UFB
Z107,TFT
Z105,TFT
E610,TFT
E600,TFT
P510,TFT
E410,UFB
X450,UFB
X430,UFB
P705,TFT
D410,TFD
X600,UFB
X100,CSTN
E715,TFT
E700,TFT
C100,UFB
D700,TFT
P500,TFD
E105,UFB
E100,TFD
X410,TFT
X400,TFT
S200,UFB
E400,UFB
D100,TFD
Watch Phone,OLED
V200,TFD
Z100,TFT
P100,TFD
P400,TFD
T700,TFT
S500,TFT
T500,CSTN
S300,UFB
T400,TFT
T200,UFB
V100,TFT
S100,STN
Q300,Grayscale
A800,Grayscale
A500,Grayscale
T100,TFT
Q200,Grayscale
N620,Monochrome
N500,Monochrome
N400,Grayscale
Q105,Grayscale
N300,Grayscale
A400,Grayscale
A300,Grayscale
R220,Monochrome
R210,Monochrome
R200,Monochrome
A200,Grayscale
Q100,Monochrome
N105,Monochrome
N100,Monochrome
M100,Monochrome
A110,Monochrome
A100,Monochrome
SGH-2400,Monochrome
SGH-2200,Monochrome
SGH-2100,Monochrome
SGH-810,Monochrome
SGH-800,Monochrome
SGH-600,Monochrome
SGH-500,Monochrome
SGH-250,Alphanumeric
Galaxy A04 Core,PLS
Galaxy S21,Dynamic
Galaxy A72 5G,Super
Galaxy A91,Super
Galaxy S9 Active,Super
Galaxy On5 (2016),PLS
Galaxy J5 Prime (2017),IPS
Galaxy S7 mini,Super
Galaxy S6 Plus,Super
Galaxy Grand 3,IPS
Galaxy F,Super
Galaxy Tab 3 Plus 10.1 P8220,IPS
Galaxy C10,Super
Guru Dual 26,TFT
C5030,TFT
M8920,AMOLED
Xperia 5 V,OLED
Xperia 1 V,OLED
Xperia 10 V,OLED
Xperia 5 IV,OLED
Xperia 1 IV,OLED
Xperia 10 IV,OLED
Xperia Pro-I,OLED
Xperia 10 III Lite,OLED
Xperia 1 III,OLED
Xperia 5 III,OLED
Xperia 10 III,OLED
Xperia Pro,OLED
Xperia 5 II,OLED
Xperia 1 II,OLED
Xperia 10 II,OLED
Xperia L4,IPS
Xperia 5,OLED
Xperia 1,OLED
Xperia 10 Plus,IPS
Xperia 10,IPS
Xperia L3,IPS
Xperia XA2 Plus,IPS
Xperia XZ3,P-OLED
Xperia XZ2 Premium,IPS
Xperia XZ2,IPS
Xperia XZ2 Compact,IPS
Xperia XA2 Ultra,IPS
Xperia XA2,IPS
Xperia L2,IPS
Xperia R1 (Plus),IPS
Xperia XZ1,IPS
Xperia XA1 Plus,IPS
Xperia XZ1 Compact,IPS
Xperia L1,IPS
Xperia XZs,IPS
Xperia XZ Premium,IPS
Xperia XA1 Ultra,IPS
Xperia XA1,IPS
Xperia X Compact,IPS
Xperia XZ,IPS
Xperia E5,IPS
Xperia XA Ultra,IPS
Xperia X Performance,IPS
Xperia X,IPS
Xperia XA Dual,IPS
Xperia XA,IPS
Xperia Z5 Premium Dual,IPS
Xperia Z5 Premium,IPS
Xperia Z5 Dual,IPS
Xperia Z5,IPS
Xperia Z5 Compact,IPS
Xperia M5 Dual,IPS
Xperia M5,IPS
Xperia C5 Ultra Dual,IPS
Xperia C5 Ultra,IPS
Xperia Z4v,IPS
Xperia Z3+ dual,IPS
Xperia Z3+,IPS
Xperia C4 Dual,IPS
Xperia C4,IPS
Xperia M4 Aqua Dual,IPS
Xperia M4 Aqua,IPS
Xperia Z4 Tablet WiFi,IPS
Xperia Z4 Tablet LTE,IPS
Xperia E4g,IPS
Xperia E4g Dual,IPS
Xperia E4 Dual,IPS
Xperia E4,IPS
Xperia E3 Dual,IPS
Xperia E3,IPS
Xperia Z3 Tablet Compact,TFT
Xperia Z3 Dual,IPS
Xperia Z3v,IPS
Xperia Z3,IPS
Xperia M2 Aqua,IPS
Xperia Z3 Compact,IPS
Xperia C3 Dual,IPS
Xperia C3,IPS
Xperia Z2a,IPS
Xperia T3,IPS
SmartWatch 3 SWR50,TFT
SmartWatch 2 SW2,TFT
Xperia M2,TFT
Xperia M2 dual,TFT
Xperia Z2 Tablet LTE,TFT
Xperia Z2 Tablet Wi-Fi,TFT
Xperia Z2,IPS
Xperia E1 dual,TFT
Xperia E1,TFT
Xperia T2 Ultra dual,IPS
Xperia T2 Ultra,IPS
Xperia Z1s,TFT
Xperia Z1 Compact,IPS
Xperia Z1,TFT
Xperia Z Ultra,IPS
Xperia C,TFT
Xperia M,TFT
Xperia ZR,TFT
Xperia L,TFT
Xperia SP,TFT
Xperia Tablet Z Wi-Fi,LED-backlit
Xperia Tablet Z LTE,LED-backlit
Xperia Z,TFT
Xperia ZL,TFT
Xperia E dual,TFT
Xperia E,TFT
Xperia T LTE,TFT
Xperia Tablet S 3G,LED-backlit
Xperia Tablet S,LED-backlit
Xperia V,TFT
Xperia J,TFT
Xperia TX,TFT
Xperia T,TFT
Xperia SL,LED-backlit
Xperia tipo dual,TFT
Xperia tipo,TFT
Xperia miro,TFT
Xperia go,LED-backlit
Xperia acro S,LED-backlit
Xperia SX SO-05D,LED-backlit
Xperia GX SO-04D,LED-backlit
Xperia acro HD SO-03D,LED-backlit
Xperia acro HD SOI12,LED-backlit
Xperia neo L,LED-backlit
Xperia sola,LED-backlit
Xperia U,TFT
Xperia P,LED-backlit
Xperia S,LED-backlit
Xperia ion HSPA,LED-backlit
Xperia ion LTE,LED-backlit
Tablet P,Dual
Tablet P 3G,Dual
Tablet S 3G,TFT
Tablet S,TFT
CMD Z7,Grayscale
Xperia LT29i Hayabusa,LED-backlit
CMD J70,Grayscale
CMD J7,Grayscale
CMD MZ5,Grayscale
CMD J6,Grayscale
CMD J5,Grayscale
CMD Z5,Grayscale
CMD CD5,Monochrome
CMD C1,Monochrome
CMD Z1 plus,Monochrome
CMD Z1,Monochrome
CM-DX 2000,Monochrome
CM-DX 1000,Monochrome
Xperia 5 Plus,OLED
Xperia X Ultra,IPS
Xperia H8541,IPS
Xperia M Ultra,IPS-NEO
Xperia X Premium,IPS
Xperia E1 II,TFT
Xperia Z4 Ultra,IPS
Xperia Z4 Compact,IPS
D 2403,TFT
Xperia C670X,IPS
Redmi Note 13 Pro 4G,AMOLED
Redmi Note 13 4G,AMOLED
Redmi Note 13 Pro+,AMOLED
Redmi Note 13 Pro,AMOLED
Redmi Note 13,AMOLED
Poco X6 Pro,AMOLED
Poco X6,AMOLED
Poco M6 Pro,AMOLED
Poco M6,IPS
Redmi 13R,IPS
Redmi 13C 5G,IPS
Redmi K70 Pro,OLED
Redmi K70,OLED
Redmi K70E,OLED
Redmi Watch 4,AMOLED
Redmi Note 13R Pro,OLED
Redmi 13C,IPS
Poco C65,IPS
14 Pro,LTPO
14,LTPO
13T Pro,AMOLED
13T,AMOLED
Watch 2 Pro,AMOLED
Redmi Note 13 (China),AMOLED
Redmi Pad SE,IPS
Redmi K60 Ultra,OLED
Mix Fold 3,Foldable
Pad 6 Max 14,IPS
Poco M6 Pro 5G,IPS
Redmi Watch 3 Active,IPS
Redmi 12 5G,IPS
Redmi Note 12R,IPS
Redmi Note 12R Pro,OLED
Redmi 12,IPS
Redmi Note 12T Pro,IPS
Civi 3,AMOLED
Poco F5 Pro,AMOLED
Poco F5,AMOLED
13 Ultra,LTPO
Pad 6 Pro,IPS
Pad 6,IPS
Poco C51,IPS
Redmi Note 12S,AMOLED
Redmi Note 12 Pro 4G,AMOLED
Redmi Note 12 Turbo,OLED
Redmi A2+,IPS
Redmi A2,IPS
Redmi Note 12 4G,AMOLED
13 Pro,LTPO
13,AMOLED
13 Lite,AMOLED
Poco C55,IPS
Poco X5 Pro,AMOLED
Poco X5,Super
Redmi Note 12,AMOLED
Poco C50,IPS
Redmi Note 12 Pro Speed,OLED
Redmi K60 Pro,OLED
Redmi K60E,OLED
Redmi K60,OLED
Redmi Watch 3,AMOLED
Watch S2,AMOLED
Redmi 12C,IPS
Redmi Note 12 Discovery,OLED
Redmi Note 12 Pro+,OLED
Redmi Note 12 Pro,AMOLED
Redmi Note 12 (China),Samsung
12T Pro,AMOLED
12T,AMOLED
Redmi Pad,IPS
Redmi Note 11R,IPS
Redmi A1+,IPS
Civi 2,AMOLED
Redmi 11 Prime,IPS
Redmi 11 Prime 5G,IPS
Redmi A1,IPS
Poco M5s,AMOLED
Poco M5,IPS
Poco M5 (India),IPS
Redmi Note 11 SE (India),Super
Poco M4 5G,IPS
Watch S1 Pro,AMOLED
Redmi K50 Ultra,OLED
Mix Fold 2,Foldable
Pad 5 Pro 12.4,IPS
Redmi K50i,FFS
12 Lite,AMOLED
12S Ultra,LTPO2
12S Pro,LTPO
12S,AMOLED
12 Pro (Dimensity),LTPO2
Poco F4,AMOLED
Poco X4 GT,IPS
Poco C40,IPS
Redmi Note 11T Pro+,IPS
Redmi Note 11T Pro,IPS
Redmi Note 11SE,IPS
Redmi 10 Prime 2022,LCD
Poco M4 5G (India),IPS
Poco F4 GT,AMOLED
Poco Watch,AMOLED
Civi 1S,OLED
Redmi 10 Power,IPS
Black Shark 5 Pro,OLED
Black Shark 5,AMOLED
Black Shark 5 RS,AMOLED
Redmi 10A,IPS
Redmi Note 11S 5G,IPS
Redmi 10 5G,IPS
Redmi Note 11 Pro+ 5G,Super
Redmi K50 Pro,OLED
Redmi K50,OLED
Redmi K40S,AMOLED
12 Pro,LTPO
12,AMOLED
12X,AMOLED
Watch S1 Active,AMOLED
Redmi 10 (India),IPS
Redmi 10C,IPS
Redmi Note 11 Pro+ 5G (India),Super
Redmi Note 11E Pro,Super
Redmi Note 11E,IPS
Poco X4 Pro 5G,Super
Poco M4 Pro,AMOLED
Redmi K50 Gaming,OLED
Redmi 10 2022,LCD
Redmi Note 11 Pro 5G,Super
Redmi Note 11 Pro,Super
Redmi Note 11S,AMOLED
Redmi Note 11,AMOLED
11i HyperCharge 5G,AMOLED
11i,AMOLED
Watch S1,AMOLED
Redmi Note 11T 5G,IPS
Redmi Note 11 4G,LCD
Poco M4 Pro 5G,IPS
Redmi Note 11 Pro (China),Super
Redmi Note 11 (China),IPS
Redmi Watch 2 Lite,TFT
Redmi Watch 2,AMOLED
Black Shark 4S Pro,Super
Black Shark 4S,Super
Redmi Note 10 Lite,IPS
Civi,OLED
Watch Color 2,AMOLED
Redmi 9i Sport,IPS
Redmi 9A Sport,IPS
Poco C31,IPS
Redmi 9 Activ,IPS
11T Pro,AMOLED
11T,AMOLED
11 Lite 5G NE,AMOLED
Redmi 10 Prime,LCD
Redmi 10,LCD
Pad 5 Pro,IPS
Pad 5,IPS
Mix 4,AMOLED
Poco X3 GT,IPS
Poco F3 GT,AMOLED
Redmi Note 10T 5G,IPS
Mi Watch Revolve Active,AMOLED
Redmi Note 10 Pro (China),IPS
Redmi Note 8 2021,IPS
Poco M3 Pro 5G,IPS
Redmi K40 Gaming,OLED
Mi 11X Pro,Super
Mi 11X,Super
Poco M2 Reloaded,IPS
Mi Mix Fold,Foldable
Mi 11 Ultra,AMOLED
Mi 11 Pro,AMOLED
Mi 11i,Super
Mi 11 Lite 5G,AMOLED
Mi 11 Lite,AMOLED
Black Shark 4 Pro,Super
Black Shark 4,Super
Poco X3 Pro,IPS
Poco F3,AMOLED
Mi 10S,AMOLED
Redmi Note 10 Pro,AMOLED
Redmi Note 10 5G,IPS
Redmi Note 10S,AMOLED
Redmi Note 10,Super
Redmi Note 10 Pro Max,Super
Redmi Note 10 Pro (India),Super
Redmi K40 Pro+,Super
Redmi K40 Pro,Super
Redmi K40,Super
Redmi Note 9T,IPS
Redmi 9T,IPS
Mi 10i 5G,IPS
Mi 11,AMOLED
Redmi 9 Power,IPS
Mi Watch Lite,IPS
Redmi Note 9 Pro 5G,IPS
Redmi Note 9 5G,IPS
Redmi Note 9 4G,IPS
Redmi Watch,IPS
Poco M3,IPS
Redmi K30S,IPS
Mi Watch Color Sports,AMOLED
Poco C3,IPS
Mi 10T Pro 5G,IPS
Mi 10T 5G,IPS
Mi 10T Lite 5G,IPS
Mi Watch,AMOLED
Mi Watch Revolve,AMOLED
Redmi 9AT,IPS
Redmi 9i,IPS
Poco M2,IPS
Poco X3,IPS
Poco X3 NFC,IPS
Redmi 9 (India),IPS
Mi 10 Ultra,OLED
Redmi K30 Ultra,AMOLED
Redmi 9 Prime,IPS
Black Shark 3S,AMOLED
Poco M2 Pro,IPS
Redmi 9A,IPS
Redmi 9C NFC,IPS
Redmi 9C,IPS
Redmi 9,IPS
Redmi 10X Pro 5G,AMOLED
Redmi 10X 5G,AMOLED
Redmi 10X 4G,IPS
Redmi K30i 5G,IPS
Poco F2 Pro,Super
Redmi K30 5G Racing,IPS
Redmi Note 9 Pro,IPS
Redmi Note 9,IPS
Mi Note 10 Lite,AMOLED
Mi 10 Youth 5G,Super
Mi 10 Lite 5G,AMOLED
Redmi K30 Pro Zoom,Super
Redmi K30 Pro,Super
Redmi Note 9S,IPS
Redmi Note 9 Pro Max,IPS
Redmi Note 9 Pro (India),IPS
Black Shark 3 Pro,AMOLED
Black Shark 3,AMOLED
Mi 10 Pro 5G,Super
Mi 10 5G,Super
Redmi 8A Pro,IPS
Redmi 8A Dual,IPS
Poco X2,IPS
Redmi K30,IPS
Redmi K30 5G,IPS
Redmi Note 8T,IPS
Mi Note 10 Pro,AMOLED
Mi Note 10,AMOLED
Mi CC9 Pro,AMOLED
Watch Color,AMOLED
Mi Watch (China),Super
Redmi 8,IPS
Redmi 8A,IPS
Mi Mix Alpha,Flexible
Mi 9 Pro 5G,Super
Mi 9 Pro,Super
Redmi K20 Pro Premium,Super
Mi 9 Lite,Super
Redmi Note 8 Pro,IPS
Black Shark 2 Pro,AMOLED
Mi A3,Super
Redmi 7A,IPS
Mi CC9e,Super
Mi CC9,Super
Redmi Note 8,IPS
Mi 9T Pro,Super
Mi 9T,AMOLED
Redmi K20,Super
Redmi K20 Pro,Super
Redmi Note 7S,IPS
Redmi Y3,IPS
Black Shark 2,AMOLED
Redmi 7,IPS
Redmi Note 7 Pro,IPS
Mi Mix 3 5G,Super
Mi 9 Explorer,Super
Mi 9 SE,Super
Mi 9,Super
Redmi Go,IPS
Redmi Note 7,IPS
Mi Play,IPS
Black Shark Helo,AMOLED
Mi Mix 3,Super
Redmi Note 6 Pro,IPS
Mi 8 Pro,Super
Mi 8 Lite,IPS
Pocophone F1,IPS
Mi A2 (Mi 6X),IPS
Mi A2 Lite (Redmi 6 Pro),IPS
Mi Max 3,IPS
Mi Pad 4 Plus,IPS
Mi Pad 4,IPS
Redmi 6,IPS
Redmi 6A,IPS
Mi 8 Explorer,Super
Mi 8,Super
Mi 8 SE,Super
Redmi S2 (Redmi Y2),IPS
Mi Mix 2S,IPS
Redmi Note 5 AI Dual Camera,IPS
Redmi Note 5 Pro,IPS
Black Shark,IPS
Redmi 5 Plus (Redmi Note 5),IPS
Redmi 5,IPS
Redmi 5A,IPS
Redmi Y1 (Note 5A),IPS
Redmi Y1 Lite,IPS
Mi Note 3,IPS
Mi Mix 2,IPS
Mi A1 (Mi 5X),IPS
Mi Max 2,IPS
Redmi 4 (4X),IPS
Mi 6,IPS
Mi Pad 3,IPS
Mi 5c,IPS
Redmi Note 4X,IPS
Redmi Note 4,IPS
Redmi 4A,IPS
Redmi 4 (China),IPS
Mi 6 Plus,IPS
Redmi 4 Prime,IPS
Mi Mix,IPS
Mi Note 2,AMOLED
Mi 5s Plus,IPS
Mi 5s,IPS
Redmi Note 4 (MediaTek),IPS
Redmi Pro,AMOLED
Redmi 3x,IPS
Redmi 3s Prime,IPS
Redmi 3s,IPS
Redmi 3 Pro,IPS
Mi Max,IPS
Mi 5,IPS
Mi 4s,IPS
Redmi Note 3,IPS
Redmi 3,IPS
Redmi Note Prime,IPS
Mi Pad 2,IPS
Redmi Note 3 (MediaTek),IPS
Mi 4c,IPS
Redmi Note 2,IPS
Redmi 2 Pro,IPS
Redmi 2 Prime,IPS
Mi 4i,IPS
Mi Note Pro,IPS
Mi Note,IPS
Redmi 2A,IPS
Redmi 2,IPS
Mi 4 LTE,IPS
Redmi Note 4G,IPS
Mi 4,IPS
Mi Pad 7.9,IPS
Redmi Note,IPS
Mi 3,IPS
Redmi 1S,IPS
Redmi,IPS
Mi 2A,IPS
Mi 2S,IPS
Mi 2,IPS
Mi 1S,TFT
12 Lite NE,AMOLED
Redmi 11,IPS
Redmi 10 Prime+ 5G,IPS
Poco X4 NFC,Super
Poco M3 Pro,IPS
Redmi 20X,IPS
Redmi 11A,IPS
Mi 10 Lite Zoom,Super
Mi 9X,Super
Mi Max 4 Pro,IPS
Mi Max 4,IPS
Mi 6c,IPS
Redmi Pro 2,AMOLED
Mi Note Plus,IPS
nubia Z60 Ultra,AMOLED
nubia Red Magic 9 Pro+,AMOLED
nubia Red Magic 9 Pro,AMOLED
Blade V50 Design 4G,IPS
Blade V50 Vita,IPS
Blade V50,AMOLED
Blade V50 Design,IPS
Blade A54,IPS
Blade A73,IPS
Blade A73 5G,IPS
nubia Neo,IPS
nubia Z50S Pro,AMOLED
nubia Red Magic Tablet,IPS
nubia Red Magic 8S Pro+,AMOLED
nubia Red Magic 8S Pro,AMOLED
Blade A72s,IPS
V70,AMOLED
Axon 50 Ultra,AMOLED
Axon Pad,IPS
nubia Z50 Ultra,AMOLED
nubia Pad 3D,IPS
Blade V40,IPS
Blade V40 Design,IPS
nubia Red Magic 8 Pro+,AMOLED
nubia Red Magic 8 Pro,AMOLED
nubia Z50,AMOLED
Blade V41 Vita,IPS
Voyage 40 Pro+,AMOLED
Axon 40 Ultra Space Edition,AMOLED
Axon 40 SE,AMOLED
Blade V40s,AMOLED
Axon 30S,AMOLED
nubia Z40S Pro,AMOLED
nubia Red Magic 7S Pro,AMOLED
nubia Red Magic 7S,AMOLED
Blade V40 Pro,AMOLED
Blade A72 5G,IPS
Blade A72,IPS
Blade A52 Lite,IPS
Blade A52,IPS
Axon 40 Pro,AMOLED
Axon 40 Ultra,AMOLED
nubia Z40 Pro,AMOLED
Blade V40 Vita,IPS
nubia Red Magic 7 Pro,AMOLED
nubia Red Magic 7,AMOLED
Blade A3 Plus,TFT
Blade A7P,IPS
Voyage 20 Pro,AMOLED
Avid 589,IPS
Blade A71,IPS
Blade A31 Plus,IPS
Blade A31,IPS
Blade A31 Lite,TFT
Blade A51,IPS
Blade L9,TFT
nubia Red Magic 6s Pro,AMOLED
nubia Red Magic 6s,AMOLED
Axon 30 5G,AMOLED
Blade V30 Vita,IPS
Blade V30,IPS
nubia Red Magic 6R,AMOLED
nubia Z30 Pro,AMOLED
Blade 11 Prime,IPS
Axon 30 Ultra 5G,AMOLED
Axon 30 Pro 5G,AMOLED
S30 Pro,AMOLED
S30,IPS
S30 SE,IPS
nubia Red Magic 6 Pro,AMOLED
nubia Red Magic 6,AMOLED
Watch GT,AMOLED
Red Magic Watch,AMOLED
Link II,TFT
Blade X1 5G,IPS
Blade 20 Pro 5G,AMOLED
Cymbal U,TFT
Blade V2020 5G,IPS
Watch Live,TFT
Blade A7s 2020,IPS
Blade 20 5G,IPS
Blade A3Y,IPS
Blade A5 2020,IPS
Axon 20 5G Extreme,OLED
Axon 20 5G,OLED
Axon 20 4G,OLED
Quest 5,IPS
Gabb Z2,TFT
nubia Watch,AMOLED
nubia Red Magic 5S,AMOLED
Avid 579,TFT
nubia Red Magic 5G Lite,AMOLED
Axon 11 SE 5G,IPS
Blade A3 Joy,IPS
Blade A3 Prime,IPS
nubia Play,AMOLED
Axon 11 4G,AMOLED
Axon 11 5G,AMOLED
nubia Red Magic 5G,AMOLED
Axon 10s Pro 5G,AMOLED
Cymbal 2,TFT
Blade Max View,IPS
Blade A7 Prime,IPS
Blade 10 Prime,IPS
Blade Vantage 2,TFT
Blade 20,IPS
nubia Red Magic 3s,AMOLED
nubia Z20,AMOLED
Blade A5 (2019),IPS
Blade A3 (2019),IPS
Blade L8,IPS
nubia Red Magic 3,AMOLED
Avid 559,TFT
nubia Alpha,AMOLED
Axon 10 Pro 5G,AMOLED
Axon 10 Pro,AMOLED
Blade V10,IPS
Blade V10 Vita,IPS
nubia Red Magic Mars,IPS
nubia X,IPS
nubia Z18,IPS
Axon 9 Pro,AMOLED
nubia Red Magic,IPS
Blade A7 Vita,IPS
Blade A7,IPS
nubia Z18 mini,IPS
nubia V18,IPS
nubia N3,IPS
Blade V9 Vita,IPS
Blade V9,S-IPS
Tempo Go,TFT
Blade A3,IPS
Blade A6,IPS
Maven 2,IPS
Blade X,IPS
Axon M,Dual
nubia Z17s,IPS
nubia Z17 miniS,IPS
nubia Z17 lite,IPS
Blade Z Max,IPS
Blade Force,IPS
Tempo X,IPS
Blade A601,IPS
Grand X View 2,IPS
Blade V7 Plus,S-IPS
Quartz,AMOLED
nubia N2,AMOLED
nubia M2,AMOLED
nubia M2 lite,IPS
nubia M2 Play,TFT
nubia Z17,IPS
Axon 7s,AMOLED
Max XL,IPS
nubia Z17 mini,IPS
Blade A520,IPS
nubia N1 lite,IPS
Blade V8 Mini,IPS
Blade V8 Lite,IPS
Blade A2 Plus,IPS
Hawkeye,IPS
Blade V8 Pro,IPS
Blade V8,IPS
Axon 7 Max,IPS
Grand X4,IPS
Blade V7 Max,IPS
nubia Z11 mini S,IPS
Axon 7 mini,AMOLED
Warp 7,IPS
Zmax Pro,IPS
nubia N1,IPS
nubia Z11 Max,Super
Axon 7,AMOLED
nubia Z11,IPS
Blade L110 (A110),TFT
Grand X Max 2,IPS
nubia Z11 mini,IPS
Blade L5 Plus,IPS
Blade V Plus,IPS
Blade A610,IPS
Blade A512,IPS
Blade A452,IPS
Blade V7,IPS
Blade A910,AMOLED
Blade A2,IPS
Blade V7 Lite,IPS
Axon Max,IPS
nubia Prague S,Super
Grand X 3,IPS
Avid Plus,IPS
Blade X9,IPS
Blade X5,IPS
Blade X3,IPS
Axon Watch,AMOLED
Axon,IPS
Blade S7,IPS
Axon mini,Super
Zmax 2,IPS
Axon Elite,IPS
nubia My Prague,AMOLED
Axon Lux,IPS
Boost Max+,IPS
Blade A460,IPS
Blade D6,IPS
Axon Pro,IPS
Blade A410,TN
Obsidian,TFT
Grand X2,IPS
Sonata 2,TFT
Blade Apex 3,IPS
Maven,IPS
Blade Q Pro,IPS
Blade Qlux 4G,IPS
nubia Z9,IPS
Blade S6 Plus,IPS
nubia Z9 Max,IPS
nubia Z9 mini,IPS
Open L,TFT
Grand S3,IPS
Blade L3 Plus,TFT
Blade L3,TFT
Blade G Lux,TFT
Blade G,TFT
V5 Lux,IPS
Blade S6,IPS
Imperial II,TFT
Grand X Max+,IPS
Star 2,IPS
Grand X Plus Z826,IPS
Speed,TFT
Grand S II,IPS
Grand S Pro,IPS
Zinger,TFT
Grand Xmax,TFT
Zmax,TFT
Blade Vec 4G,TFT
Blade Vec 3G,TFT
Kis 3 Max,TFT
nubia Z5S mini NX405H,IGZO
nubia Z7,IPS
nubia Z7 Max,IPS
nubia Z7 mini,IPS
Blade L2,TFT
Kis 3,IPS
Blade G2,IPS
Redbull V5 V9180,IPS
Star 1,IPS
nubia X6,IPS
Grand Memo II LTE,IPS
Open C,TFT
Open II,TFT
Iconic Phablet,IPS
Sonata 4G,TFT
Grand S II S291,IPS
nubia Z5S,IGZO
nubia Z5S mini NX403A,IGZO
Grand S Flex,IPS
Blade Q Maxi,IPS
Blade Q,IPS
Blade Q Mini,IPS
Warp 4G,IPS
Blade V,TFT
Blade G V880G,IPS
Reef,TFT
Imperial,TFT
Vital N9810,IPS
Grand X Pro,TFT
Grand X2 In,IPS
Grand X Quad V987,TFT
Blade III Pro,TFT
Geek V975,IPS
Grand Memo V9815,TFT
Open,TFT
Blade C V807,TFT
Director,TFT
V81,TFT
Grand S,IPS
Avid 4G,TFT
V889M,TFT
V887,TFT
Kis III V790,TFT
Groove X501,TFT
nubia Z5,IPS
Flash,IPS
Anthem 4G,TFT
Warp Sequent,TFT
Grand Era U895,TFT
Blade III,TFT
Grand X IN,TFT
N880E,TFT
Grand X LTE T82,IPS
Grand X V970,IPS
U880E,TFT
Score M,TFT
Light Tab 300,IPS
V96,TFT
PF 100,TFT
T98,TFT
Light Tab 3 V9S,TFT
Era,TFT
PF112 HD,TFT
Skate Acqua,TFT
Orbit,TFT
Kis V788,TFT
V880E,TFT
Nova 3.5,TFT
Nova 4 V8000,TFT
Nova Messenger,TFT
Style Q,TFT
Style Messanger,TFT
V875,TFT
Blade II V880+,Super
N910,IPS
PF200,IPS
Optik,TFT
Light Tab 2 V9A,LCD
Light Tab V9C,LCD
FTV Phone,AMOLED
Chorus,TFT
Memo,TFT
Tania,TFT
Warp,TFT
Score,TFT
Avail,TFT
V9+,TFT
V9,TFT
N721,TFT
Skate,TFT
V821,TFT
Amigo,TFT
Racer II,TFT
U900,TFT
Libra,TFT
Rio,TFT
Blade,AMOLED
Sage,TFT
X990D,TFT
N290,TFT
N280,TFT
R230,TFT
R228 Dual SIM,TFT
R228,TFT
R221,TFT
R220,TFT
S213,CSTN
Salute F350,TFT
F107,TFT
E N72,TFT
Racer,TFT
F951,TFT
X990,TFT
Bingo,TFT
X760,TFT
E811,TFT
Raise,TFT
Xiang,TFT
S302,Monochrome
A261,CSTN
F233,TFT
F912,TFT
F952,TFT
F928,TFT
F870,TFT
F600,TFT
F103,TFT
F101,TFT
F100,TFT
Coral200 Sollar,CSTN
Blade V20,IPS
nubia X 5G,IPS
