phone,price_prep
1B (2022),100 EUR
1L Pro (2021),110 EUR
1 (2021),60 EUR
3L (2021),330 EUR
1S (2021),130 EUR
1L (2021),110 EUR
1V (2021),100 EUR
1SE (2020),150 EUR
Go Flip 4,120 EUR
Go Flip 3,80 EUR
Go Flip V,80 EUR
3T10 2020,170 EUR
3X (2020),170 EUR
3L (2020),150 EUR
1S (2020),100 EUR
1V (2020),80 EUR
1B (2020),80 EUR
3v (2019),170 EUR
3x (2019),150 EUR
1v (2019),80 EUR
3T 8,140 EUR
Smart Tab 7,80 EUR
1x (2019),120 EUR
1c (2019),70 EUR
1,60 EUR
Tetra,40 EUR
7,150 EUR
5v,180 EUR
5,230 EUR
3v,160 EUR
3x (2018),130 EUR
3,170 EUR
1x,100 EUR
3c,130 EUR
3088,50 EUR
1T 10,100 EUR
1T 7,70 EUR
Idol 5s,140 EUR
Idol 5,120 EUR
A7 XL,260 EUR
A7,190 EUR
Pulsemix,70 EUR
Idol 5s (USA),210 EUR
U5,100 EUR
A5 LED,200 EUR
A3,150 EUR
A3 XL,180 EUR
Shine Lite,200 EUR
Fierce 4,80 EUR
X1,200 EUR
Pixi 4 (5),60 EUR
Flash Plus 2,140 EUR
Pop 7 LTE,130 EUR
Pop 4S,150 EUR
Pop 4+,110 EUR
Pop 4,80 EUR
Idol 4s Windows,200 EUR
Idol 4s,220 EUR
Idol 4,200 EUR
Pixi 4 (7),80 EUR
Pixi 4 (6) 3G,120 EUR
Pixi 4 (6),100 EUR
Pixi 4 (4),60 EUR
Pop 3 (5.5),120 EUR
Pop 3 (5),110 EUR
Fierce XL,130 EUR
Watch,110 EUR
Flash 2,230 EUR
10.16G,20 EUR
Flash Plus,130 EUR
Pop Astro,130 EUR
Idol 3 (5.5),250 EUR
Idol 3 (4.7),200 EUR
Pixi 3 (5.5) LTE,120 EUR
Pixi 3 (8) 3G,100 EUR
Pixi 3 (7) LTE,130 EUR
Pixi 3 (7) 3G,100 EUR
Pixi 3 (7),80 EUR
Pop 10,250 EUR
Pixi 3 (5),80 EUR
Pixi 3 (4.5),60 EUR
Pixi 3 (4),50 EUR
Pixi 3 (3.5) Firefox,40 EUR
Pop D3,130 EUR
Pop D1,80 EUR
Pop Icon,120 EUR
Fire C 2G,30 EUR
Pop 2 (4.5) Dual SIM,180 EUR
Pop 2 (4.5),130 EUR
Fierce 2,90 EUR
Evolve 2,60 EUR
Pop 8S,250 EUR
Hero 8,280 EUR
Hero 2,460 EUR
Pixi 2,80 EUR
Pop D5,100 EUR
Pop C2,40 EUR
Pixi 8,100 EUR
2012,50 EUR
2010,50 EUR
2052,50 EUR
2040,30 EUR
2005,20 EUR
Pop 7S,190 EUR
Pixi 7,80 EUR
Pop S9,280 EUR
Pop S7,140 EUR
Pop S3,120 EUR
Fire 7,80 EUR
Fire E,70 EUR
Fire C,30 EUR
Idol 2 S,280 EUR
Idol 2,200 EUR
Idol 2 Mini S,200 EUR
Idol 2 Mini,160 EUR
Pop Fit,90 EUR
2001,60 EUR
Idol X+,290 EUR
Pop C9,140 EUR
Pop 7,160 EUR
Fierce,110 EUR
Evolve,70 EUR
Pop C7,130 EUR
Pop C5,100 EUR
Pop C3,80 EUR
Pop C1,70 EUR
Idol Alpha,360 EUR
Hero,370 EUR
Idol S,160 EUR
Idol Mini,130 EUR
One Touch T10,130 EUR
One Touch Pixi,50 EUR
Idol X,370 EUR
One Touch Fire,120 EUR
One Touch Star,220 EUR
One Touch Scribe Easy,170 EUR
One Touch Evo 7,100 EUR
One Touch Evo 7 HD,140 EUR
One Touch Tab 8 HD,140 EUR
One Touch Tab 7,100 EUR
One Touch Tab 7 HD,110 EUR
One Touch Idol Ultra,270 EUR
One Touch Idol,230 EUR
One Touch T'Pop,100 EUR
One Touch S'Pop,100 EUR
One Touch M'Pop,140 EUR
One Touch X'Pop,150 EUR
One Touch Scribe HD-LTE,350 EUR
One Touch Scribe X,620 EUR
One Touch Scribe HD,220 EUR
OT-983,50 EUR
OT-997D,280 EUR
OT-997,250 EUR
OT-978,210 EUR
OT-988 Shockwave,380 EUR
OT-993,150 EUR
OT-903,50 EUR
OT-838,60 EUR
OT-668,50 EUR
OT-986,250 EUR
OT-991,130 EUR
OT-916,120 EUR
OT-720,60 EUR
OT-902,50 EUR
OT-358,20 EUR
OT-308,30 EUR
OT-282,60 EUR
OT-228,20 EUR
OT-985,110 EUR
OT-810D,60 EUR
OT-995,220 EUR
OT-990,110 EUR
OT-908,80 EUR
OT-918,100 EUR
OT-918D,130 EUR
OT-890,80 EUR
OT-602,50 EUR
OT-217,30 EUR
OT-808,70 EUR
OT-606 One Touch CHAT,40 EUR
OT-710,50 EUR
OT-206,30 EUR
OT-806,150 EUR
OT-800 One Touch Tribe,140 EUR
OT-708 One Touch MINI,130 EUR
OT-660,50 EUR
OT-383,30 EUR
OT-203,20 EUR
OT-103,20 EUR
OT-600,40 EUR
OT-363,50 EUR
OT-V770,100 EUR
ELLE No 3,120 EUR
OT-C701,60 EUR
iPhone 15 Pro Max,900
iPhone 15 Pro,990
iPhone 15 Plus,990
iPhone 15,990
Watch Ultra 2,66
Watch Series 9,00
Watch Series 9 Aluminum,00
iPad Pro 12.9 (2022),1450 EUR
iPad Pro 11 (2022),1050 EUR
iPad (2022),580 EUR
iPhone 14 Pro Max,48
iPhone 14 Pro,82
iPhone 14 Plus,990
iPhone 14,998
Watch Ultra,33
Watch Series 8,61
Watch Series 8 Aluminum,90
Watch SE (2022),99
iPhone SE (2022),900
iPad Air (2022),550 EUR
iPhone 13 Pro Max,16
iPhone 13 Pro,12
iPhone 13,999
iPhone 13 mini,86
iPad mini (2021),550 EUR
iPad 10.2 (2021),430 EUR
Watch Edition Series 7,830 EUR
Watch Series 7,00
Watch Series 7 Aluminum,500 EUR
iPad Pro 12.9 (2021),1200 EUR
iPad Pro 11 (2021),870 EUR
iPhone 12 Pro Max,22
iPhone 12 Pro,00
iPhone 12,999
iPhone 12 mini,75
iPad Air (2020),640 EUR
iPad 10.2 (2020),370 EUR
Watch SE,290 EUR
Watch Series 6 Aluminum,420 EUR
Watch Series 6,710 EUR
Watch Edition Series 6,810 EUR
iPhone SE (2020),00
iPad Pro 12.9 (2020),1000 EUR
iPad Pro 11 (2020),800 EUR
iPhone 11 Pro Max,90
iPhone 11 Pro,20
iPhone 11,700
iPad 10.2 (2019),350 EUR
Watch Edition Series 5,850 EUR
Watch Series 5,750 EUR
Watch Series 5 Aluminum,450 EUR
iPad Air (2019),550 EUR
iPad mini (2019),450 EUR
iPad Pro 12.9 (2018),1100 EUR
iPad Pro 11 (2018),880 EUR
iPhone XS Max,99
iPhone XS,75
iPhone XR,00
Watch Series 4,700 EUR
Watch Series 4 Aluminum,430 EUR
iPad 9.7 (2018),350 EUR
iPhone X,00
iPhone 8 Plus,340 EUR
iPhone 8,210 EUR
Watch Edition Series 3,1450 EUR
Watch Series 3,700 EUR
Watch Series 3 Aluminum,480 EUR
iPad Pro 12.9 (2017),900 EUR
iPad Pro 10.5 (2017),730 EUR
iPad 9.7 (2017),390 EUR
Watch Edition Series 2 42mm,1500 EUR
Watch Edition Series 2 38mm,1450 EUR
Watch Series 2 42mm,700 EUR
Watch Series 2 38mm,650 EUR
Watch Series 2 Aluminum 42mm,450 EUR
Watch Series 1 Aluminum 42mm,300 EUR
Watch Series 2 Aluminum 38mm,420 EUR
Watch Series 1 Aluminum 38mm,270 EUR
iPhone 7 Plus,320 EUR
iPhone 7,180 EUR
iPad Pro 9.7 (2016),690 EUR
iPhone SE,140 EUR
iPhone 6s Plus,240 EUR
iPhone 6s,230 EUR
iPad Pro 12.9 (2015),850 EUR
iPad mini 4 (2015),360 EUR
Watch Edition 42mm (1st gen),13000 EUR
Watch Edition 38mm (1st gen),11000 EUR
Watch 42mm (1st gen),700 EUR
Watch 38mm (1st gen),650 EUR
Watch Sport 42mm (1st gen),250 EUR
Watch Sport 38mm (1st gen),250 EUR
iPad Air 2,440 EUR
iPad mini 3,400 EUR
iPhone 6 Plus,420 EUR
iPhone 6,100 EUR
iPad Air,350 EUR
iPad mini 2,270 EUR
iPhone 5s,330 EUR
iPhone 5c,300 EUR
iPad mini Wi-Fi,200 EUR
iPad mini Wi-Fi + Cellular,300 EUR
iPad 4 Wi-Fi,350 EUR
iPad 4 Wi-Fi + Cellular,500 EUR
iPhone 5,340 EUR
iPad 3 Wi-Fi + Cellular,400 EUR
iPad 3 Wi-Fi,290 EUR
iPhone 4s,190 EUR
iPad 2 Wi-Fi + 3G,370 EUR
iPad 2 Wi-Fi,200 EUR
iPad 2 CDMA,200 EUR
iPhone 4,200 EUR
iPhone 4 CDMA,150 EUR
iPad Wi-Fi + 3G,410 EUR
iPad Wi-Fi,310 EUR
iPhone 3GS,110 EUR
iPhone 3G,90 EUR
iPhone,420 EUR
ROG Phone 8 Pro,99
ROG Phone 8,99
Zenfone 10,99
ROG Phone 7 Ultimate,90
ROG Phone 7,06
ROG Phone 6D Ultimate,00
ROG Phone 6D,95
ROG Phone 6 Diablo Immortal Edition,77
ROG Phone 6 Batman Edition,1500 EUR
Zenfone 9,99
ROG Phone 6 Pro,85
ROG Phone 6,88
ROG Phone 5s Pro,2000 EUR
ROG Phone 5s,1030 EUR
Smartphone for Snapdragon Insiders,1270 EUR
Zenfone 8 Flip,380 EUR
Zenfone 8,99
ROG Phone 5 Ultimate,1300 EUR
ROG Phone 5 Pro,680 EUR
ROG Phone 5,900
Zenfone 7 Pro,670 EUR
Zenfone 7,910 EUR
ROG Phone 3,650 EUR
ROG Phone 3 Strix,1400 EUR
ROG Phone II ZS660KL,1070 EUR
Zenfone 6 ZS630KL,500 EUR
Zenfone Max Plus (M2) ZB634KL,200 EUR
Zenfone Max Shot ZB634KL,310 EUR
Zenfone Max Pro (M2) ZB631KL,370 EUR
Zenfone Max (M1) ZB556KL,120 EUR
ZenFone Lite (L1) ZA551KL,80 EUR
ROG Phone ZS600KL,1110 EUR
ZenFone Live (L1) ZA550KL,100 EUR
Zenfone Max Pro (M1) ZB601KL/ZB602K,160 EUR
Zenfone 5z ZS620KL,500 EUR
Zenfone 5 ZE620KL,320 EUR
Zenfone 5 Lite ZC600KL,200 EUR
Zenfone Max (M1) ZB555KL,150 EUR
Zenfone Max Plus (M1) ZB570TL,250 EUR
Zenfone V V520KL,100 EUR
Zenfone 4 Pro ZS551KL,350 EUR
Zenfone 4 ZE554KL,350 EUR
Zenfone 4 Selfie Lite ZB553KL,180 EUR
Zenfone 4 Selfie ZB553KL,150 EUR
Zenfone 4 Selfie Pro ZD552KL,250 EUR
Zenfone 4 Selfie ZD553KL,250 EUR
Zenfone 4 Max ZC520KL,180 EUR
Zenfone 4 Max Pro ZC554KL,250 EUR
Zenfone 4 Max Plus ZC554KL,220 EUR
Zenfone 4 Max ZC554KL,270 EUR
Zenpad Z8s ZT582KL,210 EUR
Zenpad 3s 8.0 Z582KL,250 EUR
Zenfone Go ZB552KL,120 EUR
Zenfone Live ZB501KL,150 EUR
Zenfone 3s Max ZC521TL,180 EUR
Zenpad 3S 10 Z500KL,350 EUR
Zenfone AR ZS571KL,370 EUR
Zenfone 3 Zoom ZE553KL,320 EUR
Zenfone Go ZB690KG,120 EUR
Zenpad 3 8.0 Z581KL,280 EUR
Zenfone Go ZB500KL,130 EUR
Zenfone 3 Max ZC553KL,190 EUR
Zenfone 3 Deluxe 5.5 ZS550KL,280 EUR
Zenpad Z10 ZT500KL,300 EUR
Zenwatch 3 WI503Q,230 EUR
Zenpad 3S 10 Z500M,340 EUR
Zenfone 3 Max ZC520TL,230 EUR
Zenfone 3 Laser ZC551KL,160 EUR
Zenfone 3 ZE520KL,280 EUR
Zenfone Pegasus 3,210 EUR
Zenfone 3 Ultra ZU680KL,300 EUR
Zenfone 3 Deluxe ZS570KL,230 EUR
Zenfone 3 ZE552KL,330 EUR
Zenfone Max ZC550KL (2016),170 EUR
Zenfone Go ZB450KL,110 EUR
Zenfone Go ZB452KG,90 EUR
Zenfone Go ZB551KL,150 EUR
Zenfone Go T500,110 EUR
Zenfone Go ZC451TG,70 EUR
Live G500TG,160 EUR
Zenwatch 2 WI501Q,150 EUR
Zenwatch 2 WI502Q,150 EUR
Zenwatch WI500Q,100 EUR
Zenfone 2 Laser ZE551KL,180 EUR
Zenfone Zoom ZX551ML,250 EUR
Zenpad 10 Z300C,160 EUR
Zenfone Go ZC500TG,130 EUR
Zenfone Max ZC550KL,170 EUR
Zenfone 2 Deluxe ZE551ML,350 EUR
Zenfone 2 Laser ZE601KL,270 EUR
Zenfone 2 Laser ZE600KL,310 EUR
Zenfone 2 Laser ZE550KL,220 EUR
Zenfone 2 Laser ZE500KG,200 EUR
Zenfone 2 Laser ZE500KL,210 EUR
Zenpad 7.0 Z370CG,160 EUR
Zenfone 2E,110 EUR
Pegasus 2 Plus,300 EUR
Zenpad 8.0 Z380KL,280 EUR
Zenpad C 7.0,140 EUR
Zenfone Selfie ZD551KL,280 EUR
Zenfone 2 ZE500CL,180 EUR
Zenfone 2 ZE550ML,250 EUR
Zenfone 2 ZE551ML,300 EUR
Fonepad 7 FE375CL,220 EUR
Zenfone C ZC451CG,90 EUR
Fonepad 7 FE171CG,160 EUR
Zenfone Zoom ZX550,400 EUR
Pegasus,80 EUR
Zenfone 5 Lite A502CG (2014),100 EUR
Memo Pad 10 ME103K,200 EUR
PadFone X mini,160 EUR
Memo Pad 7 ME572CL,240 EUR
Memo Pad 7 ME572C,240 EUR
Zenfone 5 A500KL (2014),210 EUR
Zenfone 4 A450CG (2014),100 EUR
Memo Pad 8 ME581CL,240 EUR
Memo Pad 8 ME181C,150 EUR
Memo Pad 7 ME176C,130 EUR
Fonepad 8 FE380CG,200 EUR
Fonepad 7 FE375CXG,130 EUR
Fonepad 7 FE375CG,210 EUR
Transformer Pad TF303CL,400 EUR
Transformer Pad TF103C,220 EUR
Fonepad 7 (2014),100 EUR
PadFone X,320 EUR
PadFone S,250 EUR
PadFone Infinity Lite,510 EUR
PadFone E,260 EUR
Zenfone 6 A601CG (2014),200 EUR
Zenfone 6 A600CG (2014),250 EUR
Zenfone 5 A501CG (2015),120 EUR
Zenfone 5 A500CG (2014),130 EUR
Zenfone 4 (2014),130 EUR
PadFone mini 4G (Intel),300 EUR
PadFone mini (Intel),210 EUR
PadFone mini,290 EUR
PadFone Infinity 2,730 EUR
Memo Pad 10,250 EUR
Memo Pad 8 ME180A,150 EUR
Fonepad 7,220 EUR
Google Nexus 7 (2013),230 EUR
Fonepad Note FHD6,350 EUR
Transformer Pad TF701T,400 EUR
Memo Pad HD7 8 GB,100 EUR
Memo Pad HD7 16 GB,130 EUR
Fonepad,260 EUR
PadFone Infinity,1000 EUR
Memo Pad Smart 10,230 EUR
Memo Pad ME172V,110 EUR
Google Nexus 7 Cellular,230 EUR
VivoTab RT TF600T,420 EUR
PadFone 2,450 EUR
Google Nexus 7,150 EUR
Transformer Pad Infinity 700 LTE,430 EUR
Transformer Pad Infinity 700 3G,430 EUR
Transformer Pad TF300T,290 EUR
Transformer Pad Infinity 700,340 EUR
Memo,170 EUR
Transformer Prime TF700T,400 EUR
Transformer Prime TF201,350 EUR
PadFone,300 EUR
Transformer TF101,280 EUR
P835,400 EUR
P565,440 EUR
P552w,370 EUR
P320,410 EUR
M930,380 EUR
P550,220 EUR
P750,330 EUR
P527,300 EUR
Z801,260 EUR
J502,300 EUR
V88i,290 EUR
M530w,330 EUR
P526,300 EUR
J501,300 EUR
P735,370 EUR
Wildfire E star,100 EUR
U23 Pro,27
A103 Plus,190 EUR
A103,140 EUR
A102,170 EUR
A101,300 EUR
Wildfire E plus,130 EUR
Desire 22 Pro,460 EUR
Wildfire E2 Plus,160 EUR
Wildfire E3,130 EUR
Desire 21 Pro 5G,350 EUR
Desire 20+,250 EUR
Wildfire E1 lite,80 EUR
Wildfire E2,100 EUR
Wildfire E1 plus,120 EUR
Wildfire E1,90 EUR
Wildfire E,120 EUR
Desire 20 Pro,660 EUR
Desire 19s,180 EUR
Exodus 1s,220 EUR
Wildfire X,150 EUR
U19e,420 EUR
Desire 19+,280 EUR
Desire 12s,200 EUR
U12 life,230 EUR
U12+,450 EUR
Desire 12+,170 EUR
Desire 12,130 EUR
U11 Eyes,300 EUR
U11+,450 EUR
U11 Life,210 EUR
U11,300 EUR
One X10,200 EUR
U Ultra,250 EUR
U Play,150 EUR
10 evo,230 EUR
Desire 650,170 EUR
Desire 10 Pro,260 EUR
Desire 10 Compact,150 EUR
One A9s,150 EUR
Desire 10 Lifestyle,200 EUR
Desire 728 Ultra,220 EUR
Desire 628,200 EUR
One M9 Prime Camera,250 EUR
Desire 830,200 EUR
One S9,210 EUR
10 Lifestyle,250 EUR
10,300 EUR
Desire 825,240 EUR
Desire 630,190 EUR
Desire 530,170 EUR
Desire 625,70 EUR
One X9,300 EUR
One M9s,270 EUR
Desire 828 dual sim,130 EUR
Desire 728 dual sim,240 EUR
One E9s dual sim,310 EUR
Butterfly 3,300 EUR
One M9+ Supreme Camera,480 EUR
One A9,300 EUR
Desire 626s,190 EUR
Desire 526,110 EUR
One ME,340 EUR
Desire 820G+ dual sim,180 EUR
Desire 326G dual sim,130 EUR
One M9+,300 EUR
One M8s,330 EUR
One E9+,320 EUR
One E9,320 EUR
One M9,360 EUR
Desire 820s dual sim,370 EUR
Desire 626G+,250 EUR
Desire 626,180 EUR
Desire 526G+ dual sim ,160 EUR
Desire 826 dual sim,200 EUR
Desire 320,80 EUR
Desire 620G dual sim,190 EUR
Desire 620,180 EUR
Nexus 9,300 EUR
Desire 816G dual sim,260 EUR
One (M8 Eye),260 EUR
Desire Eye,380 EUR
Desire 612,240 EUR
Desire 820q dual sim,260 EUR
Desire 820 dual sim,320 EUR
Desire 820,340 EUR
One (E8) CDMA,350 EUR
Desire 510,200 EUR
One (M8) for Windows,300 EUR
One (M8) for Windows (CDMA),300 EUR
Butterfly 2,250 EUR
One Remix,280 EUR
One (M8) dual sim,300 EUR
Desire 516 dual sim,160 EUR
One (E8),420 EUR
One mini 2,250 EUR
Desire 616 dual sim,180 EUR
Desire 210 dual sim,100 EUR
One (M8) CDMA,250 EUR
One (M8),250 EUR
Desire 310 dual sim,140 EUR
Desire 310,150 EUR
Desire 816 dual sim,250 EUR
Desire 816,250 EUR
Desire 610,200 EUR
Desire 501 dual sim,190 EUR
Desire 700,220 EUR
Desire 700 dual sim,250 EUR
Desire 601 dual sim,270 EUR
Desire 501,240 EUR
One Max,370 EUR
Desire 300,160 EUR
Desire 601,230 EUR
Desire 500,180 EUR
One mini,240 EUR
8XT,170 EUR
Butterfly S,300 EUR
Desire 200,100 EUR
Desire 600 dual sim,290 EUR
First,200 EUR
One Dual Sim,300 EUR
One,270 EUR
Desire U,150 EUR
Desire 400 dual sim,240 EUR
Butterfly,330 EUR
DROID DNA,280 EUR
One SV CDMA,180 EUR
One SV,200 EUR
Desire SV,270 EUR
One VX,290 EUR
One X+,220 EUR
Windows Phone 8X CDMA,200 EUR
Windows Phone 8X,170 EUR
Windows Phone 8S,150 EUR
One ST,200 EUR
One SC,220 EUR
Desire X,190 EUR
Desire VT,200 EUR
Desire XC,180 EUR
Desire VC,150 EUR
Desire V,160 EUR
Desire C,120 EUR
J,220 EUR
DROID Incredible 4G LTE,270 EUR
Evo 4G LTE,180 EUR
One XC,200 EUR
One X,170 EUR
One X AT&T,190 EUR
One XL,180 EUR
One S C2,180 EUR
One S,220 EUR
One V,130 EUR
Velocity 4G Vodafone,160 EUR
Velocity 4G,200 EUR
Titan II,200 EUR
Rezound,160 EUR
Vivid,160 EUR
EVO Design 4G,140 EUR
Sensation XL,170 EUR
Explorer,70 EUR
Amaze 4G,180 EUR
Raider 4G,230 EUR
Rhyme,140 EUR
Hero S,160 EUR
Rhyme CDMA,120 EUR
Sensation XE,140 EUR
Jetstream,280 EUR
Titan,140 EUR
Radar,140 EUR
Panache,200 EUR
Status,70 EUR
Trophy,90 EUR
DROID Incredible 2,100 EUR
Sensation 4G,210 EUR
EVO 3D,150 EUR
Sensation,120 EUR
EVO 3D CDMA,220 EUR
HD7S,120 EUR
Merge,160 EUR
Incredible S,190 EUR
Desire S,100 EUR
Wildfire S,100 EUR
Salsa,130 EUR
ChaCha,70 EUR
Flyer,300 EUR
Flyer Wi-Fi,110 EUR
EVO View 4G,220 EUR
Inspire 4G,120 EUR
Freestyle,70 EUR
ThunderBolt 4G,230 EUR
EVO Shift 4G,120 EUR
Gratia,120 EUR
HD7,120 EUR
7 Pro,190 EUR
7 Surround,90 EUR
7 Mozart,130 EUR
7 Trophy,90 EUR
Arrive,90 EUR
Desire HD,150 EUR
Desire Z,100 EUR
Evo 4G+,150 EUR
Aria,150 EUR
Wildfire CDMA,110 EUR
Wildfire,90 EUR
HD mini,120 EUR
Desire,140 EUR
Legend,120 EUR
Google Nexus One,120 EUR
Smart,90 EUR
HD2,140 EUR
Evo 4G,90 EUR
Droid Incredible,80 EUR
DROID ERIS,80 EUR
Pure,80 EUR
Tattoo,60 EUR
Touch2,90 EUR
Hero CDMA,80 EUR
Hero,100 EUR
Ozone,80 EUR
Snap,100 EUR
Magic,90 EUR
Touch Pro2 CDMA,120 EUR
Tilt2,90 EUR
Touch Pro2,120 EUR
Touch Diamond2 CDMA,150 EUR
Touch Diamond2,150 EUR
Dream,150 EUR
Touch Cruise 09,150 EUR
MAX 4G,310 EUR
Touch HD T8285,280 EUR
Touch HD,290 EUR
Touch 3G,200 EUR
Touch Viva,140 EUR
S740,120 EUR
Touch Pro,200 EUR
Touch Diamond,130 EUR
Advantage X7510,640 EUR
P3470,170 EUR
Touch Cruise,210 EUR
Touch Dual,130 EUR
P6500,270 EUR
S730,250 EUR
TyTN II,140 EUR
S630,330 EUR
Touch,130 EUR
P6300,220 EUR
Shift,210 EUR
Advantage X7500,660 EUR
S710,200 EUR
P3350,210 EUR
P3400,210 EUR
P4350,350 EUR
P3600i,230 EUR
P3600,370 EUR
P3300,350 EUR
S620,240 EUR
S310,130 EUR
TyTN,420 EUR
MTeoR,180 EUR
nova Y72,240 EUR
nova 12 Ultra,600 EUR
nova 12 Pro,510 EUR
nova 12,380 EUR
nova 12 Lite,320 EUR
Enjoy 70,160 EUR
MatePad Pro 11 (2024),540 EUR
nova 11 SE,260 EUR
Watch Ultimate Design,4360 EUR
MatePad Pro 13.2,1000 EUR
Mate 60 RS Ultimate,1550 EUR
Watch GT 4,270 EUR
Mate 60 Pro,890 EUR
Mate 60,750 EUR
MatePad 11.5,290 EUR
MatePad Air,500 EUR
nova Y91,280 EUR
Watch 4 Pro,550 EUR
Watch 4,450 EUR
nova 11i,23
nova Y71,190 EUR
Enjoy 60X,230 EUR
nova 11 Ultra,590 EUR
nova 11 Pro,90
nova 11,20
Mate X3,00
P60 Pro,33
P60,600 EUR
P60 Art,1200 EUR
Enjoy 60,170 EUR
Watch Ultimate,95
MatePad 11 (2023),300 EUR
nova 10 Youth,230 EUR
Watch Buds,400 EUR
Enjoy 50z,150 EUR
Watch GT 3 SE,200 EUR
Pocket S,830 EUR
Watch GT Cyber,180 EUR
nova Y61,140 EUR
nova 10 SE,52
Mate 50 RS Porsche Design,1880 EUR
Mate 50 Pro,77
Mate 50E,580 EUR
Mate 50,720 EUR
nova 10z,260 EUR
MatePad Pro 11 (2022),500 EUR
nova 10 Pro,730 EUR
nova 10,500 EUR
nova Y90,00
MatePad 10.4 (2022),350 EUR
Mate Xs 2,2000 EUR
Watch GT 3 Porsche Design,670 EUR
Watch GT 3 Pro,99
Watch D,350 EUR
MatePad SE,190 EUR
nova 9 SE 5G,370 EUR
nova Y70 Plus,95
P50E,580 EUR
nova 9 SE,79
P50 Pocket,870 EUR
nova 8 SE 4G,290 EUR
nova Y60,150 EUR
Enjoy 20e,130 EUR
Watch GT Runner,300 EUR
Watch Fit mini,100 EUR
Watch GT 3,120 EUR
nova 9 Pro,460 EUR
nova 9,99
nova 8,420 EUR
P50 Pro,99
P50,700 EUR
nova 8 SE Youth,250 EUR
nova 8i,93
Mate 40 Pro 4G,800 EUR
Mate 40E 4G,550 EUR
Mate X2 4G,2290 EUR
MatePad Pro 12.6 (2021),800 EUR
MatePad Pro 10.8 (2021),500 EUR
MatePad 11 (2021),400 EUR
Watch 3 Pro,360 EUR
Watch 3,200 EUR
MatePad T 10,150 EUR
Watch Fit Elegant,130 EUR
Mate 40E,600 EUR
P40 4G,500 EUR
Mate X2,2300 EUR
nova 8 Pro 5G,600 EUR
nova 8 5G,410 EUR
Enjoy 20 SE,160 EUR
nova 8 SE,330 EUR
Mate 40 RS Porsche Design,1400 EUR
Mate 40 Pro+,1400 EUR
Mate 40 Pro,790 EUR
Mate 40,630 EUR
Watch GT 2 Porsche Design,700 EUR
Mate 30E Pro 5G,680 EUR
nova 7 SE 5G Youth,290 EUR
Y7a,160 EUR
P smart 2021,230 EUR
MatePad 5G,400 EUR
Watch GT 2 Pro,140 EUR
Y9a,200 EUR
Enjoy 20 Plus 5G,280 EUR
Enjoy 20 5G,210 EUR
Watch Fit,90 EUR
MatePad 10.8,300 EUR
MatePad T 10s,200 EUR
Enjoy Tablet 2,200 EUR
Children's Watch 4X,170 EUR
Enjoy 20 Pro,250 EUR
Enjoy Z 5G,220 EUR
P Smart S,260 EUR
Y8p,240 EUR
P40 lite 5G,190 EUR
P30 Pro New Edition,820 EUR
MatePad T8,100 EUR
Y8s,140 EUR
Y6p,160 EUR
Y5p,110 EUR
P smart 2020,200 EUR
nova 7 Pro 5G,480 EUR
nova 7 5G,390 EUR
nova 7 SE,320 EUR
MatePad 10.4,250 EUR
Watch GT 2e,100 EUR
Enjoy 10e,120 EUR
P40 Pro+,1000 EUR
P40 Pro,00
P40,520 EUR
P40 lite E,150 EUR
P40 lite,00
MatePad Pro 10.8 5G (2019),550 EUR
Mate Xs,1950 EUR
P30 lite New Edition,360 EUR
Y7p,140 EUR
nova 7i,240 EUR
Y6s (2019),160 EUR
P smart Pro 2019,290 EUR
nova 6 SE,280 EUR
MatePad Pro 10.8 (2019),450 EUR
Mate X,2150 EUR
Y9s,220 EUR
nova 5z,200 EUR
Enjoy 10s,200 EUR
Enjoy 10,150 EUR
Mate 30 RS Porsche Design,1700 EUR
Mate 30 Pro 5G,1440 EUR
Mate 30 Pro,1290 EUR
Mate 30 5G,650 EUR
Mate 30,550 EUR
Watch GT 2,120 EUR
nova 5i Pro,290 EUR
Enjoy 10 Plus,190 EUR
nova 5T,340 EUR
MediaPad M6 10.8,300 EUR
MediaPad M6 Turbo 8.4,350 EUR
MediaPad M6 8.4,260 EUR
nova 5 Pro,390 EUR
nova 5,360 EUR
nova 5i,260 EUR
Y9 Prime (2019),220 EUR
P20 lite (2019),280 EUR
P Smart Z,280 EUR
Mate 20 X (5G),760 EUR
P30 Pro,670 EUR
P30,00
P30 lite,420 EUR
nova 4e,270 EUR
Y5 (2019),130 EUR
Enjoy 9e,120 EUR
Enjoy 9s,200 EUR
Y Max,280 EUR
MediaPad M5 Lite 8,160 EUR
Y6 Pro (2019),120 EUR
Y6 (2019),130 EUR
Y7 (2019),180 EUR
Y7 Prime (2019),200 EUR
Y7 Pro (2019),200 EUR
Y5 lite (2018),100 EUR
nova 4,400 EUR
P smart 2019,200 EUR
Enjoy 9,130 EUR
Watch Magic,150 EUR
Watch GT,200 EUR
Mate 20 RS Porsche Design,1200 EUR
Mate 20 X,580 EUR
Mate 20 Pro,800 EUR
Mate 20,460 EUR
MediaPad T5,170 EUR
MediaPad M5 lite,200 EUR
Y9 (2019),180 EUR
Mate 20 lite,230 EUR
P Smart+ 2019,260 EUR
nova 3i,220 EUR
nova 3,350 EUR
Watch 2 2018,270 EUR
Y5 Prime (2018),100 EUR
Y3 (2018),90 EUR
Y6 Prime (2018),140 EUR
Y6 (2018),150 EUR
Mate RS Porsche Design,1300 EUR
P20 Pro,410 EUR
P20,330 EUR
P20 lite,240 EUR
Y7 Pro (2018),150 EUR
Y7 Prime (2018),170 EUR
Y7 (2018),150 EUR
Y9 (2018),220 EUR
MediaPad M5 10 (Pro),390 EUR
MediaPad M5 10,290 EUR
MediaPad M5 8,290 EUR
P smart,170 EUR
nova 2s,200 EUR
Mate 10 Porsche Design,600 EUR
Mate 10 Pro,450 EUR
Mate 10,230 EUR
Watch 2 Pro,330 EUR
Mate 10 Lite,190 EUR
P9 lite mini,150 EUR
Y7 Prime,180 EUR
MediaPad M3 Lite 8,270 EUR
MediaPad T3 10,180 EUR
MediaPad M3 Lite 10,250 EUR
nova 2 plus,300 EUR
nova 2,250 EUR
Y6II Compact,130 EUR
MediaPad T3 8.0,160 EUR
MediaPad T3 7.0,100 EUR
Y7,160 EUR
Y6 (2017),140 EUR
Y5 (2017),120 EUR
Y3 (2017),90 EUR
Watch 2 Classic,300 EUR
Watch 2,180 EUR
P10 Plus,240 EUR
P10,280 EUR
P10 Lite,230 EUR
P8 Lite (2017),170 EUR
Enjoy 6s,250 EUR
Mate 9 Pro,400 EUR
Mate 9 Porsche Design,920 EUR
Mate 9,320 EUR
Fit,200 EUR
Enjoy 6,200 EUR
MediaPad M3 8.4,280 EUR
nova plus,250 EUR
nova,200 EUR
MediaPad T2 10.0 Pro,240 EUR
MediaPad T2 7.0 Pro,230 EUR
MediaPad T2 7.0,150 EUR
G9 Plus,280 EUR
MediaPad T1 7.0 Plus,100 EUR
MediaPad M2 7.0,200 EUR
Y3II,80 EUR
Y5II,110 EUR
P9 lite,210 EUR
P9 Plus,430 EUR
P9,340 EUR
MediaPad M2 10.0,250 EUR
Watch,290 EUR
Enjoy 5s,200 EUR
Mate 8,300 EUR
G7 Plus,200 EUR
Y6 Pro,190 EUR
Nexus 6P,300 EUR
Mate S,350 EUR
Y6,90 EUR
G8,330 EUR
MediaPad M2 8.0,250 EUR
Y560,110 EUR
Y625,130 EUR
P8lite ALE-L04,180 EUR
P8lite,170 EUR
P8max,400 EUR
P8,230 EUR
SnapTo,170 EUR
MediaPad X2,370 EUR
Y635,140 EUR
Y360,90 EUR
Ascend Y540,110 EUR
Ascend G628,140 EUR
Ascend Y520,80 EUR
Ascend Y221,130 EUR
Ascend GX1,200 EUR
Ascend Mate7 Monarch,500 EUR
MediaPad T1 10,180 EUR
MediaPad T1 8.0,150 EUR
MediaPad T1 7.0,100 EUR
Ascend G620s,180 EUR
Ascend Y550,130 EUR
Ascend G7,260 EUR
Ascend Mate7,340 EUR
Ascend G535,110 EUR
Ascend G630,170 EUR
Ascend Y330,70 EUR
Ascend Plus,110 EUR
Ascend P7,250 EUR
Ascend P7 mini,180 EUR
Ascend G730,270 EUR
Ascend Y600,100 EUR
MediaPad 10 Link+,350 EUR
Ascend G6 4G,240 EUR
Ascend G6,250 EUR
MediaPad M1,300 EUR
MediaPad X1,350 EUR
Ascend Y530,100 EUR
MediaPad 7 Youth2,160 EUR
Ascend P6 S,300 EUR
Ascend Mate2 4G,330 EUR
Ascend Y320,100 EUR
Ascend Y220,60 EUR
Ascend G740,250 EUR
Ascend Y511,110 EUR
Ascend W2,150 EUR
G6153,40 EUR
G3621L,20 EUR
Ascend G700,190 EUR
G610s,150 EUR
U8687 Cronos,50 EUR
Ascend G525,160 EUR
MediaPad 7 Youth,150 EUR
MediaPad 7 Vogue,180 EUR
Ascend P6,230 EUR
Ascend Y300,90 EUR
Premia 4G M931,120 EUR
Ascend Y210D,70 EUR
Ascend P2,210 EUR
Ascend G615,250 EUR
Ascend G526,260 EUR
Ascend G350,170 EUR
Ascend G312,180 EUR
Ascend W1,160 EUR
Ascend Mate,230 EUR
Ascend D2,310 EUR
Ascend G510,100 EUR
Ascend G500,200 EUR
Ascend Y201 Pro,110 EUR
MediaPad 10 Link,250 EUR
Ascend Y,60 EUR
Summit,100 EUR
Ascend P1 LTE,150 EUR
Fusion 2 U8665,50 EUR
Ascend G600,100 EUR
Ascend G330,110 EUR
MediaPad 7 Lite,150 EUR
Ascend Y100,70 EUR
Ascend Y200,110 EUR
Ascend G330D U8825D,110 EUR
Ascend G300,130 EUR
Ascend P1 XL U9200E,230 EUR
Ascend P1,170 EUR
Ascend Q M5660,70 EUR
G6800,70 EUR
G6310,50 EUR
G5000,90 EUR
Activa 4G,110 EUR
G5520,50 EUR
G6609,80 EUR
Fusion U8652,80 EUR
MediaPad 10 FHD,330 EUR
Ascend D1 XL U9500E,350 EUR
Ascend D1,210 EUR
Ascend D quad XL,260 EUR
Ascend D quad,290 EUR
Ascend P1s,260 EUR
M886 Mercury,110 EUR
G7300,90 EUR
G7005,70 EUR
MediaPad,150 EUR
MediaPad S7-301w,160 EUR
D51 Discovery,110 EUR
U8520 Duplex,110 EUR
T8300,110 EUR
U8350 Boulder,90 EUR
Impulse 4G,80 EUR
Pillar,70 EUR
U8850 Vision,80 EUR
Ascend II,100 EUR
U8800 Pro,70 EUR
G7206,70 EUR
U5510,80 EUR
G5500,80 EUR
G6620,70 EUR
U8650 Sonic,70 EUR
U8180 IDEOS X1,70 EUR
G6608,60 EUR
G7010,70 EUR
U5900s,80 EUR
IDEOS S7 Slim,160 EUR
IDEOS S7 Slim CDMA,210 EUR
U9000 IDEOS X6,90 EUR
U8800 IDEOS X5,100 EUR
U8510 IDEOS X3,100 EUR
U8150 IDEOS,60 EUR
U8500 IDEOS X2,90 EUR
U7520,70 EUR
G6150,110 EUR
G7002,50 EUR
U8300,70 EUR
IDEOS S7,70 EUR
C3200,50 EUR
U8110,90 EUR
U8100,70 EUR
U8230,270 EUR
U8220,230 EUR
U7510,120 EUR
U1270,60 EUR
G6600 Passport,30 EUR
Mate 30 Lite,400 EUR
Smart 8 Plus,100 EUR
Smart 8 Pro,100 EUR
Smart 8 (India),699
Smart 8 HD,470
Smart 8,100 EUR
Zero 30 4G,180 EUR
Zero 30,998
GT 10 Pro,260 EUR
Hot 30 5G,499
Note 30 VIP,280 EUR
Note 30 5G,998
Smart 7 HD,110 EUR
Hot 30i,799
Smart 7 (India),494
Smart 7,90 EUR
Zero 5G 2023,250 EUR
Hot 20 Play,130 EUR
Hot 20,190 EUR
Note 12 (2023),220 EUR
Zero Ultra,500 EUR
Hot 20 5G,240 EUR
Hot 20i,120 EUR
Zero 20,200 EUR
Note 12i 2022,150 EUR
Hot 12 Pro,180 EUR
Smart 6 Plus (India),100 EUR
Note 12 Pro,890
Note 12 Pro 5G,07
Note 12 5G,190 EUR
Hot 11s NFC,230 EUR
Hot 12 Play,645
Note 12 VIP,290 EUR
Note 12 G96,999
Note 12i,170 EUR
Note 12,190 EUR
Hot 12,150 EUR
Smart 6 HD,80 EUR
Hot 11 2022,110 EUR
Hot 12i,140 EUR
Zero 5G,250 EUR
Smart 5 Pro,70 EUR
Hot 11 Play,120 EUR
Note 11i,140 EUR
Note 11s,180 EUR
Note 11,100 EUR
Smart 6,100 EUR
Hot 11s,195
Hot 11,110 EUR
Zero X Pro,44
Zero X,320 EUR
Zero X Neo,210 EUR
Hot 10i,100 EUR
Note 10 Pro,499
Note 10,299
Hot 10T,140 EUR
Hot 10s NFC,110 EUR
Hot 10s,499
Smart 5 (India),80 EUR
Hot 10 Play,490
Smart HD 2021,70 EUR
Zero 8i,170 EUR
Note 8,200 EUR
Note 8i,150 EUR
Hot 10 Lite,100 EUR
Hot 10,120 EUR
Zero 8,210 EUR
Smart 5,70 EUR
Hot 9 Play,100 EUR
Note 7 Lite,130 EUR
Hot 9 Pro,50 EUR
Hot 9,90 EUR
S5 Pro,120 EUR
S5 lite,100 EUR
S5,120 EUR
Note 6,180 EUR
Hot 7 Pro,130 EUR
Hot 7,100 EUR
Note 5,90 EUR
Tab M11,170 EUR
Legion Y700 (2023),300 EUR
Tab P12,400 EUR
Tab M10,400 EUR
Tab Extreme,880 EUR
Tab M9,180 EUR
Tab M8 (4th Gen),150 EUR
Tab P11 Gen 2,350 EUR
Tab P11 Pro Gen 2,500 EUR
Tab M10 Gen 3,200 EUR
Pad Pro 2022,320 EUR
Legion Y70,440 EUR
Tab M10 Plus (3rd Gen),260 EUR
Legion Y700,360 EUR
Legion Y90,570 EUR
K14 Plus,200 EUR
Tab K10,170 EUR
Tab P12 Pro,520 EUR
Tab P11 5G,500 EUR
K13 Pro,150 EUR
K13,90 EUR
Yoga Tab 11,350 EUR
Tab P11 Plus,300 EUR
Tab M7 (3rd Gen),120 EUR
K13 Note,120 EUR
Yoga Tab 13,800 EUR
Pad Pro,320 EUR
Pad Plus,200 EUR
Pad,140 EUR
Legion 2 Pro,880 EUR
Legion Duel 2,800 EUR
K12 Pro,130 EUR
K12 (China),100 EUR
A8 2020,90 EUR
Tab P11 Pro,550 EUR
Tab P11,200 EUR
Tab M10 HD Gen 2,170 EUR
Legion Duel,510 EUR
A7,100 EUR
M10 Plus,200 EUR
M10 FHD REL,180 EUR
Yoga Smart Tab,320 EUR
K10 Note,180 EUR
A6 Note,100 EUR
Tab M8 (FHD),160 EUR
Tab M8 (HD),140 EUR
Tab M7,100 EUR
Z6,250 EUR
Z6 Pro 5G,400 EUR
Z6 Youth,160 EUR
Z6 Pro,430 EUR
K6 Enjoy,190 EUR
Tab V7,250 EUR
S5 Pro GT,200 EUR
Z5s,220 EUR
Z5 Pro GT,400 EUR
Z5 Pro,300 EUR
S5 Pro,200 EUR
K5 Pro,150 EUR
K9,130 EUR
Z5,200 EUR
K5 Note (2018),150 EUR
A5,120 EUR
K5 play,110 EUR
K5,130 EUR
S5,150 EUR
K320t,150 EUR
moto tab,230 EUR
Tab 7 Essential,80 EUR
Tab 7,100 EUR
K8 Plus,200 EUR
K8,170 EUR
K8 Note,180 EUR
Tab 4 10 Plus,270 EUR
Tab 4 10,180 EUR
Tab 4 8 Plus,200 EUR
Tab 4 8,170 EUR
Tab3 8 Plus,170 EUR
ZUK Edge,450 EUR
A6600 Plus,130 EUR
A6600,110 EUR
B,80 EUR
A Plus,70 EUR
P2,240 EUR
K6 Note,250 EUR
K6 Power,170 EUR
K6,200 EUR
Yoga Tab 3 10,180 EUR
Yoga Tab 3 Plus,300 EUR
Vibe A,50 EUR
C2 Power,170 EUR
C2,200 EUR
Phab2 Plus,250 EUR
Phab2,230 EUR
Phab2 Pro,350 EUR
ZUK Z2,220 EUR
Vibe C,90 EUR
ZUK Z2 Pro,350 EUR
Tab3 10,280 EUR
Tab3 8,120 EUR
Tab3 7,80 EUR
Vibe K5 Plus,140 EUR
Vibe K5,120 EUR
A7000 Turbo,180 EUR
Vibe P1 Turbo,260 EUR
K5 Note,190 EUR
Lemon 3,110 EUR
Vibe S1 Lite,210 EUR
Vibe K4 Note,190 EUR
Vibe X3 c78,320 EUR
Vibe X3,300 EUR
A3690,110 EUR
Yoga Tab 3 Pro,380 EUR
Yoga Tab 3 8.0,160 EUR
A1000,60 EUR
Phab,180 EUR
Phab Plus,250 EUR
Vibe P1,380 EUR
A6010 Plus,160 EUR
A6010,150 EUR
Vibe P1m,110 EUR
Vibe S1,270 EUR
ZUK Z1,320 EUR
A2010,70 EUR
A616,50 EUR
A3900,70 EUR
K80,280 EUR
S60,280 EUR
A6000 Plus,110 EUR
A1900,60 EUR
K3 Note,150 EUR
Vibe Shot,300 EUR
A7000 Plus,190 EUR
A7000,150 EUR
A5000,150 EUR
Tab 2 A10-70,180 EUR
Tab 2 A8-50,120 EUR
P70,240 EUR
Tab 2 A7-30,110 EUR
Tab 2 A7-20,100 EUR
Tab 2 A7-10,90 EUR
A6000,100 EUR
P90,450 EUR
Vibe X2 Pro,330 EUR
K3,80 EUR
Golden Warrior Note 8,160 EUR
A916,160 EUR
A319,70 EUR
S856,210 EUR
S580,170 EUR
S90 Sisley,260 EUR
A606,120 EUR
Yoga Tablet 2 Pro,410 EUR
Yoga Tablet 2 10.1,300 EUR
Yoga Tablet 2 8.0 ,230 EUR
Tab S8,150 EUR
Vibe X2,270 EUR
Vibe Z2,430 EUR
A850+,160 EUR
Vibe Z2 Pro,430 EUR
Golden Warrior A8,150 EUR
Golden Warrior S8,150 EUR
S939,180 EUR
S750,150 EUR
A889,120 EUR
A680,110 EUR
A316i,50 EUR
A328,90 EUR
A536,100 EUR
A526,70 EUR
A10-70 A7600,190 EUR
A8-50 A5500,140 EUR
A7-50 A3500,120 EUR
A7-30 A3300,80 EUR
Yoga Tablet 10 HD+,260 EUR
S860,250 EUR
S850,200 EUR
S660,170 EUR
A880,130 EUR
A859,140 EUR
S930,220 EUR
S650,270 EUR
Vibe Z K910,480 EUR
Yoga Tablet 10,220 EUR
Yoga Tablet 8,190 EUR
A630,80 EUR
A516,110 EUR
Vibe X S960,420 EUR
S5000,130 EUR
A850,150 EUR
A706,150 EUR
P780,190 EUR
S820,230 EUR
A390,70 EUR
A369i,70 EUR
A269i,70 EUR
S920,250 EUR
IdeaTab S6000H,300 EUR
IdeaTab S6000F,220 EUR
IdeaTab S6000L,190 EUR
IdeaTab A3000,180 EUR
IdeaTab A1000,150 EUR
K900,360 EUR
S890,230 EUR
IdeaTab A2107,150 EUR
A830,140 EUR
A820,110 EUR
A800,120 EUR
A789,150 EUR
A690,90 EUR
S720,230 EUR
P770,140 EUR
A60+,70 EUR
S560,180 EUR
S880,280 EUR
A660,190 EUR
K860,290 EUR
P700i,140 EUR
A65,90 EUR
A335,40 EUR
A185,40 EUR
S800,160 EUR
Q350,60 EUR
Q330,30 EUR
A336,40 EUR
E156,30 EUR
LePhone S2,370 EUR
A60,120 EUR
K800,190 EUR
IdeaPad A1,170 EUR
IdeaPad K1,330 EUR
ideapad,130 EUR
Ultra Tab,320 EUR
W41 Pro,180 EUR
W41+,170 EUR
W41,160 EUR
W31+,140 EUR
W31,130 EUR
W11,110 EUR
K92 5G,340 EUR
K62,290 EUR
Q52,240 EUR
K52,220 EUR
K42,140 EUR
Wing 5G,850 EUR
K22,140 EUR
Q92 5G,360 EUR
Q31,150 EUR
K31,130 EUR
Velvet 5G UW,590 EUR
Q61,270 EUR
Stylo 6,200 EUR
Velvet,360 EUR
Velvet 5G,470 EUR
Folder 2,150 EUR
V60 ThinQ 5G UW,870 EUR
V60 ThinQ 5G,700 EUR
Q51,240 EUR
W10 Alpha,130 EUR
K61,300 EUR
K51S,200 EUR
K41S,220 EUR
G Pad 5 10.1,340 EUR
V50S ThinQ 5G,1100 EUR
G8X ThinQ,560 EUR
Q70,320 EUR
K30 (2019),140 EUR
K20 (2019),100 EUR
K40S,160 EUR
K50S,200 EUR
W30 Pro,190 EUR
W30,130 EUR
W10,110 EUR
Stylo 5,200 EUR
V50 ThinQ 5G,550 EUR
G8S ThinQ,480 EUR
G8 ThinQ,350 EUR
Q60,230 EUR
K50,180 EUR
K40,140 EUR
Q9,400 EUR
V40 ThinQ,330 EUR
Watch W7,260 EUR
Tribute Empire,70 EUR
Candy,80 EUR
G7 Fit,200 EUR
G7 One,350 EUR
Q8 (2018),300 EUR
K11 Plus,140 EUR
Q Stylo 4,250 EUR
Q Stylus,300 EUR
V35 ThinQ,350 EUR
Q7,150 EUR
G7 ThinQ,370 EUR
V30S ThinQ,300 EUR
Zone 4,100 EUR
X power 3,180 EUR
K30,160 EUR
K10 (2018),150 EUR
K8 (2018),140 EUR
Aristo 2,70 EUR
X4+,200 EUR
V30,500 EUR
Q8 (2017),200 EUR
Q6,110 EUR
G Pad IV 8.0 FHD,300 EUR
X venture,200 EUR
G6,240 EUR
X power2,180 EUR
Watch Sport,250 EUR
Watch Style,150 EUR
Stylo 3 Plus,170 EUR
Stylus 3,170 EUR
Harmony,90 EUR
K20 plus,160 EUR
K10 (2017),130 EUR
K8 (2017),120 EUR
K7 (2017),100 EUR
K4 (2017),100 EUR
K3 (2017),90 EUR
G Pad III 10.1 FHD,250 EUR
V20,190 EUR
X Skin,180 EUR
X5,160 EUR
X max,200 EUR
X mach,240 EUR
G Pad III 8.0 FHD,300 EUR
G Pad X 8.0,220 EUR
X power,130 EUR
X style,70 EUR
Stylus 2 Plus,180 EUR
Stylo 2,150 EUR
K5,120 EUR
K3,100 EUR
G5 SE,350 EUR
G5,300 EUR
X cam,210 EUR
X screen,130 EUR
K8,120 EUR
Stylus 2,170 EUR
K10,170 EUR
K7,110 EUR
K4,100 EUR
Ray,190 EUR
G Vista 2,190 EUR
G Watch R W110,270 EUR
Watch Urbane W150,240 EUR
Watch Urbane 2nd Edition LTE,270 EUR
V10,250 EUR
Nexus 5X,270 EUR
Zero,190 EUR
G Pad II 10.1,250 EUR
G Pad II 8.0 LTE,300 EUR
Wine Smart,150 EUR
Tribute 2,90 EUR
Bello II,130 EUR
G4 Beat,160 EUR
G360,110 EUR
G350,100 EUR
G4c,150 EUR
G4 Dual,280 EUR
G4,300 EUR
G Stylo,180 EUR
G4 Stylus,250 EUR
AKA,220 EUR
Watch Urbane LTE,320 EUR
G Watch W100,90 EUR
Magna,140 EUR
Spirit,120 EUR
Leon,120 EUR
Joy,90 EUR
G Flex2,270 EUR
Tribute,50 EUR
L Prime,130 EUR
G2 Lite,100 EUR
G3 Dual-LTE,250 EUR
G3 Screen,250 EUR
F60,100 EUR
L60,90 EUR
L60 Dual,90 EUR
G3 Stylus,240 EUR
L Bello,100 EUR
L Fino,110 EUR
G Pad 8.0 LTE,240 EUR
G Vista,270 EUR
G3 A,360 EUR
G Pad 7.0 LTE,190 EUR
L50,100 EUR
L30,60 EUR
L20,50 EUR
G Vista (CDMA),300 EUR
G3 LTE-A,330 EUR
G3 S Dual,210 EUR
G3 S,190 EUR
L65 D280,190 EUR
G3 (CDMA),300 EUR
G3,300 EUR
450,60 EUR
Volt,130 EUR
G Pad 10.1 LTE,270 EUR
G Pad 10.1,260 EUR
G Pad 8.0,220 EUR
G Pad 7.0,160 EUR
L80,150 EUR
L80 Dual,120 EUR
Lucid 3 VS876,220 EUR
L65 Dual D285,150 EUR
G Pad 8.3 LTE,220 EUR
F70 D315,200 EUR
G2 mini LTE (Tegra),240 EUR
G2 mini LTE,180 EUR
G2 mini,160 EUR
L90 Dual D410,290 EUR
L90 D405,170 EUR
L70 D320N,150 EUR
L70 Dual D325,130 EUR
L40 D160,80 EUR
L40 Dual D170,90 EUR
G Pro 2,310 EUR
Optimus L1 II Tri E475,90 EUR
Optimus F3Q,230 EUR
GX F310L,250 EUR
Nexus 5,260 EUR
G Flex,360 EUR
Fireweb,150 EUR
G Pro Lite,250 EUR
G Pro Lite Dual,240 EUR
Optimus L2 II E435,70 EUR
G Pad 8.3,300 EUR
G2,270 EUR
Optimus L9 II,250 EUR
Enact VS890,260 EUR
Optimus GJ E975W,270 EUR
Optimus L4 II Dual E445,110 EUR
Optimus L4 II E440,110 EUR
Optimus Zone VS410,60 EUR
Optimus F3,100 EUR
Lucid2 VS870,270 EUR
Optimus F7,150 EUR
Optimus F6,200 EUR
Optimus F5,220 EUR
Optimus G Pro E985,400 EUR
Optimus L7 II Dual P715,150 EUR
Optimus L7 II P710,180 EUR
Optimus L5 II Dual E455,120 EUR
Optimus L5 II E460,140 EUR
Optimus L3 II Dual E435,90 EUR
Optimus L3 II E430,90 EUR
Optimus L1 II E410,60 EUR
Nexus 4 E960,250 EUR
A390,40 EUR
A395,90 EUR
Tri Chip C333,100 EUR
Spectrum II 4G VS930,170 EUR
Mach LS860,150 EUR
Optimus L9 P769,170 EUR
Optimus Vu II F200,180 EUR
Optimus G E970,250 EUR
Optimus G LS970,480 EUR
Optimus G E975,160 EUR
Intuition VS950,190 EUR
Splendor US730,120 EUR
Escape P870,180 EUR
Optimus L5 Dual E615,110 EUR
Optimus L9 P760,170 EUR
Motion 4G MS770,110 EUR
Optimus Vu P895,210 EUR
Optimus L3 E405,80 EUR
C199,70 EUR
T385,60 EUR
T375 Cookie Smart,70 EUR
Optimus Elite LS696,110 EUR
T370 Cookie Smart,150 EUR
Optimus LTE2,210 EUR
Optimus True HD LTE P936,220 EUR
Xpression C395,70 EUR
Lucid 4G VS840,200 EUR
Optimus M+ MS695,100 EUR
Optimus 4X HD P880,220 EUR
Optimus 3D Max P720,230 EUR
Optimus 3D Cube SU870,210 EUR
Optimus L7 P700,120 EUR
Optimus L5 E610,120 EUR
Optimus Vu F100S,240 EUR
Optimus LTE Tag,130 EUR
Optimus L3 E400,70 EUR
Optimus Pad LTE,160 EUR
Rumor Reflex  LN272,150 EUR
Connect 4G MS840,110 EUR
Viper 4G LTE LS840,140 EUR
Spectrum VS920,130 EUR
X350,80 EUR
Prada 3.0,210 EUR
Nitro HD,170 EUR
Optimus 4G LTE P935,220 EUR
Optimus 2 AS680,90 EUR
Extravert VN271,80 EUR
DoublePlay,70 EUR
Enlighten VS700,70 EUR
S367,60 EUR
Jil Sander Mobile,150 EUR
Optimus Slider,90 EUR
Optimus LTE SU640,120 EUR
Optimus LTE LU6200,140 EUR
Optimus EX SU880,110 EUR
Optimus Q2 LU6500,120 EUR
Optimus Hub E510,80 EUR
Optimus Sol E730,110 EUR
Optimus Net Dual,80 EUR
Optimus Net,80 EUR
Esteem MS910,150 EUR
Marquee LS855,90 EUR
Optimus Black (White version),140 EUR
Optimus Pro C660,70 EUR
S365,60 EUR
A350,70 EUR
A258,80 EUR
A250,80 EUR
A270,20 EUR
A290,60 EUR
A230,40 EUR
A190,40 EUR
A200,60 EUR
T515 Cookie Duo,60 EUR
T505,70 EUR
EGO T500,70 EUR
EGO Wi-Fi,70 EUR
C375 Cookie Tweet,70 EUR
C360,80 EUR
A100,30 EUR
Optimus Big LU6800,210 EUR
Cosmos 2,90 EUR
US760 Genesis,100 EUR
Phoenix P505,140 EUR
Thrive P506,70 EUR
Thrill 4G P925,230 EUR
T315,80 EUR
Optimus 3D P920,190 EUR
Optimus Pad V900,190 EUR
A180,70 EUR
A165,50 EUR
A160,50 EUR
Optimus Chat C550,40 EUR
A140,40 EUR
Optimus Me P350,80 EUR
Optimus Black P970,110 EUR
Optimus 2X SU660,150 EUR
Optimus 2X,150 EUR
Optimus Mach LU3000,130 EUR
Revolution,80 EUR
X335,80 EUR
C310,70 EUR
Cookie WiFi T310i,40 EUR
GU200,40 EUR
A120,40 EUR
A155,70 EUR
S310,80 EUR
P525,110 EUR
P520,50 EUR
Axis,70 EUR
C320 InTouch Lady,70 EUR
GT550 Encore,60 EUR
GS390 Prime,70 EUR
Quantum,80 EUR
E900 Optimus 7,120 EUR
Town C300,50 EUR
Optimus Chic E720,100 EUR
Optimus M,60 EUR
Octane,60 EUR
Optimus S,50 EUR
Optimus T,110 EUR
Optimus One P500,100 EUR
GW910,120 EUR
GW370 Rumour Plus,40 EUR
GD550 Pure,50 EUR
KS365,30 EUR
Flick T320,50 EUR
Cookie 3G T320,50 EUR
Wink 3G T320,50 EUR
Cookie Style T310,60 EUR
Wink Style T310,60 EUR
Cookie Lite T300,60 EUR
C105,60 EUR
GX300,70 EUR
GM360 Viewty Snap,70 EUR
Fathom VS750,40 EUR
Vu Plus,100 EUR
GT400 Viewty Smile,60 EUR
KM570 Cookie Gig,60 EUR
Optimus Q LU2300,70 EUR
GX500,110 EUR
GT950 Arena,110 EUR
GS155,30 EUR
KP108,30 EUR
GD350,70 EUR
KH5200 Andro-1,180 EUR
GT540 Optimus,70 EUR
GT405,70 EUR
GS290 Cookie Fresh,60 EUR
GS500 Cookie Plus,90 EUR
GX200,90 EUR
KF305,70 EUR
GW880,180 EUR
GD880 Mini,120 EUR
Town GT350,90 EUR
KU2100,110 EUR
GD580 Lollipop,70 EUR
GS200,50 EUR
GW820 eXpo,90 EUR
GU230 Dimsun,50 EUR
GD710 Shine II,80 EUR
GB160,70 EUR
GU285,60 EUR
KM555E,80 EUR
GD310 ,90 EUR
GD510 Pop,80 EUR
BL20 New Chocolate,70 EUR
CF360,70 EUR
GW620,90 EUR
GM750,290 EUR
BL40 New Chocolate,100 EUR
GW300,70 EUR
GB270,40 EUR
GB190,60 EUR
GB109,30 EUR
GW550,70 EUR
GT500 Puccini,90 EUR
GT505,100 EUR
GW520,100 EUR
GD900 Crystal,130 EUR
GC900 Viewty Smart,100 EUR
GB230 Julia,50 EUR
GD330,90 EUR
KS660,70 EUR
GB125,40 EUR
Xenon GR500,80 EUR
GB210,40 EUR
GM200 Brio,50 EUR
KC560,120 EUR
KM900 Arena,90 EUR
GM730 Eigen,110 EUR
KC910i Renoir,140 EUR
GB250,110 EUR
GB220,50 EUR
GB102,30 EUR
GB130,40 EUR
GM310,100 EUR
GM210,50 EUR
KM330,70 EUR
GB110,30 EUR
GB106,60 EUR
GD910,290 EUR
CT810 Incite,70 EUR
KP152,60 EUR
KS500,70 EUR
KF900 Prada,140 EUR
KC780,140 EUR
KP500 Cookie,60 EUR
KP501 Cookie,80 EUR
KP502 Cookie,110 EUR
KB770,150 EUR
KC910 Renoir,130 EUR
KP270,150 EUR
CB630 Invision,80 EUR
CP150,40 EUR
KP265,50 EUR
KP260,60 EUR
KP199,50 EUR
KP170,20 EUR
GT365 Neon,70 EUR
KS360,70 EUR
KF390,60 EUR
KF350,90 EUR
KF240,60 EUR
U370,40 EUR
HB620T,70 EUR
KC550,90 EUR
KF757 Secret,110 EUR
KF750 Secret,100 EUR
KF755 Secret,100 EUR
CU915 Vu,100 EUR
KF700,130 EUR
KF600,70 EUR
KF510,70 EUR
KP320,70 EUR
KT610,100 EUR
KT520,70 EUR
KM710,90 EUR
MG295,70 EUR
KF310,60 EUR
KF300,80 EUR
KM500,70 EUR
KM386,60 EUR
KM380,70 EUR
KG375,90 EUR
KP235,50 EUR
KP220,50 EUR
KP215,70 EUR
KP210,60 EUR
KP130,20 EUR
KP110,40 EUR
KP105,40 EUR
KP100,40 EUR
KU380,60 EUR
U960,70 EUR
KG290,60 EUR
KG288,40 EUR
KS20,100 EUR
KU990 Viewty,100 EUR
KE990 Viewty,100 EUR
KE590,90 EUR
KE500,60 EUR
KG280,80 EUR
KG275,50 EUR
MG160,50 EUR
KU580,70 EUR
KE850 Prada,60 EUR
KE970 Shine,70 EUR
KU970 Shine,80 EUR
KE770 Shine,70 EUR
CU720 Shine,70 EUR
KU950,90 EUR
KS10,100 EUR
KU311,90 EUR
Trax CU575,80 EUR
CU500V,40 EUR
CU515,90 EUR
CE110,60 EUR
KU250,70 EUR
KE260,110 EUR
KE800,140 EUR
KE820,110 EUR
KU800,130 EUR
U830,160 EUR
KP200,50 EUR
KP202,70 EUR
CU500,70 EUR
U310,120 EUR
KG800,110 EUR
KG810,120 EUR
KE600,120 EUR
KG320,110 EUR
CG180,40 EUR
KG300,110 EUR
KG270,50 EUR
KG200,70 EUR
KG195,70 EUR
KG920,190 EUR
KG245,130 EUR
KG240,90 EUR
KG225,80 EUR
KG220,70 EUR
KG210,50 EUR
KG130,50 EUR
C210,99
G310,170 EUR
150 (2023),165
130 (2023),20 EUR
G42,624
C300,46
C110,100 EUR
110 4G (2023),25
110 (2023),70 EUR
106 4G (2023),30 EUR
106 (2023),80 EUR
105 4G (2023),40 EUR
105 (2023),70 EUR
XR21,89
C12 Plus,90 EUR
C12 Pro,80 EUR
C32,540
C22,69
G22,80
C12,162
2780 Flip,99
X30,00
G100,96
G60,00
C31,84
T21,240 EUR
G400,78
110 (2022),20 EUR
8210 4G,839
5710 XpressAudio,850
2760 Flip,60 EUR
2660 Flip,999
T10,160 EUR
G11 Plus,130 EUR
C200,60 EUR
C100,60
C21 Plus,499
C21,70 EUR
105+ (2022),20 EUR
105 (2022),20 EUR
C2 2nd Edition,240 EUR
G11,279
G21,900
X100,220 EUR
G300,100 EUR
T20,200 EUR
G50,180 EUR
XR20,00
C30,100 EUR
6310 (2021),439
C1 2nd Edition,50 EUR
110 4G,50 EUR
105 4G,40 EUR
C20 Plus,90 EUR
C01 Plus,90 EUR
X20,00
X10,150 EUR
G20,90 EUR
G10,00
C20,80 EUR
C10,80 EUR
1.4,90 EUR
5.4,90 EUR
C1 Plus,70 EUR
8000 4G,110 EUR
6300 4G,80 EUR
8 V 5G UW,590 EUR
2 V Tella,140 EUR
225 4G,60 EUR
215 4G,40 EUR
3.4,100 EUR
2.4,240 EUR
C3,130 EUR
C5 Endi,150 EUR
C2 Tennen,60 EUR
C2 Tava,100 EUR
150 (2020),30 EUR
125,20 EUR
8.3 5G,470 EUR
5.3,290 EUR
1.3,170 EUR
5310 (2020),70 EUR
C1,50 EUR
2.3,120 EUR
7.2,240 EUR
6.2,180 EUR
800 Tough,300 EUR
2720 V Flip,70 EUR
2720 Flip,140 EUR
220 4G,40 EUR
110 (2019),20 EUR
105 (2019),10 EUR
2.2,100 EUR
X71,290 EUR
9 PureView,210 EUR
4.2,130 EUR
3 V,140 EUR
3.2,140 EUR
1 Plus,80 EUR
210,30 EUR
8.1 (Nokia X7),390 EUR
106 (2018),20 EUR
3.1 Plus,120 EUR
7.1,240 EUR
6.1 Plus (Nokia X6),160 EUR
5.1 Plus (Nokia X5),190 EUR
5.1,240 EUR
3.1,200 EUR
2.1,100 EUR
8110 4G,140 EUR
8 Sirocco,1010 EUR
7 plus,490 EUR
6.1,220 EUR
1,100 EUR
3310 4G,100 EUR
2,110 EUR
7,220 EUR
3310 3G,70 EUR
8,300 EUR
105 (2017),20 EUR
130 (2017),30 EUR
3,100 EUR
5,170 EUR
6,400 EUR
3310 (2017),60 EUR
150,30 EUR
216,40 EUR
230 Dual SIM,70 EUR
230,70 EUR
222 Dual SIM,40 EUR
222,40 EUR
105 Dual SIM (2015),20 EUR
105 (2015),20 EUR
215,30 EUR
215 Dual SIM,30 EUR
Lumia 638,100 EUR
N1,320 EUR
Lumia 730 Dual SIM,170 EUR
Lumia 735,220 EUR
Lumia 830,330 EUR
130 Dual SIM,20 EUR
130,20 EUR
Lumia 530 Dual SIM,100 EUR
Lumia 530,100 EUR
X2 Dual SIM,90 EUR
225,50 EUR
225 Dual SIM,50 EUR
Lumia 930,370 EUR
Lumia 635,110 EUR
Lumia 630 Dual SIM,140 EUR
Lumia 630,110 EUR
XL,100 EUR
X+,120 EUR
X,100 EUR
Asha 230,60 EUR
220,40 EUR
Lumia Icon,400 EUR
Lumia 525,120 EUR
Lumia 1520,350 EUR
Lumia 1320,210 EUR
Lumia 2520,360 EUR
Asha 503 Dual SIM,100 EUR
Asha 503,90 EUR
Asha 502 Dual SIM,80 EUR
Asha 500 Dual SIM,60 EUR
Asha 500,60 EUR
108 Dual SIM,30 EUR
515,140 EUR
107 Dual SIM,20 EUR
106,20 EUR
Lumia 625,160 EUR
Lumia 1020,400 EUR
208,60 EUR
207,60 EUR
Lumia 925,260 EUR
Lumia 928,380 EUR
Asha 501,80 EUR
Asha 210,50 EUR
Lumia 720,200 EUR
Lumia 520,70 EUR
301,70 EUR
105,20 EUR
Asha 310,80 EUR
Lumia 505,140 EUR
Lumia 620,120 EUR
114,30 EUR
206,70 EUR
Asha 205,50 EUR
109,40 EUR
Lumia 822,320 EUR
Lumia 510,110 EUR
Lumia 810,250 EUR
Asha 309,90 EUR
Asha 308,70 EUR
Lumia 920,210 EUR
Lumia 820,170 EUR
Asha 311,80 EUR
Asha 306,70 EUR
Asha 305,70 EUR
113,70 EUR
112,80 EUR
111,50 EUR
110,40 EUR
Lumia 610 NFC,110 EUR
103,10 EUR
808 PureView,280 EUR
800c,170 EUR
Lumia 610,90 EUR
Asha 302,80 EUR
Asha 203,80 EUR
Asha 202,70 EUR
Lumia 900,160 EUR
Lumia 900 AT&T,160 EUR
801T,220 EUR
X2-02,60 EUR
Lumia 800,140 EUR
Lumia 710 T-Mobile,130 EUR
Lumia 710,100 EUR
Asha 303,110 EUR
Asha 300,70 EUR
Asha 201,50 EUR
Asha 200,50 EUR
603,100 EUR
C2-05,60 EUR
X2-05,90 EUR
C5-06,90 EUR
C5-05,80 EUR
C5-04,100 EUR
101,40 EUR
100,50 EUR
701,150 EUR
700,140 EUR
600,240 EUR
C3-01 Gold Edition,180 EUR
500,110 EUR
N9,140 EUR
C5 5MP,110 EUR
C2-06,110 EUR
C2-03,70 EUR
C2-02,70 EUR
702T,180 EUR
T7,240 EUR
Oro,230 EUR
X1-01,30 EUR
X7-00,180 EUR
E6,140 EUR
C7 Astound,220 EUR
X1-00,40 EUR
X2-01,50 EUR
C2-01,70 EUR
C5-03,100 EUR
E7,150 EUR
C6-01,170 EUR
C7,150 EUR
C3-01 Touch and Type,70 EUR
5250,60 EUR
X3-02 Touch and Type,80 EUR
X6 8GB (2010),70 EUR
X5-01,120 EUR
5233,100 EUR
E73 Mode,120 EUR
C2-00,50 EUR
C1-02,40 EUR
C1-01,50 EUR
C1-00,30 EUR
N8,140 EUR
X2-00,40 EUR
C6,120 EUR
E5,90 EUR
C3 (2010),90 EUR
C5,110 EUR
6303i classic,80 EUR
5132 XpressMusic,70 EUR
X6 16GB (2010),130 EUR
2710 Navigation Edition,90 EUR
X6 (2009),130 EUR
6700 slide,90 EUR
7230,80 EUR
5330 Mobile TV Edition,140 EUR
2690,50 EUR
2220 slide,50 EUR
1800,30 EUR
1616,20 EUR
1280,20 EUR
5235 Comes With Music,120 EUR
6788,130 EUR
N97 mini,120 EUR
X3,90 EUR
N900,160 EUR
5230,80 EUR
5800 Navigation Edition,180 EUR
6350,70 EUR
Mural,100 EUR
6760 slide,110 EUR
6790 Surge,90 EUR
3720 classic,110 EUR
5530 XpressMusic,100 EUR
E72,90 EUR
3710 fold,80 EUR
6730 classic,130 EUR
6600i slide,120 EUR
7020,70 EUR
2720 fold,40 EUR
2730 classic,40 EUR
E52,110 EUR
6216 classic,150 EUR
5730 XpressMusic,150 EUR
5330 XpressMusic,120 EUR
5030 XpressRadio,60 EUR
N86 8MP,180 EUR
E75,130 EUR
E55,150 EUR
6720 classic,90 EUR
6710 Navigator,140 EUR
5630 XpressMusic,120 EUR
6700 classic,110 EUR
6303 classic,120 EUR
2700 classic,50 EUR
6208c,150 EUR
8800 Gold Arte,1070 EUR
N97,140 EUR
6260 slide,150 EUR
E63,120 EUR
7100 Supernova,70 EUR
5130 XpressMusic,60 EUR
2330 classic,50 EUR
2323 classic,40 EUR
1662,30 EUR
1661,30 EUR
1202,20 EUR
5800 XpressMusic,130 EUR
N85,250 EUR
N79,180 EUR
8800 Carbon Arte,840 EUR
3610 fold,100 EUR
7610 Supernova,100 EUR
7510 Supernova,130 EUR
7310 Supernova,110 EUR
7210 Supernova,90 EUR
E71,110 EUR
E66,180 EUR
6600 fold,160 EUR
6600 slide,150 EUR
3600 slide,120 EUR
5320 XpressMusic,130 EUR
5220 XpressMusic,110 EUR
6212 classic,190 EUR
5000,70 EUR
7070 Prism,50 EUR
2680 slide,70 EUR
1680 classic,40 EUR
6300i,120 EUR
N96,220 EUR
N78,170 EUR
6220 classic,160 EUR
6210 Navigator,150 EUR
6124 classic,140 EUR
6650 fold,80 EUR
3555,50 EUR
3120 classic,100 EUR
7900 Crystal Prism,170 EUR
2600 classic,60 EUR
1209,40 EUR
3110 Evolve,100 EUR
N82,170 EUR
8800 Sapphire Arte,720 EUR
8800 Arte,610 EUR
6301,130 EUR
E51,120 EUR
E51 camera-free,130 EUR
6263,70 EUR
N81 8GB,200 EUR
N81,200 EUR
N95 8GB,230 EUR
5610 XpressMusic,110 EUR
5310 XpressMusic,100 EUR
6555,80 EUR
7900 Prism,170 EUR
7500 Prism,120 EUR
8600 Luna,290 EUR
6500 slide,140 EUR
6500 classic,150 EUR
3500 classic,70 EUR
2630,60 EUR
6267,160 EUR
2760,60 EUR
2660,40 EUR
1650,40 EUR
1208,30 EUR
1200,30 EUR
6120 classic,100 EUR
6121 classic,180 EUR
5700,180 EUR
5070,50 EUR
E90,400 EUR
E65,130 EUR
E61i,200 EUR
N77,150 EUR
6110 Navigator,230 EUR
3109 classic,90 EUR
3110 classic,100 EUR
N76,180 EUR
N93i,340 EUR
6290,190 EUR
6086,130 EUR
6300,70 EUR
2626,50 EUR
N95,210 EUR
N75,260 EUR
5300,100 EUR
5200,80 EUR
6288,140 EUR
6085,80 EUR
8800 Sirocco,500 EUR
7390,210 EUR
7373,150 EUR
6151,120 EUR
6080,70 EUR
1110i,40 EUR
E50,150 EUR
5500 Sport,200 EUR
N93,440 EUR
N73,100 EUR
N72,150 EUR
2610,50 EUR
2310,60 EUR
1112,50 EUR
6136,110 EUR
6133,130 EUR
6131 NFC,250 EUR
6131,120 EUR
6126,120 EUR
6070,90 EUR
6125,130 EUR
6103,100 EUR
6233,150 EUR
6234,140 EUR
6282,110 EUR
9300i,250 EUR
N92,420 EUR
N80,240 EUR
N71,270 EUR
7380,260 EUR
7370,150 EUR
7360,120 EUR
E70,230 EUR
E62,200 EUR
E61,230 EUR
E60,190 EUR
3250,160 EUR
6708,230 EUR
6280,150 EUR
6270,140 EUR
6111,110 EUR
6060,60 EUR
N91,230 EUR
N90,250 EUR
N70,110 EUR
2652,70 EUR
1600,50 EUR
1110,40 EUR
1101,40 EUR
5140i,190 EUR
8800,330 EUR
6021,100 EUR
6030,50 EUR
6680,230 EUR
3230,100 EUR
9500,430 EUR
G,140 EUR
Galaxy S24 Ultra,999
Galaxy S24+,500
Galaxy S24,999
Galaxy Xcover7,42
Galaxy Tab Active5,480 EUR
Galaxy A25,890
Galaxy A15 5G,390
Galaxy A15,00
Galaxy Tab A9,180 EUR
Galaxy S23 FE,279
Galaxy Tab S9 FE+,700 EUR
Galaxy Tab S9 FE,530 EUR
Galaxy A05s,390
Galaxy A05,498
Galaxy F34,999
Galaxy Z Fold5,999
Galaxy Z Flip5,998
Galaxy Tab S9 Ultra,1200 EUR
Galaxy Tab S9+,1000 EUR
Galaxy Tab S9,750 EUR
Galaxy Watch6 Classic,99
Galaxy Watch6,00
Galaxy M34 5G,999
Galaxy F54,600
Galaxy A24 4G,00
Galaxy F14,000
Galaxy M54,190 EUR
Galaxy A54,600
Galaxy A34,600
Galaxy M14,490
Galaxy S23 Ultra,998
Galaxy S23+,00
Galaxy S23,359
Galaxy A14,898
Galaxy A14 5G,990
Galaxy F04,744
Galaxy M04,869
Galaxy Tab A7 10.4 (2022),250 EUR
Galaxy A04e,999
Galaxy Tab Active4 Pro,830 EUR
Galaxy A04s,198
Galaxy A04,999
Galaxy Z Fold4,499
Galaxy Z Flip4,990
Galaxy Watch5 Pro,00
Galaxy Watch5,92
Galaxy A23 5G,297
Galaxy M13 5G,990
Galaxy M13 (India),699
Galaxy A13 (SM-A137),00
Galaxy Xcover6 Pro,00
Galaxy F13,199
Galaxy M13,99
Galaxy Tab S6 Lite (2022),400 EUR
Galaxy M53,999
Galaxy S20 FE 2022,520 EUR
Galaxy A73 5G,00
Galaxy A53 5G,999
Galaxy A33 5G,990
Galaxy F23,399
Galaxy M33,949
Galaxy M23,68
Galaxy A23,999
Galaxy A13,198
Galaxy S22 Ultra 5G,999
Galaxy S22+ 5G,99
Galaxy S22 5G,998
Galaxy Tab S8 Ultra,1150 EUR
Galaxy Tab S8+,950 EUR
Galaxy Tab S8,940 EUR
Galaxy S21 FE 5G,850
Galaxy Tab A8 10.5 (2021),230 EUR
Galaxy A13 5G,61
Galaxy A03,999
Galaxy A03 Core,899
Galaxy F42 5G,240 EUR
Galaxy M52 5G,990
Galaxy M22,160 EUR
Galaxy M32 5G,220 EUR
Galaxy A03s,999
Galaxy A52s 5G,00
Galaxy Z Fold3 5G,999
Galaxy Z Flip3 5G,999
Galaxy Watch4 Classic,28
Galaxy Watch4,82
Galaxy A12 (India),160 EUR
Galaxy A12 Nacho,99
Galaxy M21 2021,130 EUR
Galaxy F22,170 EUR
Galaxy M32,999
Galaxy A22 5G,00
Galaxy A22,999
Galaxy Tab A7 Lite,95
Galaxy Tab S7 FE,650 EUR
Galaxy F52 5G,260 EUR
Galaxy M42 5G,220 EUR
Galaxy M12,99
Galaxy Quantum 2,520 EUR
Galaxy F12,130 EUR
Galaxy F02s,100 EUR
Galaxy A72,250
Galaxy A52 5G,21
Galaxy A52,799
Galaxy Xcover 5,50
Galaxy A32,99
Galaxy F62,270 EUR
Galaxy M12 (India),130 EUR
Galaxy S21 Ultra 5G,499
Galaxy S21+ 5G,690
Galaxy S21 5G,36
Galaxy A32 5G,99
Galaxy M02s,100 EUR
Galaxy A12,199
Galaxy M02,80 EUR
Galaxy A02,99
Galaxy A02s,00
Galaxy M21s,230 EUR
Galaxy M31 Prime,190 EUR
Galaxy F41,200 EUR
Galaxy Tab Active3,600 EUR
Galaxy S20 FE 5G,997
Galaxy S20 FE,390 EUR
Galaxy A42 5G,89
Galaxy Tab A7 10.4 (2020),240 EUR
Galaxy M51,470 EUR
Galaxy A51 5G UW,470 EUR
Galaxy Z Fold2 5G,960 EUR
Galaxy Note20 Ultra 5G,00
Galaxy Note20 Ultra,1250 EUR
Galaxy Note20 5G,99
Galaxy Note20,00
Galaxy Watch3,47
Galaxy Tab S7+,900 EUR
Galaxy Tab S7,700 EUR
Galaxy Z Flip 5G,800 EUR
Galaxy M31s,300 EUR
Galaxy M01s,110 EUR
Galaxy M01 Core,60 EUR
Galaxy A01 Core,150 EUR
Galaxy M01,110 EUR
Galaxy A21s,220 EUR
Galaxy J2 Core (2020),130 EUR
Galaxy A Quantum,500 EUR
Galaxy A71 5G,00
Galaxy A51 5G,90
Galaxy A21,39
Galaxy Tab A 8.4 (2020),240 EUR
Galaxy Tab S6 Lite,380 EUR
Galaxy M11,999
Galaxy A31,99
Galaxy A41,290 EUR
Galaxy M21,190 EUR
Galaxy A11,160 EUR
Galaxy M31,310 EUR
Galaxy S20 Ultra 5G,99
Galaxy S20 Ultra,690 EUR
Galaxy S20+ 5G,00
Galaxy S20+,00
Galaxy S20 5G UW,880 EUR
Galaxy S20 5G,22
Galaxy S20,999
Galaxy Z Flip,770 EUR
Galaxy Tab S6 5G,800 EUR
Galaxy Xcover Pro,99
Galaxy Note10 Lite,550 EUR
Galaxy S10 Lite,380 EUR
Galaxy A01,200 EUR
Galaxy A71,00
Galaxy A51,00
Galaxy Xcover FieldPro,1020 EUR
Galaxy A70s,380 EUR
Galaxy A20s,250 EUR
Galaxy M30s,260 EUR
Galaxy M10s,110 EUR
Galaxy Fold 5G,1400 EUR
Galaxy Fold,1750 EUR
Galaxy Tab Active Pro,600 EUR
Galaxy A90 5G,400 EUR
Galaxy A30s,260 EUR
Galaxy A50s,290 EUR
Galaxy Note10+ 5G,700 EUR
Galaxy Note10+,900
Galaxy Note10 5G,1100 EUR
Galaxy Note10,590 EUR
Galaxy Watch Active2,80 EUR
Galaxy Watch Active2 Aluminum,300 EUR
Galaxy A10s,180 EUR
Galaxy A10e,80 EUR
Galaxy Tab S6,600 EUR
Galaxy Tab A 8.0 (2019),130 EUR
Galaxy Xcover 4s,260 EUR
Galaxy A2 Core,120 EUR
Galaxy Watch Active,210 EUR
Galaxy View2,660 EUR
Galaxy S10 5G,380 EUR
Galaxy S10+,99
Galaxy S10,99
Galaxy S10e,00
Galaxy M40,200 EUR
Galaxy M30,260 EUR
Galaxy M20,400 EUR
Galaxy M10,240 EUR
Galaxy A80,380 EUR
Galaxy A70,90 EUR
Galaxy A60,290 EUR
Galaxy A50,270 EUR
Galaxy A40,260 EUR
Galaxy A30,110 EUR
Galaxy A20e,200 EUR
Galaxy A20,99
Galaxy A10,160 EUR
Galaxy Tab S5e,410 EUR
Galaxy Tab A 10.1 (2019),220 EUR
Galaxy Tab Advanced2,200 EUR
Galaxy Tab A 8.0 (2018),200 EUR
Galaxy Tab S4 10.5,520 EUR
Galaxy Tab A 10.5,250 EUR
Galaxy A8s,400 EUR
Galaxy A6s,300 EUR
Galaxy A9 (2018),550 EUR
Galaxy A7 (2018),310 EUR
Galaxy Note9,430 EUR
Galaxy Watch,220 EUR
Galaxy J6+,200 EUR
Galaxy J4 Core,150 EUR
Galaxy J4+,220 EUR
Galaxy J2 Core,120 EUR
Galaxy On6,100 EUR
Galaxy J7 (2018),200 EUR
Galaxy J3 (2018),150 EUR
Galaxy A8 Star (A9 Star),350 EUR
Galaxy S Light Luxury,400 EUR
Galaxy J8,310 EUR
Galaxy J6,180 EUR
Galaxy J4,140 EUR
Galaxy A6+ (2018),230 EUR
Galaxy A6 (2018),220 EUR
Galaxy J7 Duo,240 EUR
Galaxy J7 Prime 2,170 EUR
Galaxy S9+,99
Galaxy S9,00
Galaxy J2 Pro (2018),120 EUR
Galaxy A8+ (2018),300 EUR
Galaxy A8 (2018),250 EUR
Galaxy J2 (2017),120 EUR
Galaxy Tab Active 2,390 EUR
Galaxy Tab A 8.0 (2017),200 EUR
Galaxy C7 (2017),230 EUR
Gear Sport,200 EUR
Galaxy Note8,500 EUR
Galaxy S8 Active,550 EUR
Galaxy J7 V,210 EUR
Galaxy Note FE,500 EUR
Galaxy J7 Max,170 EUR
Galaxy J7 (2017),200 EUR
Galaxy J7 Pro,200 EUR
Galaxy J5 (2017),130 EUR
Galaxy J3 (2017),110 EUR
Galaxy Folder2,200 EUR
Z4,80 EUR
Galaxy S8,230 EUR
Galaxy S8+,430 EUR
Gear S3 classic LTE,330 EUR
Galaxy C5 Pro,220 EUR
Galaxy Xcover 4,240 EUR
Galaxy Tab S3 9.7,380 EUR
Galaxy J1 mini prime,110 EUR
Galaxy J3 Emerge,200 EUR
Galaxy C7 Pro,300 EUR
Galaxy A7 (2017),280 EUR
Galaxy A5 (2017),190 EUR
Galaxy A3 (2017),220 EUR
Galaxy Grand Prime Plus,140 EUR
Galaxy J2 Prime,130 EUR
Galaxy C9 Pro,380 EUR
Galaxy A8 (2016),300 EUR
Galaxy On8,200 EUR
Galaxy On7 (2016),200 EUR
Gear S3 classic,260 EUR
Gear S3 frontier,210 EUR
Gear S3 frontier LTE,300 EUR
Galaxy J5 Prime,120 EUR
Galaxy J7 Prime,210 EUR
Z2,80 EUR
Galaxy Note7 (USA),760 EUR
Galaxy Note7,850 EUR
Galaxy On7 Pro,150 EUR
Galaxy On5 Pro,120 EUR
Galaxy J Max,150 EUR
Galaxy J2 Pro (2016),140 EUR
Galaxy J2 (2016),120 EUR
Z3 Corporate,200 EUR
Galaxy Xcover 3 G389F,200 EUR
Galaxy S7 active,360 EUR
Galaxy J3 Pro,130 EUR
Galaxy C7,250 EUR
Galaxy C5,220 EUR
Galaxy A9 Pro (2016),300 EUR
Galaxy J7 (2016),230 EUR
Galaxy J5 (2016),190 EUR
Galaxy Tab A 10.1 (2016),220 EUR
Galaxy Tab A 7.0 (2016),130 EUR
Galaxy S7,190 EUR
Galaxy S7 edge,330 EUR
Galaxy S7 edge (USA),350 EUR
Galaxy S7 (USA),320 EUR
Galaxy J1 Nxt,90 EUR
Gear S2 classic 3G,250 EUR
Galaxy Tab E 8.0,180 EUR
Galaxy J1 (2016),130 EUR
Galaxy A9 (2016),200 EUR
Galaxy A7 (2016),190 EUR
Galaxy A5 (2016),160 EUR
Galaxy A3 (2016),130 EUR
Galaxy Express Prime,110 EUR
Galaxy J3 (2016),120 EUR
Galaxy View,500 EUR
Galaxy On7,180 EUR
Galaxy On5,140 EUR
Z3,110 EUR
Galaxy J1 Ace,140 EUR
Gear S2 classic,200 EUR
Gear S2,170 EUR
Gear S2 3G,250 EUR
Galaxy Note5 (USA),450 EUR
Galaxy Note5,450 EUR
Galaxy Note5 Duos,450 EUR
Galaxy S6 edge+ (USA),500 EUR
Galaxy S6 edge+,450 EUR
Galaxy S6 edge+ Duos,450 EUR
Galaxy S5 Neo,300 EUR
Galaxy S4 mini I9195I,190 EUR
Galaxy Folder,250 EUR
Galaxy Tab S2 9.7,270 EUR
Galaxy Tab S2 8.0,290 EUR
Galaxy A8 Duos,280 EUR
Galaxy A8,250 EUR
Galaxy V Plus,70 EUR
Galaxy J7 Nxt,180 EUR
Galaxy J7,200 EUR
Galaxy J5,160 EUR
Galaxy Tab 4 10.1 (2015),280 EUR
Galaxy Tab E 9.6,200 EUR
Guru Plus ,20 EUR
Metro 360,50 EUR
Xcover 550,110 EUR
Galaxy S6 active,350 EUR
Galaxy Tab 3 V,130 EUR
Galaxy Tab A 9.7 & S Pen,340 EUR
Galaxy Tab A 9.7,250 EUR
Galaxy Tab A 8.0 & S Pen (2015),220 EUR
Galaxy Tab A 8.0 (2015),210 EUR
Galaxy Xcover 3,220 EUR
Galaxy S6 edge (USA),450 EUR
Galaxy S6 (USA),410 EUR
Galaxy S6 edge,280 EUR
Galaxy S6 Duos,400 EUR
Galaxy S6,240 EUR
Galaxy J1 4G,120 EUR
Galaxy J2,150 EUR
Galaxy J1,110 EUR
Galaxy Tab 3 Lite 7.0 VE,120 EUR
Z1,80 EUR
Galaxy A7 Duos,300 EUR
Galaxy A7,300 EUR
Galaxy Grand Max,260 EUR
Galaxy E7,230 EUR
Galaxy E5,200 EUR
Galaxy Core Prime,150 EUR
Galaxy A5 Duos,290 EUR
Galaxy A5,360 EUR
Galaxy A3 Duos,230 EUR
Galaxy A3,190 EUR
Galaxy S5 Plus,380 EUR
Galaxy Pocket 2,100 EUR
Galaxy V,80 EUR
Galaxy Grand Prime Duos TV,150 EUR
Galaxy Grand Prime,140 EUR
Galaxy Ace Style LTE G357,200 EUR
Galaxy Note Edge,300 EUR
Galaxy Note 4 Duos,300 EUR
Galaxy Note 4 (USA),250 EUR
Galaxy Note 4,350 EUR
Galaxy Tab Active LTE,350 EUR
Galaxy Tab Active,300 EUR
Galaxy Mega 2,340 EUR
Gear S,300 EUR
Gear 2 Neo,170 EUR
Gear 2,230 EUR
Galaxy Gear,270 EUR
Galaxy S5 LTE-A G901F,390 EUR
Galaxy Alpha (S801),450 EUR
Galaxy Alpha,390 EUR
Galaxy S5 mini Duos,250 EUR
Galaxy Avant,160 EUR
Galaxy S Duos 3,100 EUR
Guru Music 2,20 EUR
Galaxy Ace NXT,90 EUR
Galaxy Star 2 Plus,90 EUR
Galaxy S5 mini,220 EUR
Galaxy Ace 4 LTE G313,250 EUR
Galaxy Ace 4,220 EUR
Galaxy Young 2,100 EUR
Galaxy Star 2,120 EUR
Galaxy Core II,130 EUR
Galaxy S5 Sport,300 EUR
Galaxy S5 LTE-A G906S,300 EUR
Galaxy Tab S 8.4 LTE,370 EUR
Galaxy Tab S 8.4,300 EUR
Galaxy Tab S 10.5 LTE,440 EUR
Galaxy Tab S 10.5,370 EUR
Galaxy Core Lite LTE,210 EUR
I9301I Galaxy S3 Neo,270 EUR
Galaxy W,360 EUR
Galaxy S5 Active,400 EUR
Galaxy K zoom,440 EUR
Galaxy Beam2,250 EUR
I9300I Galaxy S3 Neo,300 EUR
Galaxy Ace Style,120 EUR
ATIV SE,440 EUR
Galaxy Tab 4 7.0,190 EUR
Galaxy Tab 4 7.0 3G,240 EUR
Galaxy Tab 4 7.0 LTE,280 EUR
Galaxy Tab 4 8.0,270 EUR
Galaxy Tab 4 8.0 3G,300 EUR
Galaxy Tab 4 8.0 LTE,350 EUR
Galaxy Tab 4 10.1,270 EUR
Galaxy Tab 4 10.1 3G,300 EUR
Galaxy Tab 4 10.1 LTE,310 EUR
G3812B Galaxy S3 Slim,200 EUR
I8200 Galaxy S III mini VE,180 EUR
Galaxy S5 Duos,420 EUR
Galaxy S5 (octa-core),380 EUR
Galaxy S5 (USA),480 EUR
Galaxy S5,250 EUR
Galaxy Core LTE G386W,180 EUR
Galaxy Core LTE,260 EUR
S5611,70 EUR
E1272,50 EUR
Galaxy Star Trios S5283,120 EUR
Galaxy Note 3 Neo Duos,410 EUR
Galaxy Note 3 Neo,320 EUR
Galaxy Tab 3 Lite 7.0 3G,190 EUR
Galaxy Tab 3 Lite 7.0,150 EUR
Galaxy Grand Neo,130 EUR
Galaxy Note Pro 12.2 LTE,670 EUR
Galaxy Note Pro 12.2 3G,640 EUR
Galaxy Note Pro 12.2,540 EUR
Galaxy Tab Pro 12.2 LTE,500 EUR
Galaxy Tab Pro 12.2 3G,470 EUR
Galaxy Tab Pro 12.2,420 EUR
Galaxy Tab Pro 10.1 LTE,420 EUR
Galaxy Tab Pro 10.1,360 EUR
Galaxy Tab Pro 8.4 3G/LTE,420 EUR
Galaxy Tab Pro 8.4,290 EUR
Galaxy Camera 2 GC200,330 EUR
Galaxy Core Advance,190 EUR
Galaxy S4 Active LTE-A,410 EUR
Galaxy J,450 EUR
Galaxy Win Pro G3812,170 EUR
Galaxy S Duos 2 S7582,130 EUR
Galaxy Grand 2,180 EUR
I9230 Galaxy Golden,590 EUR
C3590,70 EUR
Galaxy Express 2,210 EUR
I9506 Galaxy S4,390 EUR
Galaxy Light,180 EUR
Galaxy Round G910S,680 EUR
Galaxy Fresh S7390,120 EUR
Galaxy Core Plus,150 EUR
Galaxy Fame Lite Duos S6792L,80 EUR
Galaxy Fame Lite S6790,70 EUR
Galaxy Star Pro S7260,90 EUR
Galaxy Note 10.1 (2014),370 EUR
Galaxy Note 3,420 EUR
Ch@t 333,80 EUR
Galaxy Prevail 2,140 EUR
Gravity Q T289,120 EUR
ATIV S Neo,310 EUR
Galaxy S4 zoom,280 EUR
Galaxy Ace 3,130 EUR
I9190 Galaxy S4 mini,230 EUR
I9295 Galaxy S4 Active,310 EUR
Galaxy Tab 3 8.0,270 EUR
Galaxy Tab 3 10.1 P5220,290 EUR
Galaxy Tab 3 10.1 P5200,330 EUR
Galaxy Tab 3 10.1 P5210,260 EUR
Galaxy Exhibit T599,90 EUR
Galaxy Core I8260,160 EUR
Galaxy Tab 3 7.0 WiFi,140 EUR
Galaxy Tab 3 7.0,150 EUR
Galaxy Mega 6.3 I9200,300 EUR
Galaxy Mega 5.8 I9150,280 EUR
Galaxy Trend II Duos S7572,170 EUR
Galaxy Win I8550,170 EUR
Galaxy Pocket Neo S5310,90 EUR
Galaxy Star S5280,70 EUR
I9505 Galaxy S4,330 EUR
I9500 Galaxy S4,320 EUR
I9502 Galaxy S4,460 EUR
Galaxy S4 CDMA,440 EUR
Galaxy Note 8.0,320 EUR
Galaxy Note 8.0 Wi-Fi,280 EUR
Galaxy Y Plus S5303,120 EUR
Rex 90 S5292,80 EUR
Rex 80 S5222R,70 EUR
Rex 70 S3802,60 EUR
Rex 60 C3312R,50 EUR
Metro E2202,30 EUR
E1282T,30 EUR
E1207T,20 EUR
Galaxy Young S6310,90 EUR
Galaxy Fame S6810,120 EUR
Galaxy Express I8730,180 EUR
S7710 Galaxy Xcover 2,190 EUR
Ativ Odyssey I930,200 EUR
I9105 Galaxy S II Plus,210 EUR
Galaxy Grand I9082,180 EUR
Galaxy Grand I9080,210 EUR
Star Deluxe Duos S5292,110 EUR
Galaxy Note LTE 10.1 N8020,390 EUR
A997 Rugby III,90 EUR
Galaxy Axiom R830,150 EUR
Galaxy Stratosphere II I415,170 EUR
Galaxy Discover S730M,80 EUR
Galaxy Pop SHV-E220,110 EUR
Galaxy Premier I9260,260 EUR
Google Nexus 10 P8110,260 EUR
Ativ Tab P8510,440 EUR
Comment 2 R390C,60 EUR
I8190 Galaxy S III mini,130 EUR
Galaxy Music Duos S6012,100 EUR
Galaxy Music S6010,100 EUR
Galaxy Rugby Pro I547,150 EUR
Galaxy Express I437,160 EUR
Ch@t 357,70 EUR
I9305 Galaxy S III,320 EUR
Galaxy Victory 4G LTE L300,150 EUR
Champ Neo Duos C3262,40 EUR
Galaxy S Relay 4G T699,150 EUR
Galaxy Pocket Duos S5302,90 EUR
Galaxy Note II N7100,300 EUR
Galaxy Note II CDMA,350 EUR
Ativ S I8750,220 EUR
Galaxy Camera GC100,250 EUR
Galaxy Rush M830,100 EUR
Galaxy Stellar 4G I200,150 EUR
Galaxy Reverb M950,150 EUR
Galaxy Tab 2 7.0 I705,200 EUR
Galaxy Note 10.1 N8000,320 EUR
Galaxy Note 10.1 N8010,350 EUR
Array M390,90 EUR
Galaxy S Lightray 4G R940,100 EUR
Galaxy S Duos S7562,110 EUR
Manhattan E3300,30 EUR
E2262,50 EUR
E1260B,50 EUR
E1200 Pusha,20 EUR
E2252,30 EUR
Galaxy Chat B5330,100 EUR
U485 Intensity III,80 EUR
Galaxy I8250,150 EUR
Galaxy Ace Advance S6800,110 EUR
Galaxy Ace Duos S6802,120 EUR
Galaxy Appeal I827,120 EUR
Galaxy Tab 8.9 4G P7320T,220 EUR
C3780,70 EUR
C3782 Evan,60 EUR
Galaxy Proclaim S720C,80 EUR
Omnia M S7530,100 EUR
Focus 2 I667,110 EUR
Galaxy S III T999,310 EUR
Galaxy S III I747,300 EUR
Galaxy S III CDMA,280 EUR
I9300 Galaxy S III,190 EUR
E2350B,50 EUR
U380 Brightside,100 EUR
Galaxy Player 70 Plus,180 EUR
Galaxy Pocket plus S5301,90 EUR
Galaxy Pocket S5300,80 EUR
I8530 Galaxy Beam,240 EUR
Galaxy Tab 2 10.1 P5110,290 EUR
Galaxy Tab 2 10.1 P5100,290 EUR
Rugby Smart I847,170 EUR
W999,220 EUR
Galaxy Ace II X S7560M,150 EUR
Galaxy Ace 2 I8160,130 EUR
Galaxy mini 2 S6500,90 EUR
Galaxy Ace Duos I589,130 EUR
Galaxy Pop Plus S5570i,100 EUR
Galaxy Tab 2 7.0 P3110,150 EUR
Galaxy Tab 2 7.0 P3100,150 EUR
I9070 Galaxy S Advance,150 EUR
C3312 Duos,70 EUR
Star 3 s5220,90 EUR
Star 3 Duos S5222,90 EUR
Galaxy Nexus I9250M,240 EUR
Galaxy Attain 4G,100 EUR
Galaxy S Blaze 4G T769,140 EUR
Galaxy Tab 7.7 LTE I815,280 EUR
Galaxy Nexus LTE L700,270 EUR
Exhilarate i577,240 EUR
Galaxy S II Skyrocket HD I757,430 EUR
Galaxy Note T879,350 EUR
Galaxy Note I717,350 EUR
Galaxy M Style M340S,160 EUR
Galaxy Ace Plus S7500,120 EUR
I929 Galaxy S II Duos,190 EUR
Galaxy Y Duos S6102,80 EUR
Galaxy Y Pro Duos B5512,120 EUR
E2600,70 EUR
M370,80 EUR
R680 Repp,70 EUR
I110 Illusion,70 EUR
E1050,20 EUR
E1232B,50 EUR
E1230,20 EUR
Focus S I937,130 EUR
Focus Flash I677,80 EUR
Galaxy S II Skyrocket i727,180 EUR
C3330 Champ 2,70 EUR
Exhibit II 4G T679,100 EUR
C3350,90 EUR
C3520,50 EUR
Galaxy Nexus i515,150 EUR
Galaxy Nexus I9250,180 EUR
I9100G Galaxy S II,220 EUR
I405 Stratosphere,120 EUR
R730 Transfix,130 EUR
i927 Captivate Glide,110 EUR
DoubleTime I857,70 EUR
M930 Transform Ultra,100 EUR
P6210 Galaxy Tab 7.0 Plus,260 EUR
P6200 Galaxy Tab 7.0 Plus,260 EUR
Omnia W I8350,150 EUR
Galaxy S II HD LTE,180 EUR
Ch@t 527,90 EUR
P6810 Galaxy Tab 7.7,280 EUR
P6800 Galaxy Tab 7.7,280 EUR
Galaxy Note N7000,270 EUR
Galaxy S II I777,170 EUR
Galaxy S II X T989D,180 EUR
Galaxy S II T989,160 EUR
Galaxy S II Epic 4G Touch,130 EUR
S8600 Wave 3,150 EUR
Wave M S7250,120 EUR
Wave Y S5380,90 EUR
Galaxy S II LTE i727R,160 EUR
Galaxy S II LTE I9210,200 EUR
Galaxy Tab 8.9 LTE I957,330 EUR
Galaxy W I8150,160 EUR
Galaxy M Pro B7800,200 EUR
Galaxy Y Pro B5510,110 EUR
Galaxy Y TV S5367,180 EUR
Galaxy Y S5360,70 EUR
Galaxy Q T589R,120 EUR
S5610,80 EUR
S3770,100 EUR
S5690 Galaxy Xcover,90 EUR
Galaxy S II 4G I9100M,260 EUR
I9103 Galaxy R,200 EUR
R720 Admire,90 EUR
Convoy 2,100 EUR
Conquer 4G,90 EUR
R640 Character,130 EUR
R380 Freeform III,80 EUR
Trender,70 EUR
Gravity SMART,170 EUR
Exhibit 4G,200 EUR
E1195,20 EUR
C414,80 EUR
E1190,30 EUR
C3560,50 EUR
Dart T499,60 EUR
C3322,70 EUR
R260 Chrono,80 EUR
E2232,70 EUR
E1182,50 EUR
I9001 Galaxy S Plus,230 EUR
DuosTV I6712,200 EUR
C6712 Star II DUOS,80 EUR
Ch@t 222,40 EUR
Ch@t 220,40 EUR
M580 Replenish,80 EUR
Galaxy Prevail,90 EUR
M220L Galaxy Neo,80 EUR
Google Nexus S I9020A,270 EUR
Google Nexus S I9023,180 EUR
E2230,50 EUR
P1010 Galaxy Tab Wi-Fi,150 EUR
P7500 Galaxy Tab 10.1 3G,370 EUR
Galaxy Tab 10.1 LTE I905,290 EUR
Galaxy Tab 10.1 P7510,310 EUR
Galaxy Tab 8.9 P7300,290 EUR
Galaxy Tab 8.9 P7310,350 EUR
Google Nexus S 4G,150 EUR
M260 Factor,90 EUR
S3850 Corby II,80 EUR
Galaxy Pro B7510,120 EUR
I9100 Galaxy S II,170 EUR
E2652W Champ Duos,90 EUR
E2652 Champ Duos,70 EUR
Galaxy S WiFi 5.0,180 EUR
P7100 Galaxy Tab 10.1v,290 EUR
S5780 Wave 578,110 EUR
Ch@t 350,80 EUR
E3213 Hero,40 EUR
E3210,70 EUR
E2330,60 EUR
I9003 Galaxy SL,150 EUR
Galaxy Ace S5830I,70 EUR
Galaxy Ace S5830,90 EUR
Galaxy Fit S5670,120 EUR
Galaxy Gio S5660,110 EUR
Galaxy Mini S5570,90 EUR
Galaxy Pop i559,90 EUR
Galaxy S 4G T959,120 EUR
S5260 Star II,70 EUR
I997 Infuse 4G,130 EUR
R910 Galaxy Indulge,130 EUR
Droid Charge I510,130 EUR
Google Nexus S,170 EUR
M190S Galaxy S Hoppin,140 EUR
Ch@t 335,70 EUR
C3630,50 EUR
C3530,90 EUR
I9010 Galaxy S Giorgio Armani,280 EUR
A817 Solstice II,90 EUR
A667 Evergreen,70 EUR
E2530,70 EUR
I100 Gem,50 EUR
R710 Suede,70 EUR
U750 Zeal,100 EUR
Continuum I400,90 EUR
Ch@t 322 Wi-Fi,70 EUR
Ch@t 322,60 EUR
E1252,30 EUR
Breeze B209,20 EUR
Hero Plus B159,30 EUR
E1225 Dual Sim Shift,50 EUR
Focus,90 EUR
I8700 Omnia 7,150 EUR
S5750 Wave575,120 EUR
S8530 Wave II,120 EUR
M210S Wave2,80 EUR
Galaxy Tab T-Mobile T849,270 EUR
P1000 Galaxy Tab,150 EUR
Galaxy Tab CDMA P100,150 EUR
Galaxy Tab 4G LTE,240 EUR
T249,100 EUR
R580 Profile,90 EUR
R570 Messenger III,110 EUR
I909 Galaxy S,200 EUR
A200K Nori F,50 EUR
A220 F Nori,60 EUR
M130K Galaxy K,180 EUR
Mesmerize i500,100 EUR
M920 Transform,120 EUR
R360 Freeform II,40 EUR
Galaxy 551,90 EUR
R900 Craft,100 EUR
Xcover 271,110 EUR
C3752,100 EUR
C3750,90 EUR
S7230E Wave 723,130 EUR
M130L Galaxy U,220 EUR
E2152,60 EUR
S5530,90 EUR
U360 Gusto,80 EUR
Fascinate,120 EUR
Vibrant,150 EUR
A927 Flight II,110 EUR
T669 Gravity T,120 EUR
T479 Gravity 3,130 EUR
:) Smiley,130 EUR
C5010 Squash,80 EUR
i897 Captivate,170 EUR
B7350 Omnia PRO 4,150 EUR
B6520 Omnia PRO 5,170 EUR
U320 Haven,90 EUR
U460 Intensity II,100 EUR
M350 Seek,130 EUR
Epic 4G,200 EUR
Acclaim,170 EUR
Intercept,150 EUR
R360 Messenger Touch,90 EUR
i225 Exec,120 EUR
M570 Restore,110 EUR
R351 Freeform,110 EUR
T369,100 EUR
S5330 Wave533,150 EUR
S5250 Wave525,120 EUR
I5500 Galaxy 5,80 EUR
I5801 Galaxy Apollo,140 EUR
I5800 Galaxy 3,140 EUR
B7722,150 EUR
A847 Rugby II,100 EUR
C3300K Champ,80 EUR
W960 AMOLED 3D,220 EUR
M110S Galaxy S,220 EUR
Galaxy A,100 EUR
I9000 Galaxy S,120 EUR
S3370,90 EUR
I6500U Galaxy,310 EUR
E1170,30 EUR
Metro TV,80 EUR
Corby TV F339,100 EUR
S3650W Corby,100 EUR
W9705,70 EUR
A687 Strive,100 EUR
A697 Sunburst,120 EUR
S8500 Wave,160 EUR
I8520 Galaxy Beam,260 EUR
B3410W Ch@t,120 EUR
M3710 Corby Beat,120 EUR
E2370 Xcover,100 EUR
E2550 Monte Slider,80 EUR
C3200 Monte Bar,60 EUR
S5620 Monte,100 EUR
S5550 Shark 2,130 EUR
S3550 Shark 3,80 EUR
E1150,20 EUR
S5350 Shark,80 EUR
C6112,90 EUR
M2520 Beat Techno,90 EUR
C3510 Genoa,80 EUR
M5650 Lindy,120 EUR
S7070 Diva,150 EUR
C3730C,80 EUR
S5150 Diva folder,150 EUR
C5130,100 EUR
B5722,110 EUR
M3310L,230 EUR
M3310,230 EUR
A897 Mythic,120 EUR
S5500 Eco,150 EUR
T139,40 EUR
A797 Flight,110 EUR
B3410,80 EUR
M715 T*OMNIA II,160 EUR
A886 Forever,120 EUR
S5560 Marvel,120 EUR
S5630C,150 EUR
I5700 Galaxy Spica,160 EUR
E1390,30 EUR
E1160,30 EUR
E2130,30 EUR
E1130B,30 EUR
T401G,40 EUR
B7620 Giorgio Armani,280 EUR
T939 Behold 2,90 EUR
W880 AMOLED 12M,200 EUR
Vodafone 360 H1,130 EUR
Vodafone 360 M1,130 EUR
B5310 CorbyPRO,100 EUR
B3210 CorbyTXT,80 EUR
F480i,100 EUR
B7330 OmniaPRO,120 EUR
E1085T,30 EUR
E1080T,30 EUR
S5510,110 EUR
S5230W Star WiFi,90 EUR
S7550 Blue Earth,110 EUR
S3650 Corby,80 EUR
T659 Scarlet,50 EUR
B3310,70 EUR
C3212,100 EUR
U450 DoubleTake,50 EUR
i220 Code,70 EUR
R860 Caliber,80 EUR
R520 Trill,100 EUR
M900 Moment,120 EUR
i350 Intrepid,40 EUR
M850 Instinct HD,140 EUR
U450 Intensity,60 EUR
U960 Rogue,90 EUR
S3100,70 EUR
A887 Solstice,60 EUR
E2120,40 EUR
S5233T,60 EUR
I6220 Star TV,130 EUR
T469 Gravity 2,70 EUR
T559 Comeback,70 EUR
T746 Impact,80 EUR
S5600v Blade,200 EUR
S6700,120 EUR
C5510,90 EUR
M2510,120 EUR
M2310,60 EUR
W850,150 EUR
S8000 Jet,120 EUR
I8000 Omnia II,200 EUR
B7610 OmniaPRO,150 EUR
B7320 OmniaPRO,110 EUR
B7300 OmniaLITE,150 EUR
M8910 Pixon12,240 EUR
E1107 Crest Solar,50 EUR
M2710 Beat Twist,70 EUR
S5050,120 EUR
T349,70 EUR
S5200,100 EUR
i637 Jack,120 EUR
S3310,80 EUR
C3060R,80 EUR
A167,30 EUR
A177,60 EUR
I7500 Galaxy,140 EUR
J165,70 EUR
I6210,80 EUR
E1360,40 EUR
E1210,40 EUR
A877 Impression,110 EUR
A257 Magnet,90 EUR
Propel Pro,80 EUR
B2100 Xplorer,80 EUR
S5230 Star,70 EUR
S5600 Preston,90 EUR
i8910 Omnia HD,150 EUR
S8300 UltraTOUCH,140 EUR
M7600 Beat DJ,150 EUR
M6710 Beat DISC,220 EUR
S7350 Ultra s,100 EUR
S7220 Ultra b,90 EUR
C5220,60 EUR
S3500,60 EUR
S3110,70 EUR
P250,70 EUR
T929 Memoir,110 EUR
C3050 Stratus,60 EUR
C3010,80 EUR
C3110,70 EUR
C6625,140 EUR
E1310,40 EUR
E1120,30 EUR
E1100,50 EUR
E1070,40 EUR
E2210B,50 EUR
E1125,70 EUR
E2100B,40 EUR
B520,40 EUR
B5702,140 EUR
C5212,90 EUR
W259 Duos,80 EUR
SCH-W699,80 EUR
W299 Duos,80 EUR
S9402 Ego,690 EUR
S3030 Tobi,90 EUR
U810 Renown,90 EUR
i770 Saga,140 EUR
A867 Eternity,70 EUR
A777,70 EUR
T919 Behold,80 EUR
T459 Gravity,90 EUR
E2510,50 EUR
T219,40 EUR
E1410,60 EUR
T119,40 EUR
E1117,30 EUR
E1110,20 EUR
C6620,90 EUR
i907 Epix,90 EUR
A767 Propel,60 EUR
i7110,170 EUR
F275,110 EUR
F270 Beat,90 EUR
M8800 Pixon,140 EUR
S3600,80 EUR
M7500 Emporio Armani,130 EUR
M3200 Beat s,140 EUR
T339,80 EUR
T229,80 EUR
A637,80 EUR
A837 Rugby,130 EUR
A237,60 EUR
B320,90 EUR
M3510 Beat b,110 EUR
M200,90 EUR
P270,80 EUR
B2700,150 EUR
F268,100 EUR
T109,40 EUR
E200 ECO,60 EUR
D980,180 EUR
B510,80 EUR
E215,80 EUR
B130,30 EUR
i8510 INNOV8,200 EUR
S7330,90 EUR
i740,140 EUR
M150,90 EUR
J800 Luxe,120 EUR
M140,40 EUR
L700,120 EUR
i900 Omnia,160 EUR
U800 Soul b,100 EUR
L870,130 EUR
M620,70 EUR
B300,80 EUR
Impact,120 EUR
D780,110 EUR
F110,120 EUR
G400 Soul,120 EUR
U900 Soul,120 EUR
L810v Steel,130 EUR
F480,140 EUR
G810,110 EUR
M310,80 EUR
B200,120 EUR
B110,110 EUR
A827 Access,70 EUR
P960,150 EUR
P180,90 EUR
i200,120 EUR
F400,100 EUR
J700,60 EUR
J630,50 EUR
J210,40 EUR
J150,70 EUR
E251,90 EUR
L770,100 EUR
A746,120 EUR
A727,60 EUR
A717,80 EUR
A437,50 EUR
A127,50 EUR
A117,40 EUR
SPH-i325 Ace,110 EUR
i640,150 EUR
L320,110 EUR
L310,100 EUR
L170,80 EUR
T819,90 EUR
F490,150 EUR
G800,180 EUR
Serenata,1000 EUR
D880 Duos,150 EUR
i780,150 EUR
i560,110 EUR
i550,130 EUR
F330,110 EUR
F250,80 EUR
i450,160 EUR
Armani,290 EUR
J610,90 EUR
J400,80 EUR
J750,70 EUR
A737,80 EUR
A517,50 EUR
T639,60 EUR
T509,60 EUR
T439,70 EUR
T429,60 EUR
T409,70 EUR
T739 Katalyst,70 EUR
T729 Blast,60 EUR
T539 Beat,60 EUR
L600,100 EUR
G600,120 EUR
M610,60 EUR
M600,70 EUR
M110,80 EUR
B500,80 EUR
B100,70 EUR
J200,70 EUR
L760,100 EUR
F700,280 EUR
E950,130 EUR
F210,100 EUR
F200,100 EUR
i620,130 EUR
Z240,90 EUR
Z170,80 EUR
J600,80 EUR
i400,290 EUR
U700,130 EUR
U600,90 EUR
U300,150 EUR
U100,80 EUR
i710,110 EUR
i520,140 EUR
F510,110 EUR
E840,80 EUR
E830,110 EUR
E740,120 EUR
E590,60 EUR
E230,80 EUR
E210,90 EUR
E200,80 EUR
C520,80 EUR
C450,60 EUR
C275,50 EUR
C270,30 EUR
C260,60 EUR
C250,70 EUR
i600,220 EUR
i617 BlackJack II,100 EUR
i607 BlackJack,240 EUR
F500,190 EUR
F300,180 EUR
P930,290 EUR
E790,80 EUR
E490,130 EUR
E390,140 EUR
X550,90 EUR
X540,90 EUR
E250,90 EUR
X520,70 EUR
X530,80 EUR
M300,60 EUR
E690,100 EUR
E570,120 EUR
E420,80 EUR
X830,150 EUR
E890,110 EUR
P310,210 EUR
Z720,180 EUR
Z370,140 EUR
C170,40 EUR
C160,40 EUR
C140,70 EUR
D900i,90 EUR
D900,130 EUR
X820,110 EUR
C130,50 EUR
E900,120 EUR
i320,160 EUR
X160,50 EUR
D820,110 EUR
X810,80 EUR
X800,100 EUR
E630,80 EUR
C200,30 EUR
Galaxy A72 5G,550 EUR
Galaxy On5 (2016),220 EUR
Xperia 5 V,00
Xperia 1 V,00
Xperia 10 V,99
Xperia 5 IV,10
Xperia 1 IV,00
Xperia 10 IV,00
Xperia Pro-I,00
Xperia 10 III Lite,370 EUR
Xperia 1 III,00
Xperia 5 III,98
Xperia 10 III,00
Xperia Pro,2000 EUR
Xperia 5 II,650 EUR
Xperia 1 II,700 EUR
Xperia 10 II,700 EUR
Xperia L4,200 EUR
Xperia 5,500 EUR
Xperia 1,500 EUR
Xperia 10 Plus,560 EUR
Xperia 10,280 EUR
Xperia L3,230 EUR
Xperia XA2 Plus,240 EUR
Xperia XZ3,510 EUR
Xperia XZ2 Premium,460 EUR
Xperia XZ2,360 EUR
Xperia XZ2 Compact,430 EUR
Xperia XA2 Ultra,260 EUR
Xperia XA2,200 EUR
Xperia L2,140 EUR
Xperia XZ1,260 EUR
Xperia XA1 Plus,150 EUR
Xperia XZ1 Compact,300 EUR
Xperia L1,110 EUR
Xperia XZs,220 EUR
Xperia XZ Premium,320 EUR
Xperia XA1 Ultra,250 EUR
Xperia XA1,140 EUR
Xperia X Compact,220 EUR
Xperia XZ,230 EUR
Xperia E5,120 EUR
Xperia XA Ultra,250 EUR
Xperia X Performance,170 EUR
Xperia X,150 EUR
Xperia XA Dual,200 EUR
Xperia XA,100 EUR
Xperia Z5 Premium Dual,220 EUR
Xperia Z5 Premium,190 EUR
Xperia Z5 Dual,170 EUR
Xperia Z5,150 EUR
Xperia Z5 Compact,200 EUR
Xperia M5 Dual,110 EUR
Xperia M5,110 EUR
Xperia C5 Ultra Dual,200 EUR
Xperia C5 Ultra,200 EUR
Xperia Z3+ dual,320 EUR
Xperia Z3+,290 EUR
Xperia C4 Dual,250 EUR
Xperia C4,220 EUR
Xperia M4 Aqua Dual,200 EUR
Xperia M4 Aqua,190 EUR
Xperia Z4 Tablet WiFi,400 EUR
Xperia Z4 Tablet LTE,500 EUR
Xperia E4g,130 EUR
Xperia E4g Dual,150 EUR
Xperia E4 Dual,120 EUR
Xperia E4,120 EUR
Xperia E3 Dual,190 EUR
Xperia E3,170 EUR
Xperia Z3 Tablet Compact,380 EUR
Xperia Z3 Dual,400 EUR
Xperia Z3v,370 EUR
Xperia Z3,180 EUR
Xperia M2 Aqua,200 EUR
Xperia Z3 Compact,300 EUR
Xperia C3 Dual,250 EUR
Xperia C3,190 EUR
Xperia Z2a,250 EUR
Xperia T3,200 EUR
SmartWatch 3 SWR50,160 EUR
SmartWatch 2 SW2,80 EUR
Xperia M2,170 EUR
Xperia M2 dual,180 EUR
Xperia Z2 Tablet LTE,350 EUR
Xperia Z2 Tablet Wi-Fi,380 EUR
Xperia Z2,260 EUR
Xperia E1 dual,120 EUR
Xperia E1,140 EUR
Xperia T2 Ultra dual,280 EUR
Xperia T2 Ultra,230 EUR
Xperia Z1s,260 EUR
Xperia Z1 Compact,320 EUR
Xperia Z1,330 EUR
Xperia Z Ultra,280 EUR
Xperia C,220 EUR
Xperia M,130 EUR
Xperia ZR,230 EUR
Xperia L,130 EUR
Xperia SP,180 EUR
Xperia Tablet Z Wi-Fi,300 EUR
Xperia Tablet Z LTE,350 EUR
Xperia Z,270 EUR
Xperia ZL,260 EUR
Xperia E dual,100 EUR
Xperia E,80 EUR
Xperia T LTE,350 EUR
Xperia Tablet S 3G,260 EUR
Xperia Tablet S,190 EUR
Xperia V,230 EUR
Xperia J,140 EUR
Xperia TX,330 EUR
Xperia T,230 EUR
Xperia SL,240 EUR
Xperia tipo dual,90 EUR
Xperia tipo,80 EUR
Xperia miro,150 EUR
Xperia go,160 EUR
Xperia acro S,230 EUR
Xperia SX SO-05D,220 EUR
Xperia GX SO-04D,290 EUR
Xperia acro HD SO-03D,290 EUR
Xperia acro HD SOI12,280 EUR
Xperia neo L,150 EUR
Xperia sola,120 EUR
Xperia U,140 EUR
Xperia P,210 EUR
Xperia S,230 EUR
Xperia ion HSPA,250 EUR
Xperia ion LTE,210 EUR
Tablet P,210 EUR
Tablet P 3G,180 EUR
Tablet S 3G,260 EUR
Tablet S,180 EUR
Xperia E1 II,180 EUR
D 2403,200 EUR
Redmi Note 13 Pro 4G,00
Redmi Note 13 4G,00
Redmi Note 13 Pro+,757
Redmi Note 13 Pro,990
Redmi Note 13,999
Poco X6 Pro,00
Poco X6,849
Poco M6 Pro,00
Poco M6,160
Redmi 13R,130 EUR
Redmi 13C 5G,999
Redmi K70 Pro,430 EUR
Redmi K70,320 EUR
Redmi K70E,260 EUR
Redmi Watch 4,70 EUR
Redmi Note 13R Pro,260 EUR
Redmi 13C,999
Poco C65,878
14 Pro,650 EUR
14,520 EUR
13T Pro,77
13T,26
Watch 2 Pro,58
Redmi Note 13 (China),250 EUR
Redmi Pad SE,200 EUR
Redmi K60 Ultra,330 EUR
Mix Fold 3,1150 EUR
Pad 6 Max 14,450 EUR
Poco M6 Pro 5G,949
Redmi Watch 3 Active,50 EUR
Redmi 12 5G,499
Redmi Note 12R,150 EUR
Redmi Note 12R Pro,220 EUR
Redmi 12,499
Redmi Note 12T Pro,340 EUR
Civi 3,330 EUR
Poco F5 Pro,00
Poco F5,999
13 Ultra,50
Pad 6 Pro,330 EUR
Pad 6,400 EUR
Poco C51,499
Redmi Note 12S,00
Redmi Note 12 Pro 4G,00
Redmi Note 12 Turbo,270 EUR
Redmi A2+,499
Redmi A2,259
Redmi Note 12 4G,479
13 Pro,90
13,71
13 Lite,00
Poco C55,299
Poco X5 Pro,999
Poco X5,93
Redmi Note 12,999
Poco C50,80 EUR
Redmi Note 12 Pro Speed,230 EUR
Redmi K60 Pro,460 EUR
Redmi K60E,300 EUR
Redmi K60,350 EUR
Redmi Watch 3,120 EUR
Watch S2,150 EUR
Redmi 12C,799
Redmi Note 12 Discovery,380 EUR
Redmi Note 12 Pro+,795
Redmi Note 12 Pro,999
Redmi Note 12 (China),190 EUR
12T Pro,33
12T,00
Redmi Pad,250 EUR
Redmi Note 11R,160 EUR
Redmi A1+,999
Civi 2,350 EUR
Redmi 11 Prime,160 EUR
Redmi 11 Prime 5G,180 EUR
Redmi A1,290
Poco M5s,94
Poco M5,99
Poco M5 (India),160 EUR
Redmi Note 11 SE (India),300 EUR
Poco M4 5G,64
Watch S1 Pro,220 EUR
Redmi K50 Ultra,430 EUR
Mix Fold 2,1300 EUR
Pad 5 Pro 12.4,400 EUR
Redmi K50i,999
12 Lite,00
12S Ultra,04
12S Pro,670 EUR
12S,570 EUR
12 Pro (Dimensity),570 EUR
Poco F4,998
Poco X4 GT,00
Poco C40,14
Redmi Note 11T Pro+,300 EUR
Redmi Note 11T Pro,250 EUR
Redmi Note 11SE,150 EUR
Redmi 10 Prime 2022,160 EUR
Poco M4 5G (India),190 EUR
Poco F4 GT,99
Poco Watch,90 EUR
Civi 1S,330 EUR
Redmi 10 Power,180 EUR
Black Shark 5 Pro,720 EUR
Black Shark 5,600 EUR
Black Shark 5 RS,470 EUR
Redmi 10A,92
Redmi Note 11S 5G,12
Redmi 10 5G,39
Redmi Note 11 Pro+ 5G,37
Redmi K50 Pro,410 EUR
Redmi K50,480 EUR
Redmi K40S,260 EUR
12 Pro,999
12,00
12X,96
Watch S1 Active,80 EUR
Redmi 10 (India),130 EUR
Redmi 10C,79
Redmi Note 11 Pro+ 5G (India),250 EUR
Redmi Note 11E Pro,240 EUR
Redmi Note 11E,170 EUR
Poco X4 Pro 5G,990
Poco M4 Pro,64
Redmi K50 Gaming,460 EUR
Redmi 10 2022,49
Redmi Note 11 Pro 5G,99
Redmi Note 11 Pro,01
Redmi Note 11S,38
Redmi Note 11,999
11i HyperCharge 5G,300 EUR
11i,990
Watch S1,270 EUR
Redmi Note 11T 5G,999
Redmi Note 11 4G,00
Poco M4 Pro 5G,199
Redmi Note 11 Pro (China),220 EUR
Redmi Note 11 (China),140 EUR
Redmi Watch 2 Lite,50 EUR
Redmi Watch 2,60 EUR
Black Shark 4S Pro,650 EUR
Black Shark 4S,360 EUR
Redmi Note 10 Lite,200 EUR
Civi,350 EUR
Watch Color 2,140 EUR
Redmi 9i Sport,100 EUR
Redmi 9A Sport,100 EUR
Poco C31,90 EUR
Redmi 9 Activ,110 EUR
11T Pro,999
11T,49
11 Lite 5G NE,999
Redmi 10 Prime,140 EUR
Redmi 10,290
Pad 5 Pro,330 EUR
Pad 5,350 EUR
Mix 4,660 EUR
Poco X3 GT,99
Poco F3 GT,985
Redmi Note 10T 5G,170 EUR
Mi Watch Revolve Active,100 EUR
Redmi Note 10 Pro (China),200 EUR
Redmi Note 8 2021,160 EUR
Poco M3 Pro 5G,999
Redmi K40 Gaming,260 EUR
Mi 11X Pro,499
Mi 11X,199
Poco M2 Reloaded,100 EUR
Mi Mix Fold,1300 EUR
Mi 11 Ultra,1500 EUR
Mi 11 Pro,00
Mi 11i,41
Mi 11 Lite 5G,00
Mi 11 Lite,790
Black Shark 4 Pro,500 EUR
Black Shark 4,930 EUR
Poco X3 Pro,764
Poco F3,00
Mi 10S,430 EUR
Redmi Note 10 Pro,785
Redmi Note 10 5G,00
Redmi Note 10S,335
Redmi Note 10,480
Redmi Note 10 Pro Max,220 EUR
Redmi Note 10 Pro (India),180 EUR
Redmi K40 Pro+,470 EUR
Redmi K40 Pro,360 EUR
Redmi K40,280 EUR
Redmi Note 9T,99
Redmi 9T,19
Mi 10i 5G,250 EUR
Mi 11,99
Redmi 9 Power,120 EUR
Mi Watch Lite,70 EUR
Redmi Note 9 Pro 5G,370 EUR
Redmi Note 9 5G,170 EUR
Redmi Note 9 4G,130 EUR
Redmi Watch,30 EUR
Poco M3,799
Redmi K30S,330 EUR
Mi Watch Color Sports,90 EUR
Poco C3,900
Mi 10T Pro 5G,00
Mi 10T 5G,299
Mi 10T Lite 5G,190 EUR
Mi Watch,100 EUR
Mi Watch Revolve,120 EUR
Redmi 9AT,80 EUR
Redmi 9i,100 EUR
Poco M2,996
Poco X3,999
Poco X3 NFC,31
Redmi 9 (India),110 EUR
Mi 10 Ultra,650 EUR
Redmi K30 Ultra,250 EUR
Redmi 9 Prime,725
Black Shark 3S,600 EUR
Poco M2 Pro,170 EUR
Redmi 9A,550
Redmi 9C NFC,100 EUR
Redmi 9C,00
Redmi 9,200
Redmi 10X Pro 5G,290 EUR
Redmi 10X 5G,200 EUR
Redmi 10X 4G,130 EUR
Redmi K30i 5G,250 EUR
Poco F2 Pro,87
Redmi K30 5G Racing,260 EUR
Redmi Note 9 Pro,94
Redmi Note 9,977
Mi Note 10 Lite,99
Mi 10 Youth 5G,270 EUR
Mi 10 Lite 5G,130 EUR
Redmi K30 Pro Zoom,500 EUR
Redmi K30 Pro,390 EUR
Redmi Note 9S,72
Redmi Note 9 Pro Max,180 EUR
Redmi Note 9 Pro (India),280 EUR
Black Shark 3 Pro,940 EUR
Black Shark 3,390 EUR
Mi 10 Pro 5G,930 EUR
Mi 10 5G,00
Redmi 8A Pro,90 EUR
Redmi 8A Dual,110 EUR
Poco X2,999
Redmi K30,210 EUR
Redmi K30 5G,260 EUR
Redmi Note 8T,250 EUR
Mi Note 10 Pro,480 EUR
Mi Note 10,380 EUR
Mi CC9 Pro,400 EUR
Watch Color,100 EUR
Mi Watch (China),150 EUR
Redmi 8,210 EUR
Redmi 8A,120 EUR
Mi Mix Alpha,2500 EUR
Mi 9 Pro 5G,600 EUR
Mi 9 Pro,500 EUR
Redmi K20 Pro Premium,450 EUR
Mi 9 Lite,320 EUR
Redmi Note 8 Pro,220 EUR
Black Shark 2 Pro,550 EUR
Mi A3,230 EUR
Redmi 7A,130 EUR
Mi CC9e,170 EUR
Mi CC9,260 EUR
Redmi Note 8,220 EUR
Mi 9T Pro,57
Mi 9T,460 EUR
Redmi K20,260 EUR
Redmi K20 Pro,400 EUR
Redmi Note 7S,140 EUR
Black Shark 2,400 EUR
Redmi 7,150 EUR
Redmi Note 7 Pro,260 EUR
Mi Mix 3 5G,410 EUR
Mi 9 Explorer,530 EUR
Mi 9 SE,460 EUR
Mi 9,590 EUR
Redmi Go,100 EUR
Redmi Note 7,170 EUR
Mi Play,170 EUR
Black Shark Helo,450 EUR
Mi Mix 3,730 EUR
Redmi Note 6 Pro,200 EUR
Mi 8 Pro,510 EUR
Mi 8 Lite,360 EUR
Pocophone F1,360 EUR
Mi A2 (Mi 6X),270 EUR
Mi A2 Lite (Redmi 6 Pro),380 EUR
Mi Max 3,310 EUR
Mi Pad 4 Plus,260 EUR
Mi Pad 4,160 EUR
Redmi 6,130 EUR
Redmi 6A,110 EUR
Mi 8 Explorer,400 EUR
Mi 8,430 EUR
Mi 8 SE,260 EUR
Redmi S2 (Redmi Y2),160 EUR
Mi Mix 2S,270 EUR
Redmi Note 5 AI Dual Camera,180 EUR
Redmi Note 5 Pro,180 EUR
Black Shark,400 EUR
Redmi 5 Plus (Redmi Note 5),180 EUR
Redmi 5,160 EUR
Redmi 5A,100 EUR
Redmi Y1 (Note 5A),140 EUR
Redmi Y1 Lite,90 EUR
Mi Note 3,280 EUR
Mi Mix 2,410 EUR
Mi A1 (Mi 5X),170 EUR
Mi Max 2,200 EUR
Redmi 4 (4X),110 EUR
Mi 6,330 EUR
Mi Pad 3,290 EUR
Mi 5c,150 EUR
Redmi Note 4X,130 EUR
Redmi Note 4,150 EUR
Redmi 4A,110 EUR
Redmi 4 (China),130 EUR
Redmi 4 Prime,160 EUR
Mi Mix,390 EUR
Mi Note 2,310 EUR
Mi 5s Plus,310 EUR
Mi 5s,250 EUR
Redmi Note 4 (MediaTek),170 EUR
Redmi Pro,170 EUR
Redmi 3x,170 EUR
Redmi 3s Prime,150 EUR
Redmi 3s,120 EUR
Redmi 3 Pro,130 EUR
Mi Max,150 EUR
Mi 5,240 EUR
Mi 4s,220 EUR
Redmi Note 3,160 EUR
Redmi 3,160 EUR
Redmi Note Prime,140 EUR
Mi Pad 2,180 EUR
Redmi Note 3 (MediaTek),180 EUR
Mi 4c,210 EUR
Redmi Note 2,160 EUR
Redmi 2 Pro,100 EUR
Redmi 2 Prime,120 EUR
Mi 4i,260 EUR
Mi Note Pro,250 EUR
Mi Note,190 EUR
Redmi 2A,130 EUR
Redmi 2,130 EUR
Mi 4 LTE,230 EUR
Redmi Note 4G,160 EUR
Mi 4,230 EUR
Mi Pad 7.9,240 EUR
Redmi Note,120 EUR
Mi 3,200 EUR
Redmi 1S,90 EUR
Redmi,100 EUR
Mi 2S,250 EUR
Mi 2,250 EUR
Mi 1S,190 EUR
Redmi 11,170 EUR
Redmi 20X,130 EUR
Mi 10 Lite Zoom,270 EUR
Mi Max 4 Pro,350 EUR
Mi Max 4,300 EUR
nubia Z60 Ultra,680 EUR
nubia Red Magic 9 Pro+,710 EUR
nubia Red Magic 9 Pro,650 EUR
Blade V50 Design 4G,120 EUR
Blade V50 Vita,11
Blade V50,99
Blade V50 Design,200 EUR
Blade A54,90 EUR
Blade A73,99
Blade A73 5G,99
nubia Neo,180 EUR
nubia Z50S Pro,00
nubia Red Magic Tablet,500 EUR
nubia Red Magic 8S Pro+,700 EUR
nubia Red Magic 8S Pro,650 EUR
Blade A72s,120 EUR
Axon Pad,460 EUR
nubia Z50 Ultra,540 EUR
nubia Pad 3D,1300 EUR
Blade V40 Design,200 EUR
nubia Red Magic 8 Pro+,700 EUR
nubia Red Magic 8 Pro,680 EUR
nubia Z50,400 EUR
Blade V41 Vita,300 EUR
Voyage 40 Pro+,300 EUR
Axon 40 Ultra Space Edition,800 EUR
Axon 40 SE,300 EUR
Blade V40s,170 EUR
Axon 30S,250 EUR
nubia Z40S Pro,490 EUR
nubia Red Magic 7S Pro,780 EUR
nubia Red Magic 7S,590 EUR
Blade V40 Pro,350 EUR
Blade A72 5G,160 EUR
Blade A72,110 EUR
Blade A52,90 EUR
Axon 40 Pro,410 EUR
Axon 40 Ultra,00
nubia Z40 Pro,500 EUR
Blade V40 Vita,130 EUR
nubia Red Magic 7 Pro,800 EUR
nubia Red Magic 7,630 EUR
Blade A3 Plus,70 EUR
Blade A7P,110 EUR
Voyage 20 Pro,310 EUR
Avid 589,60 EUR
Blade A71,90 EUR
Blade A31 Lite,80 EUR
Blade L9,70 EUR
nubia Red Magic 6s Pro,600 EUR
nubia Red Magic 6s,500 EUR
Axon 30 5G,500 EUR
Blade V30,200 EUR
nubia Red Magic 6R,500 EUR
nubia Z30 Pro,640 EUR
Blade 11 Prime,160 EUR
Axon 30 Ultra 5G,550 EUR
Axon 30 Pro 5G,400 EUR
S30 Pro,390 EUR
S30,290 EUR
S30 SE,220 EUR
nubia Red Magic 6 Pro,960 EUR
nubia Red Magic 6,00
Watch GT,80 EUR
Red Magic Watch,100 EUR
Link II,40 EUR
Blade X1 5G,320 EUR
Blade 20 Pro 5G,350 EUR
Cymbal U,70 EUR
Blade V2020 5G,180 EUR
Watch Live,30 EUR
Blade A7s 2020,120 EUR
Blade 20 5G,220 EUR
Blade A3Y,50 EUR
Blade A5 2020,120 EUR
Axon 20 5G Extreme,440 EUR
Axon 20 5G,720 EUR
Axon 20 4G,370 EUR
Quest 5,80 EUR
Gabb Z2,140 EUR
nubia Watch,220 EUR
nubia Red Magic 5S,540 EUR
Avid 579,20 EUR
nubia Red Magic 5G Lite,600 EUR
Axon 11 SE 5G,250 EUR
Blade A3 Joy,50 EUR
Blade A3 Prime,50 EUR
nubia Play,310 EUR
Axon 11 4G,280 EUR
Axon 11 5G,490 EUR
nubia Red Magic 5G,00
Cymbal 2,60 EUR
Blade Max View,90 EUR
Blade A7 Prime,90 EUR
Blade 10 Prime,160 EUR
Blade Vantage 2,50 EUR
Blade 20,130 EUR
nubia Red Magic 3s,820 EUR
nubia Z20,550 EUR
Blade A5 (2019),80 EUR
Blade A3 (2019),60 EUR
Blade L8,60 EUR
nubia Red Magic 3,500 EUR
Avid 559,40 EUR
nubia Alpha,450 EUR
Axon 10 Pro 5G,900 EUR
Axon 10 Pro,470 EUR
nubia Red Magic Mars,420 EUR
nubia X,450 EUR
nubia Z18,400 EUR
Axon 9 Pro,650 EUR
nubia Red Magic,400 EUR
Blade A7 Vita,150 EUR
Blade A7,80 EUR
nubia Z18 mini,260 EUR
nubia V18,200 EUR
nubia N3,300 EUR
Blade V9 Vita,120 EUR
Blade V9,150 EUR
Tempo Go,80 EUR
Blade A3,150 EUR
Blade A6,190 EUR
Maven 2,80 EUR
Blade X,100 EUR
Axon M,400 EUR
nubia Z17s,360 EUR
nubia Z17 miniS,200 EUR
nubia Z17 lite,250 EUR
Blade Z Max,110 EUR
Blade Force,110 EUR
Tempo X,70 EUR
Blade A601,80 EUR
Grand X View 2,160 EUR
Blade V7 Plus,180 EUR
Quartz,200 EUR
nubia N2,260 EUR
nubia M2,300 EUR
nubia M2 lite,120 EUR
nubia M2 Play,230 EUR
nubia Z17,300 EUR
Axon 7s,450 EUR
Max XL,120 EUR
nubia Z17 mini,170 EUR
Blade A520,80 EUR
nubia N1 lite,130 EUR
Blade V8 Mini,160 EUR
Blade V8 Lite,150 EUR
Blade A2 Plus,150 EUR
Hawkeye,190 EUR
Blade V8 Pro,200 EUR
Blade V8,250 EUR
Axon 7 Max,350 EUR
Grand X4,200 EUR
Blade V7 Max,280 EUR
nubia Z11 mini S,220 EUR
Axon 7 mini,220 EUR
Warp 7,110 EUR
Zmax Pro,110 EUR
nubia N1,230 EUR
nubia Z11 Max,200 EUR
Axon 7,240 EUR
nubia Z11,280 EUR
Blade L110 (A110),70 EUR
Grand X Max 2,210 EUR
nubia Z11 mini,160 EUR
Blade L5 Plus,90 EUR
Blade V Plus,200 EUR
Blade A610,130 EUR
Blade A512,120 EUR
Blade V7,150 EUR
Blade A910,140 EUR
Blade A2,130 EUR
Blade V7 Lite,120 EUR
nubia Prague S,250 EUR
Grand X 3,120 EUR
Avid Plus,110 EUR
Blade X9,170 EUR
Axon,290 EUR
Blade S7,280 EUR
Axon mini,300 EUR
Zmax 2,130 EUR
Axon Elite,250 EUR
nubia My Prague,290 EUR
Axon Lux,300 EUR
Boost Max+,180 EUR
Blade A460,100 EUR
Blade D6,100 EUR
Axon Pro,290 EUR
Blade A410,100 EUR
Obsidian,130 EUR
Grand X2,130 EUR
Sonata 2,100 EUR
Blade Apex 3,110 EUR
Maven,50 EUR
Blade Q Pro,100 EUR
Blade Qlux 4G,70 EUR
nubia Z9,350 EUR
Blade S6 Plus,280 EUR
nubia Z9 Max,200 EUR
nubia Z9 mini,170 EUR
Grand S3,300 EUR
Blade L3 Plus,100 EUR
Blade L3,80 EUR
Blade G Lux,100 EUR
Blade G,70 EUR
V5 Lux,210 EUR
Blade S6,220 EUR
Star 2,330 EUR
Speed,80 EUR
Grand S II,180 EUR
Zmax,200 EUR
Blade Vec 4G,180 EUR
Blade Vec 3G,170 EUR
Kis 3 Max,120 EUR
nubia Z5S mini NX405H,210 EUR
nubia Z7,250 EUR
nubia Z7 Max,240 EUR
nubia Z7 mini,180 EUR
Blade L2,130 EUR
Kis 3,60 EUR
Blade G2,100 EUR
Star 1,200 EUR
nubia X6,350 EUR
Open C,70 EUR
Grand S II S291,250 EUR
nubia Z5S,290 EUR
nubia Z5S mini NX403A,230 EUR
Grand S Flex,310 EUR
Warp 4G,150 EUR
Blade G V880G,280 EUR
Reef,110 EUR
Imperial,230 EUR
Vital N9810,270 EUR
Grand X Pro,110 EUR
Grand X Quad V987,200 EUR
Blade III Pro,150 EUR
Grand Memo V9815,340 EUR
Blade C V807,130 EUR
Director,150 EUR
Grand S,430 EUR
Avid 4G,110 EUR
V889M,100 EUR
Kis III V790,100 EUR
Groove X501,100 EUR
nubia Z5,520 EUR
Flash,360 EUR
Grand Era U895,380 EUR
Blade III,190 EUR
Grand X IN,430 EUR
Grand X LTE T82,340 EUR
Grand X V970,230 EUR
Orbit,230 EUR
Kis V788,160 EUR
V880E,180 EUR
Blade II V880+,230 EUR
Optik,230 EUR
Light Tab 2 V9A,250 EUR
Chorus,80 EUR
Tania,210 EUR
Score,90 EUR
Avail,330 EUR
V9,170 EUR
Skate,250 EUR
V821,220 EUR
Racer II,200 EUR
Libra,190 EUR
Blade,170 EUR
F107,60 EUR
Racer,180 EUR
